অভ্যর্থনাকারী	obhyorthonakari	ovvorthonakari	obhyarthonakari	obhyortho-nakari	obhyarthanakari
অভ্যন্তরস্থ	obhyontorostho	ovvontorostho	obhyantorostho	obhyontoro-stho	obhyantarastha
অভ্যুদ্ভূত	obhyudbhuto	ovvudbhuto	obhyudvuto	obhyud-bhuto	abhyudbhuta
অধঃপতন	odhopoton	adhahpoton	odho-poton	odhopaton	adhahpatana
অধীনস্থ	odhinstho	odhinastho	odhin-stho	odhinstho	adhinasta
অধিষ্ঠিত	odhishthito	adhishthito	odhisthito	odhish-thito	adhishthita
অনিবার্য	onibarjo	anibarjo	onibaryo	onibarjyo	anibarya
অনির্বাণ	onirban	anirban	onirbaan	onir-baan	anirbana
অনুগ্রহপূর্বক	onugrohopurbok	anugrahapurbak	onugroho-purbok	anugrahopurbaka	onugrohopurboK
অনুধাবনযোগ্য	onudhabonjoggo	anudhabon-joggo	onudhabonyoggo	anudhabanayogya	onudhabonjoggo
অনুস্বারযুক্ত	onushsharjukto	onuswarjukto	onushshar-jukto	anuswarayukta	onuswarjukto
অন্তরীক্ষযান	ontorikkhojan	antorikkhojan	ontorikkho-jan	antarikshayan	ontorikkhojan
অন্তর্নিহিত	ontornnihito	ontornhito	antornhito	ontor-nihito	antarnhita
অন্তর্বিষয়ক	ontorbishoyok	ontorbishayok	antarbishayok	ontor-bishoyok	antarvishayak
অন্তঃসারশূন্য	ontosarshunno	ontohsarshunno	antosarshunno	onto-sar-shunno	antahsarasunya
অপ্রতিদ্বন্দ্বিতা	oprotidwondita	apratidwondita	oproti-dwondita	apratidvandwita	aprotidwondita
অপ্রতিরোধ্য	oprotiroddho	apratirodhyo	oprotirodhdho	oproti-rodhdho	apratirodhya
অবকেন্দ্রিক	obokendrik	abakendrik	obo-kendrik	abakendrika	obokendrik
অবিচ্ছেদ্যতা	obichchhedyota	obicchedyota	obichchhed-jota	abichchhedyata	obichchhedyota
অবজ্ঞাসূচক	oboggasuchok	oboggyasuchok	obojnasuchok	obogga-suchok	abajnyasuchaka
অবনতিশীল	obonotishil	abanotishil	obonoti-shil	abanatishil	obonotishil
অবর্ণনীয়	obornoniyo	abornoniyo	obornonio	obornoniya	abarnaniya
অভিভাবকত্ব	obhibhabokotto	obhibhaboktotto	abhivabakatwa	obhibhabok-totto	abhivabakatwa
অভিশংসন	obhishongshon	obhishonshon	abhishongshon	obhishong-shon	abhishamsana
অমূল্যায়ন	omullayon	amulyayon	omulloyon	omullya-yon	amulyayana
অমৃত্যুঞ্জয়	omrittyunjoy	omrityunjoy	amrityunjoy	omrittu-njoy	amrityunjaya
অশ্বারোহী	oshsharohi	aswarohi	oshwarohi	oshsho-rohi	aswarohi
অষ্টপ্রহর	oshtoprohor	ashtoprohor	oshto-prohor	ashtaprahar	oshtoprohor
আকাঙ্ক্ষাপূরণ	akankkhapuron	akangkshapuron	akanksha-puron	akankkha-puron	akankshapuran
আত্মপ্রকাশ	attoprokash	atmoprokash	atto-prokash	atmaprakash	attoprokash
আত্মরক্ষামূলক	attorokkhamulok	atmarakshamulok	atto-rokkha-mulok	atmarakshamulaka	attorokkhamulok
আত্মসচেতনতা	attosochetonota	atmasachetanata	atto-sochetonota	atmasachetanata	attosochetonota
আত্মসম্মানবোধ	attoshommanbodh	atmasammanbodh	atto-shomman-bodh	atmasammanabodh	attoshommanbodh
আধ্যাত্মিকতা	addhattikota	adhyatmikota	addhatmikota	addhatto-mikota	adhyatmikata
আয়ত্তকরণ	ayottokoron	ayattokoron	ayotto-koron	ayattakaran	ayottokoron
আলিঙ্গনাবদ্ধ	alinggonaboddho	alinganabaddho	alinggono-boddho	alinganabaddha	alinggonaboddho
ইচ্ছাশক্তি	icchashokti	ichchhashokti	iccha-shokti	ichhashakti	ichchhashokti
ইন্দ্রিয়সংবেদন	indriyosongbedon	indriyosangbedon	indriyo-songbedon	indriyasangbedan	indriyosongbedon
উচ্ছৃঙ্খলতা	ucchhrinkholota	uchchhrinkholota	ucchringkholota	ucchhrinkholo-ta	uchchhrinkhalata
উদ্ভিদবিজ্ঞান	udbhidhbiggan	udbhidbiggan	udbhido-biggan	udbhida-bigyan	udbhidhbiggan
উদ্বায়ীতা	udbayita	udvayita	udbayi-ta	udvayita	udbayitA
উদ্বৃত্তাংশ	udbrittangsho	udvrittansho	udbritto-angsho	udvrittansha	udbrittangsho
উপযোগিতাবাদ	upojogitabAd	upayogitabAd	upojogita-bad	upayogitabad	upojogitabAd
উপস্থাপনাপর্ব	uposthaponaporbo	upasthapanaparba	uposthapona-porbo	upasthapanaparba	uposthaponaporbo
ঊর্ধ্বাধর	urdhwadhor	urdhwadhar	urdho-dhor	urdhwadhara	urdhwadhor
ঋজুতাপূর্ণ	rijutapurno	rijutapurna	riju-ta-purno	rijutapurNa	rijutapurno
একীভূতকরণ	ekibhutokoron	ekibhutkoron	ekibhooto-koron	ekibhutakaran	ekibhutokoron
ঐক্যসংহতি	oikkoshonghoti	oikyosonghoti	oikko-songhoti	aikyasamhati	oikkoshonghoti
ঔপনিবেশিক	ouponibeshik	aupanibeshik	oupo-nibeshik	aupanibeshika	ouponibeshik
কক্ষপথচ্যুত	kokkhopothchyuto	kakkhopothchyuto	kokkho-poth-chyuto	kakshapathchyuta	kokkhopothchyuto
কণ্ঠস্বরনিয়ন্ত্রণ	konthosshorniyontron	konthosworniyontron	kontho-swor-niyontron	kanthaswaraniyantran	konthosworniyontron
কর্তৃত্ববাদ	kortittobad	korttritwobad	kortitto-bad	kartritwabad	kortittobad
কল্পনাশক্তি	kolponashokti	kalponashokti	kolpona-shokti	kalpanashakti	kolponashokti
কৃষ্ণপক্ষীয়	krishnopokkhiYo	krishnapakshiyo	krishno-pokkhiYo	krishnapakshiya	krishnopokkhiYo
কেন্দ্রস্থাপন	kendrosthapon	kendrasthapon	kendro-sthapon	kendrasthapan	kendrosthapon
ক্ষতচিহ্ন	khotochihno	kshatachihno	khoto-chihno	kshatachinha	khotochihno
ক্ষতিগ্রস্ততা	khotigrostota	kshatigrastota	khoti-grostota	kshatigrastata	khotigrostota
ক্ষুদ্রায়ন	khudrayan	kshudrayan	khudro-yan	kshudrayana	khudrayan
ক্ষমতাচ্যুতি	khomotachyuti	kshamatachyuti	khomota-chyuti	kshamatachyuti	khomotachyuti
খ্যাতিমান	khyatiman	khyatimAn	khyati-man	khyatimaan	khyatiman
খ্রিস্টধর্মাবলম্বী	khristodhormabolombi	khristodharmabolombi	khristo-dhormo-bolombi	khristadharmabalambi	khristodhormabolombi
গণতান্ত্রিকতা	gonotantrikota	ganatantrikota	gono-tantrikota	ganatantrikata	gonotantrikota
গণ্যমান্যব্যক্তি	gonyomannyobekti	ganyamanyabyakti	gonyo-mannyo-bekti	ganyamanyabyakti	gonyomannyobekti
গভীরতানির্ণয়	gobhirotanirnoy	gobhiratanirnoy	gobhirota-nirnoy	gabhiratanirnaya	gobhirotanirnoy
গর্ভজাতশিশু	gorbhojatoshishu	garbhajatoshishu	gorbho-jato-shishu	garbhajatashishu	gorbhojatoshishu
গ্রন্থপঞ্জিভুক্ত	gronthoponjibhukto	granthaponjibhukto	grontho-ponji-bhukto	granthaponjibhukta	gronthoponjibhukto
গ্রাহকসংশ্লিষ্ট	grahokshongshlishto	grahakasangshlishto	grahok-shongshlishto	grahakasangshlishta	grahokshongshlishto
ঘনত্বনির্ভর	ghonottonirvor	ghanatwanirbhar	ghonotto-nirvor	ghanatwanirbhar	ghonottonirvor
ঘূর্ণিঝড়প্রবণ	ghurnijhorprobOn	ghurnijhorprabon	ghurnijhor-probon	ghurnijharaprabon	ghurnijhorprobOn
চক্রবৃদ্ধিহারে	chokrobriddhihare	chakrabriddhihare	chokro-briddhi-hare	chakrabriddhihare	chokrobriddhihare
চিকিৎসাপদ্ধতি	chikitsapoddhoti	chikitsapaddhoti	chikitsa-poddhoti	chikitsapaddhati	chikitsapoddhoti
চিত্রবিচিত্রতা	chitrobichitrota	chitrabichitrata	chitro-bichitrota	chitrabichitrata	chitrobichitrota
চূড়ান্তসিদ্ধান্ত	churantoshiddhanto	churantasiddhanto	churanto-shiddhanto	churantasiddhanta	churantoshiddhanto
ছদ্মপরিচয়	chhodmoporichoy	chhadmaparichoy	chhodmo-porichoy	chhadmaparichaya	chhodmoporichoy
জন্মহারনিয়ন্ত্রণ	jonmoharniyontron	janmahArniyontron	jonmo-har-niyontron	janmahArniyantran	jonmoharniyontron
জ্ঞানান্বেষণ	ggyananneshon	gyananbeshon	ggyan-anbeshon	jnananweshan	ggyananneshon
জ্যামিতিশাস্ত্র	jyamitishastro	jyamitishastra	jyamiti-shastro	jyamitishastra	jyamitishastro
ঝুঁকিপূর্ণতা	jhukipurnota	jhukipurnata	jhuki-purno-ta	jhukipurnata	jhukipurnota
তত্ত্বাবধায়ক	tottabodhayok	tattwabadhayak	tottwo-bodhayok	tattwabadhayaka	tottabodhayok
তন্ত্রসাধক	tontroshadhok	tantrasadhok	tontro-shadhok	tantrasadhaka	tontroshadhok
তথ্যপ্রমাণভিত্তিক	tothopromanbhittik	tathyapramanabhittik	tottho-promAn-bhittik	tathyapramanabhittik	tothopromanbhittik
ত্রাণসামগ্রী	tranShamagri	trAnshamagri	tran-shamagri	tranasamagri	transhamagri
ত্রিকোণাকৃতি	trikonakriti	trikonakriti	trikono-akriti	trikonakriti	trikonakriti
ত্রুটিসংশোধন	trutishongshodhon	trutisanshodhon	truti-shongshodhon	trutisansodhan	trutishongshodhon
দক্ষতাবৃদ্ধি	dokkhotabriddhi	dakshatabriddhi	dokkhota-briddhi	dakshatabriddhi	dokkhotabriddhi
দন্তচিকিৎসক	donttochikitsok	dantachikitsok	dontto-chikitsok	dantachikitsaka	donttochikitsok
দায়বদ্ধতা	dayoboddhota	dayabaddhata	dayo-boddhota	dayabaddhata	dayoboddhota
দায়িত্বশীলতা	dayittoshilota	dayitwashilata	dayitto-shilota	dayitwashilata	dayittoshilota
দুর্দশাগ্রস্ত	durdoshagrosto	durdashagrasto	durdosha-grosto	durdashagrasta	durdoshagrosto
দুর্ভাবনাগ্রস্ত	durbhabonagrosto	durbhabanagrasto	durbhabona-grosto	durbhabanagrasta	durbhabonagrosto
দুর্যোগব্যবস্থাপনা	durjogbebosthapona	duryogabyabasthapana	durjog-bebosthapona	duryogabyabasthapana	durjogbebosthapona
দৃষ্টিনন্দনতা	drishtinondonota	drishtinandana	drishti-nondonota	drishtinandanata	drishtinondonota
দ্ব্যর্থবোধকতা	dwyorthobodhOkota	dvyarthabodhakata	dwyortho-bodhokota	dvyarthabodhakata	dwyorthobodhOkota
দ্বিপক্ষীয়তা	dwipokkhiYota	dwipakshiyota	dwi-pokkhiYo-ta	dwipakshiyata	dwipokkhiYota
দ্রুততমগতি	drutotomogoti	drutatamagati	drutotomo-goti	drutatamagati	drutotomogoti
ধ্বনিপ্রতিধ্বনি	dhwoniprotidhwoni	dhwanipratidhwani	dhwoni-protidhwoni	dhwanipratidhwani	dhwoniprotidhwoni
ধর্মপ্রাণব্যক্তি	dhormopranbekti	dharmapranabyakti	dhormo-pran-bekti	dharmapranabyakti	dhormopranbekti
ধার্যযোগ্যতা	dharjojoggotA	dharyayoggyata	dharjo-joggotA	dharyayoggyata	dharjojoggotA
নক্ষত্রখচিত	nokkhotrokhochit	nakshatrakhachit	nokkhotro-khochit	nakshatrakhachita	nokkhotrokhochit
নিয়ন্ত্রণব্যবস্থা	niyontronbebostha	niyantranabyabastha	niyontron-bebostha	niyantranabyabastha	niyontronbebostha
নিরীক্ষণযোগ্য	nirikshonjoggo	nirikshanayogya	nirikshon-joggo	nirikshanayogya	nirikshonjoggo
নির্দয়নিষ্ঠুর	nirdoYonishthur	nirdayanisthur	nirdoyo-nishthur	nirdayanisthura	nirdoYonishthur
নির্বিঘ্নে	nirbighne	nirbighno	nir-bighne	nirvighne	nirbighne
নির্ভরযোগ্যতা	nirvorjoggotA	nirbharayoggyata	nirvor-joggotA	nirbharayoggyata	nirvorjoggotA
নিষ্প্রয়োজনীয়	nishproyojoniyo	nishprayojaniyo	nishproyojonio	nish-proyojoniyo	nishprayojaniya
নৃত্যনৈপুণ্য	nrityonoipunno	nrityanaipunyo	nrityo-noipunno	nrityanaipunyo	nrityonoipunno
ন্যায্যতানির্ভর	nyajjyotanirvor	nyayyyatAnirbhar	nyajjota-nirvor	nyayyyatAnirbhar	nyajjyotanirvor
পক্ষসমর্থনকারী	pokkhoshomorthonkari	pakshasamarthanakari	pokkho-shomorthon-kari	pakshasamarthanakari	pokkhoshomorthonkari
পদ্ধতিনির্ভর	poddhotinirvor	paddhatinirbhar	poddhoti-nirvor	paddhatinirbhar	poddhotinirvor
পরিণতবয়স্ক	porinotoboyoshko	parinatabayaska	porinoto-boyoshko	parinatabayaska	porinotoboyoshko
পরিচ্ছন্নতাকর্মী	poricchonnatakormi	parichchhannatakarmi	poricchonnota-kormi	parichchhannatakarmi	poricchonnatakormi
পরিপূরকব্যবস্থা	poripurokebostha	paripurakabyabastha	poripuroko-bebostha	paripurakabyabastha	poripurokebostha
পর্যায়সারণি	porjaysharoni	paryaysarani	porjay-sharoni	paryaysarani	porjaysharoni
পর্যাপ্তপরিমাণ	porjaptoporiman	paryaptapariman	porjapto-poriman	paryaptapariman	porjaptoporiman
পর্যুদস্তঅবস্থা	porjudostoobostha	paryudastabastha	porjudosto-obostha	paryudastabastha	porjudostoobostha
পুনর্গঠনপ্রক্রিয়া	punorgothonprokriya	punargathanaprakriya	punor-gothon-prokriya	punargathanaprakriya	punorgothonprokriya
পুস্তকবিষয়ক	pustokbishoyok	pustakabishayak	pustok-bishoyok	pustakabishayaka	pustokbishoyok
পূর্বনির্ধারিতভাবে	purbonirdharitovabe	purbanirdharitabhabe	purbo-nirdharito-vabe	purbanirdharitabhabe	purbonirdharitovabe
প্রকৃতপক্ষেই	prokritopokkhei	prakritapakshei	prokrito-pokkhei	prakritapakshei	prokritopokkhei
প্রতিযোগিতামূলক	protijogitamulok	pratidwogitamulak	protijogita-mulok	pratijogitamulaka	protijogitamulok
প্রতিফলনযোগ্য	protifolonjoggo	pratiphalanayogya	protifolon-joggo	pratiphalanayogya	protifolonjoggo
প্রতিবিম্বিত	protibimbitO	pratibimbita	proti-bimbito	pratibimbita	protibimbitO
প্রত্যক্ষীকরণ	prottokkhikoron	pratyakshikaran	prottokkhi-koron	pratyakshikaran	prottokkhikoron
প্রত্যুত্তরদাতা	prottyuttordata	pratyuttaradata	prottyuttor-data	pratyuttaradata	prottyuttordata
প্রদাহনাশক	prodahnakshok	pradahanshak	prodoho-nashok	pradahanshaka	prodahnakshok
প্রবাহনিয়ন্ত্রণ	probahniyontron	prabahaniyantran	proboho-niyontron	prabahaniyantran	probahniyontron
প্রবেশসংকেত	probeshshongket	prabeshsanket	probesh-shongket	prabeshsanketa	probeshshongket
প্রমাণীকরণ	promanikoron	pramanikaran	promANi-koron	pramanikaran	promanikoron
প্রশিক্ষণার্থী	proshikkhOnarthi	prashikshanarthi	proshikkhon-arthi	prashikshanarthi	proshikkhonarthi
প্রশ্নোত্তরপর্ব	proshnottorporbo	prashnottaraparba	proshnottor-porbo	prashnottaraparba	proshnottorporbo
প্রশাসনতন্ত্র	proshashontrontro	prashasanatantra	proshashon-trontro	prashasanatantra	proshashontrontro
প্রসারণযোগ্যতা	prosharonjoggotA	prasaranayoggyata	prosharon-joggotA	prasaranayoggyata	prosharonjoggotA
প্রস্তাবনাসমূহ	prostabonashomuho	prastabanasamuha	prostabona-shomuho	prastabanasamuha	prostabonashomuho
প্রাকৃতিকদুর্যোগ	prakritikdurjog	prakritikaduryog	prakritik-durjog	prakritikaduryog	prakritikdurjog
প্রাণঘাতীসংক্রমণ	pranghatishongkromon	pranghatisankraman	prano-ghati-shongkromon	pranghatisankraman	pranghatishongkromon
প্রাসঙ্গিকতাভিত্তিক	proshonggikotabhittik	prasanggikatabhittik	proshonggikota-bhittik	prasanggikatabhittik	proshonggikotabhittik
বক্তৃতাপ্রদান	boktritaprodan	baktritapradan	boktrita-prodan	baktritapradan	boktritaprodan
বক্ষব্যথাজনিত	bokkhobethajonito	bakshabyathajanita	bokkho-betha-jonito	bakshabyathajanita	bokkhobethajonito
বহির্মুখীতাবাদ	bohirrmukhitabAd	bahirmukhitabAd	bohir-mukhita-bad	bahirmukhitabad	bohirmukhitabAd
বিচক্ষণতাপূর্ণ	bichokkhonotapurno	bichakshanatapurna	bichokkhonota-purno	bichakshanatapurna	bichokkhonotapurno
বিজ্ঞাপনপ্রযুক্তি	biggaponprojukti	bigyapanaprajukti	biggapon-projukti	bigyapanaprajukti	biggaponprojukti
বিদ্যুৎবিভ্রাট	bidyutbibhraat	bidyutbivrat	bidyut-bibhrat	vidyutvibhrat	bidyutbibhraat
বিনিময়যোগ্য	binimoyjoggo	binimayayogya	binimoy-joggo	binimayayogya	binimoyjoggo
বিভ্রান্তিজনক	bibhrantijonok	bibhrantijanak	bibhranti-jonok	vibhrantijanaka	bibhrantijonok
বিরূপপ্রতিক্রিয়া	birupprotikriya	birupapratikriya	birup-protikriya	virupapratikriya	birupprotikriya
বিশেষজ্ঞমণ্ডলী	bisheshoggomondoli	bisheshagyamandali	bisheshoggo-mondoli	bisheshagyamandali	bisheshoggomondoli
বিষয়ভিত্তিকভাবে	bishoybhittikovabe	bishayabhittikabhabe	bishoy-bhittiko-vabe	bishayabhittikabhabe	bishoybhittikovabe
বিস্ময়করভাবে	bismoykorvabe	bismayakarabhabe	bismoyo-koro-vabe	bismayakarabhabe	bismoykorvabe
বৃহৎপরিসরে	brihotporishore	brihatparisare	brihoto-porishore	brihatparisare	brihotporishore
ব্যবস্থাপনাগতভাবে	bebosthaponagotovabe	byabasthapanagatabhabe	bebosthapona-goto-vabe	byabasthapanagatabhabe	bebosthaponagotovabe
ব্যর্থতাপ্রবণ	berthotaprobOn	byarthatapraban	berthota-probon	byarthatapraban	berthotaprobOn
ব্যাকরণগতভাবে	byakorongotovabe	byakaranagatabhabe	byakoron-goto-vabe	byakaranagatabhabe	byakorongotovabe
ভঙ্গুরতাপূর্ণ	bhonggurotapurno	bhanguratapurna	bhonggurota-purno	bhanguratapurna	bhonggurotapurno
ভবিষ্যদ্বাণী	bhobishshoddbani	bhavishyadbani	bhobishshot-dbani	bhavishyadbani	bhobishshoddbani
ভ্রাম্যমাণচিকিৎসা	bhramymanachikitsa	bhramyamanachikitsa	bhramymano-chikitsa	bhramyamanachikitsa	bhramymanachikitsa
মতানৈক্যপূর্ণ	motonoikkopurno	matanaikyapurna	motonoikko-purno	matanaikyapurna	motonoikkopurno
মন্ত্রিসভাসদস্য	montrishobashodoshsho	mantrisabhasadasya	montri-shobha-shodoshsho	mantrisabhasadasya	montrishobashodoshsho
মনোবিজ্ঞানভিত্তিক	monobigganbhittik	manobigyanabhittik	mono-biggan-bhittik	manobigyanabhittik	monobigganbhittik
মহাকাশযান	mohakashjan	mahakashayan	moha-kash-jan	mahakashayan	mohakashjan
মাধ্যমিকশিক্ষার্থী	maddhomikshikkharthi	madhyamikashiksharthi	maddhomik-shikkharthi	madhyamikashiksharthi	maddhomikshikkharthi
মুদ্রণপ্রযুক্তি	mudronprojukti	mudranaprajukti	mudron-projukti	mudranaprajukti	mudronprojukti
মৌলিকত্বনির্ণয়	moulikottonirnoy	maulikatwanirnoy	moulikotto-nirnoy	maulikatwanirnaya	moulikottonirnoy
যন্ত্রনির্ভরতা	jontronirvorta	yantranirbharata	jontro-nirvorota	yantranirbharata	jontronirvorta
যুগান্তকারী	jugantokari	yugantakari	juganto-kari	yugantakari	jugantokari
রক্তসঞ্চালনব্যবস্থা	roktoshonchalonbebostha	raktasanchalanabyabastha	rokto-shonchalon-bebostha	raktasanchalanabyabastha	roktoshonchalonbebostha
রাষ্ট্রব্যবস্থাপনা	rashtrbebosthapona	rashtrabyabasthapana	rashtra-bebosthapona	rashtrabyabasthapana	rashtrbebosthapona
রূপান্তরশীলতা	rupantorshilota	rupantarashilata	rupan-tor-shilota	rupantarashilata	rupantorshilota
লক্ষ্যনির্দেশনা	lokkhonirdeshona	lakshyanirdeshana	lokkho-nirdeshona	lakshyanirdeshana	lokkhonirdeshona
লব্ধজ্ঞানভিত্তিক	lobdhoggyanbhittik	labdhajnyanabhittik	lobdho-ggyan-bhittik	labdhajnyanabhittik	lobdhoggyanbhittik
লৌকিকতাবর্জিত	loukikotaborjito	laukikatabarjita	loukikota-borjito	laukikatabarjita	loukikotaborjito
শব্দপ্রক্রিয়াকরণ	shobdoprokriyakoron	shabdoprakriyakarana	shobdo-prokriya-koron	shabdoprakriyakarana	shobdoprokriyakoron
শস্যউৎপাদন	shosshoutpadon	shasyautpadan	shossho-utpadon	shasyautpadana	shosshoutpadon
শিক্ষাক্রমভিত্তিক	shikkhakrombhittik	shikshakramabhittik	shikkha-krom-bhittik	shikshakramabhittik	shikkhakrombhittik
শৃঙ্খলানিয়ন্ত্রণ	shrinkholaniyontron	shrinkhalaniyantran	shrinkhola-niyontron	shrinkhalaniyantran	shrinkholaniyontron
শ্রুতিলিখনযোগ্য	shrutilikhonjoggo	shrutilikhanayogya	shruti-likhon-joggo	shrutilikhanayogya	shrutilikhonjoggo
ষোড়শদলীয়	shoroshodoliyo	shodashadaliya	shorosho-doliyo	shodashadaliya	shoroshodoliyo
সংক্ষিপ্তকরণ	shongkkhiptokoron	sankshiptakaran	shongkkhipto-koron	sankshiptakaran	shongkkhiptokoron
সংক্রমণপ্রতিরোধ	shongkromonprotirodh	sankramanapratirodh	shongkromon-protirodh	sankramanapratirodha	shongkromonprotirodh
সংখ্যাগরিষ্ঠতা	shongkhyagorishthota	sankhyagarishthata	shongkhya-gorishthota	sankhyagarishthata	shongkhyagorishthota
সংবেদনশীলতা	shongbedonshilota	sangbedanashilata	shongbedon-shilota	sangbedanashilata	shongbedonshilota
সংশয়প্রবণতা	shongshoyprobOnota	sanshayaprabonata	shongshoy-probonota	sanshayaprabonata	shongshoyprobOnota
সম্প্রচারপ্রযুক্তি	shomprocharprojukti	sampracharaprajukti	shomprochar-projukti	sampracharaprajukti	shomprocharprojukti
সম্পূরকপরীক্ষা	shompurokoporikkha	sampurakapariksha	shompuroko-porikkha	sampurakapariksha	shompurokoporikkha
সম্মানসূচকভাবে	shommanosuchokvabe	sammanasuchakabhabe	shommano-suchoko-vabe	sammanasuchakabhabe	shommanosuchokvabe
সম্ভাবনামূলক	shombhabonamulok	sambhabanamulaka	shombhabona-mulok	sambhabanamulaka	shombhabonamulok
সম্বন্ধনির্ণায়ক	shombondhonirnayok	sambandhanirnayak	shombondho-nirnayok	sambandhanirnayaka	shombondhonirnayok
সর্বক্ষেত্রব্যাপী	shorbokkhetrobYapi	sarbakshetrabyapi	shorbo-kkhetro-byapi	sarbakshetrabyapi	shorbokkhetrobYapi
সাংবিধানিকতা	shangbidhanikota	sangbidhanikata	shangbidhaniko-ta	sangbidhanikata	shangbidhanikota
সাধ্যসীমাবদ্ধতা	shaddhoshimaboddhota	sadhyasimabaddhata	shaddho-shima-boddhota	sadhyasimabaddhata	shaddhoshimaboddhota
সামঞ্জস্যবিধান	shamonjoshshobidhan	samanjasyabidhan	shamonjoshsho-bidhan	samanjasyabidhan	shamonjoshshobidhan
স্মরণশক্তিবর্ধক	smoronshoktibordhok	smaranashaktivardhak	smoron-shokti-bordhok	smaranashaktivardhaka	smoronshoktibordhok
স্বতন্ত্রতাবাদী	swotontrotabadi	swatantratabadi	swotontro-ta-badi	swatantratabadi	swotontrotabadi
স্বল্পব্যয়বহুল	sholpobboybohul	swalpabyayabahul	sholpo-bboy-bohul	swalpabyayabahul	sholpobboybohul
স্বাস্থ্যপরীক্ষাকেন্দ্র	shasthyoporikkhakendro	swasthyaparikshakendra	shasthyo-porikkha-kendro	swasthyaparikshakendra	shasthyoporikkhakendro
হস্তলিখিতপ্রতিলিপি	hostolikhitoprotolipi	hastalikhitapratilipi	hosto-likhito-protolipi	hastalikhitapratilipi	hostolikhitoprotolipi
হৃদয়বিদারকতা	hridoybidarokota	hridayabidarakata	hridoy-bidaroko-ta	hridayabidarakata	hridoybidarokota
হ্রাসযোগ্যতা	hrashjoggotA	hrasayoggyata	hrash-joggotA	hrasayoggyata	hrashjoggotA
প্রযুক্তিবিষয়ক	projuktibishoyok	prajuktibishayak	projukti-bishoyok	prajuktibishayaka	projuktibishoyok
প্রণয়নপ্রক্রিয়া	pronoyonprokriya	pranayanaprakriya	pronoyon-prokriya	pranayanaprakriya	pronoyonprokriya
প্রণোদনামূলক	pronodonamulok	pranonadanamulaka	pronodona-mulok	pranonadanamulaka	pronodonamulok
প্রতিবন্ধকতামূলক	protibondhokotamulok	pratibandhakatamulaka	protibondhokota-mulok	pratibandhakatamulaka	protibondhokotamulok
প্রতিবেশব্যবস্থা	protibeshbebostha	pratibeshabyabastha	protibesh-bebostha	pratibeshabyabastha	protibeshbebostha
প্রতিশ্রুতিবদ্ধ	protishrutiboddho	pratishrutibaddha	protishruti-boddho	pratishrutibaddha	protishrutiboddho
প্রতিরক্ষাব্যবস্থা	protirokkhabebostha	pratirakshabyabastha	protirokkha-bebostha	pratirakshabyabastha	protirokkhabebostha
প্রতিরোধযোগ্য	protirodhjoggo	pratirodhayogya	protirodh-joggo	pratirodhayogya	protirodhjoggo
প্রতুলপরিমাণে	protulporimane	pratulaparimane	protul-porimane	pratulaparimane	protulporimane
প্রত্নতত্ত্ববিদ	protnotottobid	pratnatattwabid	protno-tottobid	pratnatattwabid	protnotottobid
প্রদর্শনপ্রযুক্তি	prodorshonprojukti	pradarshanaprajukti	prodorshon-projukti	pradarshanaprajukti	prodorshonprojukti
প্রধান্যবিস্তার	prodhannobistar	pradhanyabistar	prodhanno-bistar	pradhanyabistara	prodhannobistar
প্রভাববিস্তারকারী	probhabbistarkari	prabhabbistarakari	probhab-bistar-kari	prabhabbistarakari	probhabbistarkari
প্রবেশাধিকার	probeshadhikar	prabeshadhikar	probesh-adhikar	prabeshadhikara	probeshadhikar
প্রবীণনাগরিক	probinnagorik	prabinanaagarik	probin-nagorik	prabinanaagarik	probinnagorik
প্রবৃদ্ধিহার	probriddhihar	pravriddhihar	probriddhi-har	pravriddhihara	probriddhihar
প্রভুত্ববাদী	probhuttobadi	prabhutwabadi	probhutyo-badi	prabhutwabadi	probhuttobadi
প্রমাণসাপেক্ষ	promanshapekkho	pramanasapeksha	proman-shapekkho	pramanasapeksha	promanshapekkho
প্রয়োজনসাপেক্ষে	proyojonshapekkhe	prayojanasapekshe	proyojon-shapekkhe	prayojanasapekshe	proyojonshapekkhe
প্রযোজ্যতানির্ধারণ	projojgotanirdharon	prayogyatanirdharan	projojgota-nirdharon	prayogyatanirdharan	projojgotanirdharon
প্রশংসনীয়ভাবে	proshongshoniyovabe	prashangsaniyabhabe	proshongshoniyo-vabe	prashangsaniyabhabe	proshongshoniyovabe
প্রশাসনিকভাবে	proshashonikvabe	prashasanikabhabe	proshashoniko-vabe	prashasanikabhabe	proshashonikvabe
প্রশ্নাতীতভাবে	proshnatitovabe	prashnatitabhabe	proshno-atito-vabe	prashnatitabhabe	proshnatitovabe
প্রস্তরনির্মিত	prostornirmito	prastaranirmita	prostor-nirmito	prastaranirmita	prostornirmito
প্রাকৃতিকসম্পদ	prakritikshompod	prakritikasampad	prakritik-shompod	prakritikasampad	prakritikshompod
প্রাথমিকপর্যায়ে	prathomikoporjaye	prathamikaparyaye	prathomiko-porjaye	prathamikaparyaye	prathomikoporjaye
প্রাণবৈচিত্র্য	pranoboichitro	pranabaichitra	prano-boichitro	pranabaichitra	pranoboichitro
প্রাতিষ্ঠানিকীকরণ	pratishthanikikoron	pratisthanikikaran	pratishthaniki-koron	pratisthanikikaran	pratishthanikikoron
প্রাপ্তবয়স্কতা	praptoboyoshkota	praptabayaskata	prapto-boyoshko-ta	praptabayaskata	praptoboyoshkota
প্রিয়জনবিয়োগ	priyojonbiyog	priyajanabiyog	priyojon-biyog	priyajanabiyog	priyojonbiyog
ফলপ্রসূভাবেই	folproshuvabei	phalaprasubhabeyi	folproshu-vabei	phalaprasubhabeyi	folproshuvabei
ফেরতযোগ্যতা	ferotjoggotā	pheratayoggyata	ferot-joggotā	pheratayoggyata	ferotjoggotā
ফৌজদারিবিধি	foujdaribidhi	phaujdaaribidha	foujdari-bidhi	phaujdaaribidha	foujdaribidhi
বক্তব্যউপস্থাপন	boktobbouposthapon	baktabyaupasthapan	boktobbo-uposthapon	baktabyaupasthapan	boktobbouposthapon
বন্যানিয়ন্ত্রণ	bonnaniyontron	banyaniyantran	bonna-niyontron	banyaniyantran	bonnaniyontron
বরাদ্দযোগ্যতা	boraddojoggotā	baraddayoggyata	boraddo-joggotā	baraddayoggyata	boraddojoggotā
বহুমাত্রিকতা	bohumatrikota	bahumatrikata	bohu-matriko-ta	bahumatrikata	bohumatrikota
বহুভাষিকতা	bohubhashikota	bahubhashikata	bohu-bhashiko-ta	bahubhashikata	bohubhashikota
বহির্বিশ্বসংক্রান্ত	bohirbishshoshongkranto	bahirvishwasamkranta	bohir-bishsho-shongkranto	bahirvishwasamkranta	bohirbishshoshongkranto
বহিষ্কারযোগ্য	bohishkarjoggo	bahishkarayogya	bohishkar-joggo	bahishkarayogya	bohishkarjoggo
বাধ্যবাধকতামূলক	baddhobadhokotamulok	badhyabadhakatamulaka	baddho-badhokota-mulok	badhyabadhakatamulaka	baddhobadhokotamulok
বাণিজ্যিকীকরণ	banijjikikoron	banijyikikaran	banijjiki-koron	banijyikikaran	banijjikikoron
বার্ষিকীউদযাপন	barshikiudjapon	barshikiudjapan	barshiki-udjapon	barshikiudjapan	barshikiudjapon
বিকল্পব্যবস্থা	bikalpobebostha	bikalpabyabastha	bikalpo-bebostha	bikalpabyabastha	bikalpobebostha
বিকেন্দ্রীভূত	bikendribhuto	bikendribhuta	bikendri-bhuto	bikendribhuta	bikendribhuto
বিচারবিভাগীয়	bicharbibhagiyo	bicharabibhagiya	bichar-bibhagiyo	bicharabibhagiya	bicharbibhagiyo
বিচ্ছিন্নীকরণ	bichchhinnikoron	bichchhinnikaran	bichchhinni-koron	bichchhinnikaran	bichchhinnikoron
বিধিবদ্ধনিয়ম	bidhiboddhoniom	bidhibaddhaniyam	bidhi-boddho-niom	bidhibaddhaniyam	bidhiboddhoniom
বিনিয়োগকারীগণ	biniyogkarigon	biniyogakarigan	biniyog-kari-gon	biniyogakarigan	biniyogkarigon
বিপজ্জনকভাবে	bipodjonokvabe	bipajjanakabhabe	bipod-jonoko-vabe	bipajjanakabhabe	bipodjonokvabe
বিভাগীয়করণ	bibhagiyokoron	bibhagiyakaran	bibhagiyo-koron	bibhagiyakaran	bibhagiyokoron
বিমূর্তচিন্তাধারা	bimurtachintadhara	bimurtachintadhara	bimurto-chinta-dhara	bimurtachintadhara	bimurtachintadhara
বিলুপ্তপ্রায়তা	biluptoprayota	biluptaprayata	bilupto-prayo-ta	biluptaprayata	biluptoprayota
বিষয়বস্তুনির্ভর	bishoybostunirvor	bishayabastunirbhar	bishoybostu-nirvor	bishayabastunirbhar	bishoybostunirvor
বিস্তারিতবিশ্লেষণ	bistaritobishleshon	bistaritavishleshan	bistarito-bishleshon	bistaritavishleshan	bistaritobishleshon
বৃক্ষনিধনপ্রবণতা	brikkhonidhonprobOnota	vrikshanidhanaprabonata	brikkho-nidhon-probonota	vrikshanidhanaprabonata	brikkhonidhonprobOnota
বৈদেশিকবিনিয়োগ	boideshikbiniyog	baideshikabiniyog	boideshik-biniyog	baideshikabiniyog	boideshikbiniyog
বৈপরীত্যপূর্ণ	boiporittypurno	vaiparityapurna	boiporittyo-purno	vaiparityapurna	boiporittypurno
ব্যতিক্রমীধরনের	betikromidhoroner	byatikramidharaner	betikromi-dhoroner	byatikramidharanera	betikromidhoroner
ব্যবহারবিধিসমূহ	beboharbidhishomuho	byabaharabidhisamuha	bebohar-bidhi-shomuho	byabaharabidhisamuha	beboharbidhishomuho
ব্যবসায়প্রতিষ্ঠান	beboshayprotishthan	byabasayapratishthan	beboshay-protishthan	byabasayapratishthan	beboshayprotishthan
ব্যাপকভিত্তিক	byapokobhittik	byapakabhittika	byapoko-bhittik	byapakabhittika	byapokobhittik
ব্যাখ্যামূলকভাবে	byakkhamulokvabe	byakhyamulakabhabe	byakkha-muloko-vabe	byakhyamulakabhabe	byakkhamulokvabe
ভবিষ্যৎপ্রজন্ম	bhobishshotprojonmo	bhavishyatprajanma	bhobishshot-projonmo	bhavishyatprajanma	bhobishshotprojonmo
ভৌগোলিকঅবস্থান	bhougolicobosthan	bhaugolikabasthan	bhougolic-obosthan	bhaugolikabasthan	bhougolicobosthan
ভ্রাম্যমাণগ্রন্থাগার	bhramymanogronthagar	bhramyamanagranthagar	bhramymano-gronthagar	bhramyamanagranthagar	bhramymanogronthagar
মতবিরোধনিরসন	motbirodhniroshon	matabirodhanirasan	mot-birodh-niroshon	matabirodhanirasana	motbirodhniroshon
মধ্যবিত্তপরিবার	moddhyobittoporibar	madhyabittaparibar	moddho-bitto-poribar	madhyabittaparibar	moddhyobittoporibar
মধ্যস্থতাপ্রক্রিয়া	moddhosthotaprokriya	madhyasthataprakriya	moddhosthota-prokriya	madhyasthataprakriya	moddhosthotaprokriya
মানবাধিকারভিত্তিক	manobadhikarbhittik	manabadhikarabhittik	manobadhikar-bhittik	manabadhikarabhittik	manobadhikarbhittik
মানসিকস্বাস্থ্যসেবা	manoshikshasthoseba	manasikaswasthyaseba	manoshik-shasthyo-seba	manasikaswasthyaseba	manoshikshasthoseba
মারাত্মকক্ষতিকর	marattokkhhotikor	maratmakakshatikara	marattok-khhoti-kor	maratmakakshatikara	marattokkhhotikor
মুদ্রাস্ফীতিজনিত	mudrashphitijonito	mudrasphitijanita	mudrashphiti-jonito	mudrasphitijanita	mudrashphitijonito
মেধাস্বত্বসংরক্ষণ	medhashottoshongrokkhon	medhaswatwasangrakshan	medhashotto-shongrokkhon	medhaswatwasangrakshan	medhashottoshongrokkhon
মৌলিকঅধিকার	moulikodhikar	maulikadhikar	moulik-odhikar	maulikadhikara	moulikodhikar
যথাযথব্যবস্থা	jothajothobebostha	yathayathabyabastha	jothajotho-bebostha	yathayathabyabastha	jothajothobebostha
যান্ত্রিকত্রুটি	jantriktruti	yantrikatruti	jantrik-truti	yantrikatruti	jantriktruti
যুগোপযোগীকরণ	jugopojogikoron	jugopayogikaran	jugopojogi-koron	jugopayogikaran	jugopojogikoron
যৌক্তিকব্যাখ্যা	jouktikobyakkha	yauktikabyakhya	jouktiko-byakkha	yauktikabyakhya	jouktikobyakkha
রক্ষণাবেক্ষণকারী	rokkhonabekkhonkari	rakshanabekshanakari	rokkhona-bekkhon-kari	rakshanabekshanakari	rokkhonabekkhonkari
রাষ্ট্রীয়পর্যায়ে	rashtriyoporjaye	rashtriyaparyaye	rashtriyo-porjaye	rashtriyaparyaye	rashtriyoporjaye
রিকশাচালকসমিতি	rikshachalokshomiti	rikshachalakasamiti	riksha-chalok-shomiti	rikshachalakasmitee	rikshachalokshomiti
রূপান্তরপ্রক্রিয়া	rupantorprokriya	rupantaraprakriya	rupan-tor-prokriya	rupantaraprakriya	rupantorprokriya
লক্ষ্যনির্ভরশিক্ষা	lokkhonirvorshikkha	lakshyanirbharashiksha	lokkho-nirvor-shikkha	lakshyanirbharashiksha	lokkhonirvorshikkha
লিঙ্গবৈষম্যবিরোধী	linggoboishommyobirodhi	linggavaishamyabirodhi	linggo-boishommo-birodhi	linggavaishamyabirodhi	linggoboishommyobirodhi
লুপ্তপ্রায়প্রজাতি	luptoprayoprojati	luptaprayaprajati	lupto-prayo-projati	luptaprayaprajati	luptoprayoprojati
শক্তিবর্ধকখাদ্য	shoktibordhokkhaddo	shaktivardhakakhadya	shokti-bordhok-khaddo	shaktivardhakakhadya	shoktibordhokkhaddo
শরণার্থীশিবির	shoronarthishibir	sharanarthishibir	shoronarthi-shibir	sharanarthishibir	shoronarthishibir
শর্তসাপেক্ষঅনুমতি	shortoshapekkhonumoti	shartasapekshaanumati	shorto-shapekkho-onumoti	shartasapekshaanumati	shortoshapekkhonumoti
শারীরবৃত্তীয়	sharirbrittiyo	shariravrittiya	sharir-brittiyo	shariravrittiya	sharirbrittiyo
শিক্ষাবৃত্তিপ্রাপ্ত	shikkhabrittiprapto	shikshavrittiprapta	shikkha-britti-prapto	shikshavrittiprapta	shikkhabrittiprapto
শিল্পকারখানাভিত্তিক	shilpokarkhanabhittik	shilpakarkhanabhittik	shilpo-karkhana-bhittik	shilpakarkhanabhittik	shilpokarkhanabhittik
শৃঙ্খলাভঙ্গকারী	shrinkholabhonggokari	shrinkhalabhangakari	shrinkhola-bhonggo-kari	shrinkhalabhangakari	shrinkholabhonggokari
শ্রদ্ধাঞ্জলিসভা	shraddhanjolishobha	shraddhanjalisabha	shraddhanjoli-shobha	shraddhanjalisabha	shraddhanjolishobha
শ্রেণিকক্ষভিত্তিক	shrenikokkhobhittik	shrenikakshabhittik	shreni-kokkho-bhittik	shrenikakshabhittik	shrenikokkhobhittik
ষড়যন্ত্রমূলক	shorojontromulok	shadayantramulaka	shoro-jontro-mulok	shadayantramulaka	shorojontromulok
সংকটমোকাবিলায়	shongkotmokabilay	sankatamokabilay	shongkot-mokabilay	sankatamokabilay	shongkotmokabilay
সংগঠনবিরোধী	shonggothonbirodhi	sangathanabirodhi	shonggothon-birodhi	sangathanabirodhi	shonggothonbirodhi
সংবিধানপ্রণেতা	shongbidhanproneta	sambidhanapraneta	shongbidhan-proneta	sambidhanapraneta	shongbidhanproneta
সংশোধনীপ্রস্তাব	shongshodhoniprostoB	sanshodhaniprastab	shongshodhoni-prostab	sanshodhaniprastab	shongshodhoniprostoB
সন্তোষজনকভাবে	shontoshjonokvabe	santoshajanakabhabe	shontosho-jonoko-vabe	santoshajanakabhabe	shontoshjonokvabe
সম্পত্তিবণ্টনকারী	shompottibonton kari	sampattibantanakari	shompotti-bonton-kari	sampattibantanakari	shompottibontonkari
সম্পূর্ণনিরাপদ	shompurnonirapod	sampurnanirapada	shompurno-nirapod	sampurnanirapada	shompurnonirapod
সম্মতিপ্রদানকারী	shommotiprodankari	sammatipradanakari	shommoti-prodan-kari	sammatipradanakari	shommotiprodankari
সম্মাননাপ্রাপ্ত	shommanonaprapto	sammananaprapta	shommanona-prapto	sammananaprapta	shommanonaprapto
সম্মিলনস্থল	shommilonsthol	sammilanastala	shommilon-sthol	sammilanastala	shommilonsthol
সম্ভাব্যক্ষয়ক্ষতি	shombhabbyokhhoykhoti	sambhavyakshayakshati	shombhabbo-khhoy-khoti	sambhavyakshayakshati	shombhabbyokhhoykhoti
সমুদ্রপৃষ্ঠউচ্চতা	shomudropishtoucchota	samudrapristhauchchata	shomudro-prishtho-ucchota	samudrapristhauchchata	shomudropishtoucchota
সর্বজনগ্রাহ্যতা	shorbojongrahyota	sarbajanagrahyata	shorbojon-grahyota	sarbajanagrahyata	shorbojongrahyota
সর্বাধিকসংখ্যক	shorbadhikshongkhok	sarbadhikasankhyaka	shorbadhik-shongkhok	sarbadhikasankhyaka	shorbadhikshongkhok
সামগ্রিকপরিকল্পনা	shamoggrikoporikolpona	samagrikaparikalpana	shamoggriko-porikolpona	samagrikaparikalpana	shamoggrikoporikolpona
সাংবাদিকসম্মেলন	shangbadikshommeloN	sangbadikasammelan	shangbadik-shommeloN	sangbadikasammelan	shangbadikshommeloN
সাক্ষরজ্ঞানসম্পন্ন	shakkhorggyanshompanno	saksharajnyanasampanna	shakkhor-ggyan-shompanno	saksharajnyanasampanna	shakkhorggyanshompanno
সাধারণীকরণপ্রক্রিয়া	shadharonikoronprokriya	sadharanikaranaprakriya	shadharonikoroN-prokriya	sadharanikaranaprakriya	shadharonikoronprokriya
সাম্প্রতিকপরিস্থিতি	shamprotikoporishthiti	sampratikaparishthiti	shamprotiko-porishthiti	sampratikaparishthiti	shamprotikoporishthiti
সার্বজনীনগ্রহণযোগ্যতা	sharbajoningrohonjoggotā	sarbajaniNagrahanayoggyata	sharbajonin-grohon-joggotā	sarbajaniNagrahanayoggyata	sharbajoningrohonjoggotā
সীমান্তরক্ষীবাহিনী	simantorokkhhibahini	simantarakshibahini	simanto-rokkhhi-bahini	simantarakshibahini	simantorokkhhibahini
সুপরিকল্পিতভাবে	suPorikolpitovabe	suparikalpitabhabe	suporikolpito-vabe	suparikalpitabhabe	suporikolpitovabe
সুস্বাস্থ্যেরজন্য	shushasthyerjonno	suswasthyerjanya	suswasthyer-jonno	suswasthyerjanya	shushasthyerjonno
স্থাপত্যনিদর্শন	sthapottyonidorshon	sthapatyanidarshan	sthapottyo-nidorshon	sthapatyanidarshan	sthapottyonidorshon
স্থায়ীকমিটিসমূহ	sthayikomitishomuho	sthayikamitIsamuha	sthayi-komiti-shomuho	sthayikamitIsamuha	sthayikomitishomuho
স্পর্শকাতরতাজনিত	sporshokatorotajonito	sparshakataratajanita	sporsho-katorota-jonito	sparshakataratajanita	sporshokatorotajonito
স্মৃতিসৌধপ্রাঙ্গণ	smritisoudhopranggon	smritisoudhaprangan	smriti-soudho-pranggon	smritisoudhaprangan	smritisoudhopranggon
স্বচ্ছতানিশ্চিতকরণ	swocchhotanishchitokoron	swachchhatanishchitikaran	swocchhota-nishchito-koron	swachchhatanishchitikaran	swocchhotanishchitokoron
স্বনির্ভরতামূলক	swonirvortamulok	swanirbharatamulaka	swonirvorota-mulok	swanirbharatamulaka	swonirvortamulok
স্বল্পমেয়াদিভিত্তিক	sholpomeyadibhittik	swalpameyadibhittik	sholpo-meyadi-bhittik	swalpameyadibhittik	sholpomeyadibhittik
স্বাস্থ্যঝুঁকিপূর্ণ	shasthyojhukipurno	swasthyajhukipurna	shasthyo-jhuki-purno	swasthyajhukipurna	shasthyojhukipurno
হস্তাক্ষরবিশ্লেষণ	hostakkhorbishleshon	hastaksharavishleshan	hostakkhor-bishleshon	hastaksharavishleshan	hostakkhorbishleshon
হৃদরোগপ্রতিরোধ	hridrogprotirodh	hridrogapratirodh	hridrog-protirodh	hridrogapratirodha	hridrogprotirodh
হ্রাসবৃদ্ধিপ্রবণতা	hrashbriddhiprobOnota	hrasavriddhiprabonata	hrash-briddhi-probonota	hrasavriddhiprabonata	hrashbriddhiprobOnota
অধিকারসংক্রান্ত	odhikarshongkranto	odhikarsongkranto	odhikar-shongkranto	adhikarsamkranta	odhikarshongkranto
অধিষ্ঠানযোগ্য	odhishthanjoggo	odhisthanjoggo	odhishthan-joggo	adhishthanayogya	odhishthanjoggo
অধোগতিশীল	odhogotishil	adhogatishil	odhogo-ti-shil	adhogatishil	odhogotishil
অধ্যবসায়ী	oddhyoboshayi	odhyoboshayi	oddhyo-boshayi	adhyabasayi	oddhyoboshayee
অধ্যয়নরত	oddhoyonroto	odhyayonroto	oddhoyon-roto	adhyayanarata	oddhoyonroto
অধ্যাত্মবাদী	oddhattobadi	odhyatmabadi	oddhatto-badi	adhyatmabadi	oddhattobadi
অধ্যাপকবৃন্দ	oddhyapokbrindo	odhyapakbrindo	oddhyapok-brindo	adhyapakabrinda	oddhyapokbrindo
অনধিকারচর্চা	onodhikarchorcha	anadhikarcharcha	onodhikar-chorcha	anadhikaracharcha	onodhikarchorcha
অনিবার্যতা	onibarjota	anibaryata	onibarjo-ta	anibaryata	onibarjota
অনির্বচনীয়	onirbochoniyo	anirbachaniya	onirbochoniyo	anirbachaniya	onirbochoniyo
অনির্দিষ্টকাল	onirdishtokal	anirdishtokal	onirdishto-kal	anirdishtakala	onirdishtokal
অনুপ্রবেশকারী	onuprobeshkari	anuprabeshakari	onuprobesh-kari	anuprabeshakari	onuprobeshkari
অনুপ্রেরণাদায়ক	onupreRonadayok	anupreranadayak	onupreRona-dayok	anupreranadayaka	onupreRonadayok
অনুপস্থিতজনিত	onuposthitijonito	anupasthitijanita	onuposthiti-jonito	anupasthitijanita	onuposthitijonito
অনুর্বরভূমি	onurborbhumi	anurbarabhumi	onurbor-bhumi	anurbarabhumi	onurborbhumi
অনুশাসনমূলক	onushashonmulok	anushasanamulaka	onushashon-mulok	anushasanamulaka	onushashonmulok
অনৈক্যপ্রবণতা	onoikkoprobOnota	anaikyaprabonata	onoikko-probonota	anaikyaprabonata	onoikkoprobOnota
অপরিহার্যতা	oporiharjota	apariharyata	opori-harjo-ta	apariharyata	oporiharjota
অপর্যাপ্তসংখ্যক	oporjaptoshongkhok	aparyaptasankhyaka	oporjapto-shongkhok	aparyaptasankhyaka	oporjaptoshongkhok
অপ্রকাশ্যতা	oprokashshota	aprakashyata	oprokashsho-ta	aprakashyata	oprokashshota
অপ্রত্যাশিত	oprottyashito	apratyashita	oprottyashito	apratyashita	oprottyashito
অপ্রতিদ্বন্দ্বী	oprotidwondi	apratidwandi	oproti-dwondi	apratidwandi	oprotidwondi
অপ্রতুলতা	oprotulota	apratulata	oprotulo-ta	apratulata	oprotulota
অপ্রয়োজনীয়	oproyojoniyo	aprayojaniya	oproyojoniyo	aprayojaniya	oproyojoniyo
অপ্রাসঙ্গিকতা	oprobashonggikota	aprasanggikata	oproshonggiko-ta	aprasanggikata	oprobashonggikota
অপ্রিয়সত্য	opriyoshotto	apriyasatya	opriyo-shotto	apriyasatya	opriyoshotto
অবকাঠামোগত	obokathomogoto	abakathamogata	obokathamo-goto	abakathamogata	obokathomogoto
অবদানস্বরূপ	obdansworup	abadanaswarupa	obdan-sworup	abadanaswarupa	obdansworup
অবধারিতভাবে	obodharitovabe	abadharitabhabe	obodharito-vabe	abadharitabhabe	obodharitovabe
অবমাননাকর	obomanonakor	abamananakara	obomanona-kor	abamananakara	obomanonakor
অবমূল্যায়ন	obomullayon	abamulyayan	obomullayon	abamulyayana	obomullayon
অবর্ণনীয়তা	obornoniyota	abarnaniyata	obornoniyo-ta	abarnaniyata	obornoniyota
অবসরপ্রাপ্ত	obosorprapto	abasoraprapta	obosor-prapto	abasoraprapta	obosorprapto
অবস্থানগত	obosthangoto	abasthangata	obosthan-goto	abasthangata	obosthangoto
অভ্যর্থনাসভা	ovvorthonashobha	obhyarthanasabha	ovvorthona-shobha	abhyarthanasabha	ovvorthonashobha
অভ্যুদয়কাল	ovvudoykal	abhyudayakala	ovvudoy-kal	abhyudayakala	ovvudoykal
অভূতপূর্ব	obhutopurbo	abhutapurba	obhuto-purbo	abhutapurba	obhutopurbo
অমীমাংসিত	omimangshito	amimangsita	omimangshito	amimangsita	omimangshito
অম্লানবদন	omlanobodon	amlanabadana	omlano-bodon	amlanabadana	omlanobodon
অর্পণযোগ্য	orponjoggo	arpanayogya	orpon-joggo	arpanayogya	orponjoggo
অলঙ্ঘনীয়	olongghoniyo	alangghaniya	olongghoniyo	alangghaniya	olongghoniyo
অশ্রুসজল	oshrusojol	ashrusajala	oshru-sojol	ashrusajala	oshrusojol
অশ্রুতপূর্ব	oshrutopurbo	ashrutapurba	oshruto-purbo	ashrutapurba	oshrutopurbo
অসংগতিপূর্ণ	oshonggotipurno	asangatipurna	oshonggoti-purno	asangatipurna	oshonggotipurno
অসংলগ্নতা	oshonglognota	asanglagnata	oshonglogno-ta	asanglagnata	oshonglognota
অসাম্প্রদায়িক	oshamprodayik	asampradayika	oshamprodayik	asampradayika	oshamprodayik
অসুস্থতাজনিত	oshusthotajonito	asusthatajanita	oshusthota-jonito	asusthatajanita	oshusthotajonito
অস্তিত্ববাদী	ostittobadi	astitwabadi	ostitto-badi	astitwabadi	ostittobadi
অস্ত্রোপচার	ostropochar	astrapachar	ostro-pochar	astrapachara	ostropochar
অস্বস্তিকর	oshostikor	aswastikara	oshosti-kor	aswastikara	oshostikor
আন্তঃমহাদেশীয়	antormohadeshiyo	antarmahadeshiya	antor-mohadeshiyo	antarmahadeshiya	antormohadeshiyo
আন্তর্জাতিকীকরণ	antorjatikikoron	antarjatikikaran	antorjatiki-koron	antarjatikikaran	antorjatikikoron
আত্মনিয়ন্ত্রণ	attoniyontron	atmaniyantran	atto-niyontron	atmaniyantran	attoniyontron
আত্মবিশ্বাসহীনতা	attobishshashhinota	atmabishwashahinata	atto-bishshash-hinota	atmabishwashahinata	attobishshashhinota
আত্মবিসর্জন	attobisorjon	atmabisarjan	atto-bisorjon	atmabisarjana	attobisorjon
আত্মসমালোচনা	attosomalochona	atmasamalochana	atto-somalochona	atmasamalochana	attosomalochona
আত্মসংবরণ	attoshongboron	atmasangbaran	atto-shongboron	atmasangbarana	attoshongboron
আধুনিকীকরণ	adhunikikoron	adhunikikaran	adhunikikaron	adhunikikaran	adhunikikoron
আনুষ্ঠানিকতা	anushthanikota	anushthanikata	anushthaniko-ta	anushthanikata	anushthanikota
আবহাওয়াবিজ্ঞান	abohawabiggan	abahawabigyan	abohaowa-biggan	abahawabigyan	abohawabiggan
আবশ্যকীয়তা	aboshshokiyota	abashyakiyata	aboshshokiyo-ta	abashyakiyata	aboshshokiyota
আয়ত্তাধীন	ayottadhin	ayattadhin	ayotto-dhin	ayattadhina	ayottadhin
আর্যসভ্যতা	arjoshovvota	aryasabhyata	arjo-shovvota	aryasabhyata	arjoshovvota
আলোকপ্রাপ্তি	alokprapti	alokaprapti	alok-prapti	alokaprapti	alokprapti
ইতস্ততভাবে	itostotovabe	itastatabhabe	itostoto-vabe	itastatabhabe	itostotovabe
ইন্দ্রিয়াতীত	indriyatito	indriyatita	indriyo-atito	indriyatita	indriyatito
ইতিবাচকতা	itibachokota	itibachakata	itibachoko-ta	itibachakata	itibachokota
ইস্পাতনির্মিত	ispatnirmito	ispatnirmita	ispat-nirmito	ispatnirmita	ispatnirmito
ঈর্ষাকাতরতা	irshakatorota	irshakatarata	irsha-katorota	irshakatarata	irshakatorota
উচ্চমাধ্যমিক	ucchomaddhomik	uchchamadhyamik	uccho-maddhomik	uchchamadhyamik	ucchomaddhomik
উচ্চাভিলাষী	ucchobilashi	uchchabhilashi	uccho-bilashi	uchchabhilashi	ucchobilashee
উৎকৃষ্টমানের	utkrishtomaner	utkrishtamaner	utkrishto-maner	utkrishtamanera	utkrishtomaner
উৎপাদনক্ষমতা	utpadonkhomota	utpadanakshamata	utpadon-khomota	utpadanakshamata	utpadonkhomota
উৎপীড়নমূলক	utpironmulok	utpidanamulaka	utpiron-mulok	utpidanamulaka	utpironmulok
উদ্ভাবনীশক্তি	udbhabonishokti	udbhabanishakti	udbhaboni-shokti	udbhabanishakti	udbhabonishokti
উদ্দেশ্যহীনতা	uddeshshohinota	uddeshyahinata	uddeshsho-hinota	uddeshyahinata	uddeshshohinota
উদ্বেগজনক	udbegjonok	udwegajanaka	udbeg-jonok	udwegajanaka	udbegjonok
উদ্বৃত্তমূল্য	udbrittomullo	udvrittamulya	udbritto-mullo	udvrittamulya	udbrittomullo
উন্নয়নকর্মী	unnoyonkormi	unnayanakarmi	unnoyon-kormi	unnayanakarmi	unnoyonkormee
উন্মত্তপ্রায়	unmotopray	unmattapraya	unmotto-pray	unmattapraya	unmotopray
উন্মোচনযোগ্য	unmochonjoggo	unmochanayogya	unmochon-joggo	unmochanayogya	unmochonjoggo
উপকারভোগী	upokarbhogi	upakarabhogi	upokar-bhogi	upakarabhogi	upokarbhogee
উপনিবেশবাদী	uponibeshbadi	upanibeshabadi	uponibesh-badi	upanibeshabadi	uponibeshbadi
উপভোগ্যতা	upobhoggyota	upabhogyata	upobhoggo-ta	upabhogyata	upobhoggyota
উপসর্গবিহীন	uposorgobihin	upasargabihina	uposorgo-bihin	upasargabihina	uposorgobihin
উপযুক্তপ্রার্থী	upojuktoprarthi	upayuktaprarthi	upojukto-prarthi	upayuktaprarthi	upojuktoprarthi
ঊর্ধ্বতনকর্তৃপক্ষ	urdhwotonkortipokkho	urdhwatanakartripaksha	urdhwoton-kortipokkho	urdhwatanakartripaksha	urdhwotonkortipokkho
ঋণগ্রহণযোগ্যতা	ringrohonjoggotā	rinagrahanayoggyata	rino-grohon-joggotā	rinagrahanayoggyata	ringrohonjoggotā
একত্রীকরণ	ekttrikoron	ekatrikaran	ekttri-koron	ekatrikaran	ekttrikoron
একচ্ছত্রাধিপত্য	ekocchotradhipotto	ekachchhatradhipatya	ekocchotro-adhipotto	ekachchhatradhipatya	ekocchotradhipotto
ঐতিহাসিকভাবে	oitihashikovabe	aitihasikabhabe	oitihashiko-vabe	aitihasikabhabe	oitihashikovabe
ঐক্যবিনষ্টকারী	oikkobinostokari	aikyabinashtakari	oikko-binoshto-kari	aikyabinashtakari	oikkobinostokari
ওষ্ঠ্যউচ্চারণ	oshthyouccharon	oshthyauchcharan	oshthyo-uccharon	oshthyauchcharana	oshthyouccharon
কণ্টকময়তা	kontokomoyota	kantakamayata	kontoko-moyo-ta	kantakamayata	kontokomoyota
কণ্ঠনালীবিশেষজ্ঞ	konthonalibisheshoggo	kanthanalibisheshagya	konthonali-bisheshoggo	kanthanalibisheshagya	konthonalibisheshoggo
কদর্যতাপূর্ণ	kodorjopurno	kadarjyapurna	kodorjo-purno	kadarjyapurna	kodorjopurno
কর্তব্যপরায়ণ	kortobboporayon	kartabyaparayana	kortobbo-porayon	kartabyaparayana	kortobboporayon
কর্মপরিকল্পনাকারী	kormoporikolponakari	karmaparikalpanakari	kormo-porikolpona-kari	karmaparikalpanakari	kormoporikolponakari
কর্মপ্রত্যাশী	kormoprottyashi	karmapratyashi	kormo-prottyashi	karmapratyashi	kormoprottyashee
কর্মসংক্রান্ত	kormoshongkranto	karmasamkranta	kormo-shongkranto	karmasamkranta	kormoshongkranto
কল্পনাপ্রবণতা	kolponaprobOnota	kalpanaprabonata	kolpona-probonota	kalpanaprabonata	kolponaprobOnota
কুশ্রীদর্শন	kushridorshon	kushridarshan	kushri-dorshon	kushridarshana	kushridorshon
কৃতকার্যতা	kritokarjota	kritakaryata	krito-karjo-ta	kritakaryata	kritokarjota
কৃত্রিমবুদ্ধিমত্তা	kritrimbuddhimotta	kritrimabuddhimatta	kritrim-buddhimotta	kritrimabuddhimatta	kritrimbuddhimotta
কৃষিজীবীনির্ভর	krishijibinirvor	krishijibinirbhar	krishi-jibi-nirvor	krishijibinirbhar	krishijibinirvor
কেন্দ্রবিমুখতা	kendrobimukhotā	kendrabimukhata	kendro-bimukho-ta	kendrabimukhata	kendrobimukhotā
কেন্দ্রীভূতকরণ	kendribhutokoron	kendribhutakaran	kendribhuto-koron	kendribhutakaran	kendribhutokoron
ক্ষতিপূরণযোগ্য	khotipuronjoggo	kshatipuranayogya	khoti-puron-joggo	kshatipuranayogya	khotipuronjoggo
ক্ষুদ্রঋণপ্রদান	khudroringprodan	kshudrarinapradan	khudro-rin-prodan	kshudrarinapradan	khudroringprodan
ক্ষমতাকেন্দ্রিক	khomotakendrik	kshamatakendrika	khomota-kendrik	kshamatakendrika	khomotakendrik
ক্ষমতাবিকেন্দ্রীকরণ	khomotabikendrikoron	kshamatabikendrikaran	khomota-bikendri-koron	kshamatabikendrikaran	khomotabikendrikoron
খণ্ডবিখণ্ডিত	khondobikhondito	khandabikhandita	khondo-bikhondito	khandabikhandita	khondobikhondito
গণপ্রতিনিধিত্ব	gonoprotinidhitto	ganapratinidhitwa	gono-protinidhitto	ganapratinidhitwa	gonoprotinidhitto
গণমাধ্যমকর্মী	gonomaddhomkormi	ganamadhyamakarmi	gono-maddhom-kormi	ganamadhyamakarmi	gonomaddhomkormee
গবেষণাপত্রিকা	gobeshonapottrika	gabeshanapatrika	gobeshona-pottrika	gabeshanapatrika	gobeshonapottrika
গর্ভনিরোধব্যবস্থা	gorbhonirodhbebostha	garbhaniradhabyabastha	gorbho-nirodh-bebostha	garbhaniradhabyabastha	gorbhonirodhbebostha
গর্ভাবস্থাজনিত	gorbhabosthajonito	garbhabasthajanita	gorbhabostha-jonito	garbhabasthajanita	gorbhabosthajonito
গ্রন্থস্বত্বাধিকার	gronthoshottadhikar	granthaswatwadhikar	grontho-shotto-adhikar	granthaswatwadhikara	gronthoshottadhikar
গ্রহণযোগ্যতা	grohonjoggotā	grahanayoggyata	grohon-joggotā	grahanayoggyata	grohonjoggotā
ঘটনাবহুলতা	ghontonabohulota	ghatonabahulata	ghontona-bohulota	ghatonabahulata	ghontonabohulota
ঘনিষ্ঠসহযোগিতা	ghonishthoshohojogita	ghanishthasahayogita	ghonishtho-shohojogita	ghanishthasahayogita	ghonishthoshohojogita
চক্ষুরোগবিশেষজ্ঞ	chokkhurogbisheshoggo	chakshurogabisheshagya	chokkhu-rog-bisheshoggo	chakshurogabisheshagya	chokkhurogbisheshoggo
চন্দ্রগ্রহণপর্ব	chondrogrOhonporbo	chandragrahanaparba	chondro-grohon-porbo	chandragrahanaparba	chondrogrOhonporbo
চিন্তাশক্তিবর্ধক	chintashoktibordhok	chintashaktivardhak	chinta-shokti-bordhok	chintashaktivardhaka	chintashoktibordhok
চূড়ান্তপর্যায়ে	churantoporjaye	churantaparyaye	churanto-porjaye	churantaparyaye	churantoporjaye
ছদ্মবেশধারী	chhodmobeshdhari	chhadmabeshadhari	chhodmo-besh-dhari	chhadmabeshadhari	chhodmobeshdhari
জটিলতাপূর্ণ	jotilotapurno	jatilatapurNa	jotilota-purno	jatilatapurNa	jotilotapurno
জন্মনিবন্ধনপত্র	jonmonibondhonpotro	janmanibandhanapatra	jonmo-nibondhon-potro	janmanibandhanapatra	jonmonibondhonpotro
জ্ঞানবিজ্ঞানের	ggyanbigganer	gyanabigyaner	ggyan-bigganer	jnanabigyanera	ggyanbigganer
জ্যোতির্বৈজ্ঞানিক	jyotirboigganik	jyotirvaigyanika	jyotir-boigganik	jyotirvaigyanika	jyotirboigganik
তত্ত্বনির্ভরতা	tottwonirvorta	tattwanirbharata	tottwo-nirvorota	tattwanirbharata	tottwonirvorta
তথ্যপ্রযুক্তিনির্ভর	tothoprojuktinirvor	tathyaprajuktnirbhar	tottho-projukti-nirvor	tathyaprajuktnirbhar	tothoprojuktinirvor
ত্রিমাত্রিকতায়	trimatrikotay	trimatrikatai	trimatriko-tay	trimatrikatai	trimatrikotay
দায়িত্বপ্রাপ্ত	dayittoprapto	dayitwaprapta	dayitto-prapto	dayitwaprapta	dayittoprapto
দৃষ্টিভঙ্গিগত	drishtibhonggogoto	drishtibhangigata	drishti-bhonggo-goto	drishtibhangigata	drishtibhonggogoto
দুর্ভিক্ষপীড়িত	durbhikkhopirito	durbhikshapirita	durbhikkho-pirito	durbhikshapirita	durbhikkhopirito
দুর্নীতিপরায়ণ	durnitiporayon	durnitiparayana	durniti-porayon	durnitiparayana	durnitiporayon
দ্বন্দ্বনিরসনকারী	dwondoniroshonkari	dwandwanirasankari	dwondo-niroshon-kari	dwandwanirasankari	dwondoniroshonkari
দ্ব্যর্থহীনভাবে	dwyorthihinovabe	dvyarthahinabhabe	dwyortho-hino-vabe	dvyarthahinabhabe	dwyorthihinovabe
দ্রব্যমূল্যবৃদ্ধি	drobbomullobriddhi	dravyamulyavriddhi	drobbo-mullo-briddhi	dravyamulyavriddhi	drobbomullobriddhi
ধর্মনিরপেক্ষতা	dhormoniropekkhota	dharmanirapekshata	dhormo-niropekkho-ta	dharmanirapekshata	dhormoniropekkhota
নক্ষত্রমণ্ডলীয়	nokkhotromondoliyo	nakshatramandaliya	nokkhotro-mondoliyo	nakshatramandaliya	nokkhotromondoliyo
নিরাপত্তাব্যবস্থা	nirapottabebostha	nirapattabyabastha	nirapotta-bebostha	nirapattabyabastha	nirapottabebostha
নির্দেশনাবলিসমূহ	nirdeshonabolishomuho	nirdeshanabalisamuha	nirdeshona-boli-shomuho	nirdeshanabalisamuha	nirdeshonabolishomuho
নির্বাচনপ্রক্রিয়া	nirbachonprokriya	nirbachanaprakriya	nirbachon-prokriya	nirbachanaprakriya	nirbachonprokriya
নিষ্ক্রিয়তাজনিত	nishkriyotajonito	nishkriyatajanita	nishkriyota-jonito	nishkriyatajanita	nishkriyotajonito
নৃশংসতাপূর্ণ	nrishongshotapurno	nrishamsatapurna	nrishongsho-ta-purno	nrishamsatapurna	nrishongshotapurno
পক্ষপাতিত্বমূলক	pokkhopatittomulok	pakshapatitwamulaka	pokkhopatitto-mulok	pakshapatitwamulaka	pokkhopatittomulok
পদ্ধতিগতভাবে	poddhutigotovabe	paddhatigatabhabe	poddhutigo-to-vabe	paddhatigatabhabe	poddhutigotovabe
পরিকল্পনাবিহীন	porikolponabihin	parikalpanabihina	porikolpona-bihin	parikalpanabihina	porikolponabihin
পরিপ্রেক্ষিতভিত্তিক	poriprekkhitobhittik	pariprekshitabhittik	poriprekkhito-bhittik	pariprekshitabhittik	poriprekkhitobhittik
পর্যবেক্ষণযোগ্য	porjobekkhonjoggo	paryabekshanayogya	porjobekkhon-joggo	paryabekshanayogya	porjobekkhonjoggo
প্রতিক্রিয়াশীলতা	protikriyashilota	pratikriyashilata	protikriya-shilota	pratikriyashilata	protikriyashilota
প্রতিদ্বন্দ্বিতাপূর্ণ	protidwonditapurno	pratidwandwitapurna	proti-dwondita-purno	pratidwandwitapurna	protidwonditapurno
প্রতিষ্ঠানভিত্তিক	protishthanbhittik	pratishthanabhittik	protishthan-bhittik	pratishthanabhittik	protishthanbhittik
প্রত্নসম্পদসংরক্ষণ	protnoshompodshongrokkhon	pratnasampadasangrakshan	protno-shompod-shongrokkhon	pratnasampadasangrakshan	protnoshompodshongrokkhon
প্রত্যক্ষপ্রমাণ	prottokkhoproman	pratyakshapraman	prottokkho-promAN	pratyakshapramana	prottokkhoproman
প্রশাসনব্যবস্থা	proshashonbebostha	prashasanabyabastha	proshashon-bebostha	prashasanabyabastha	proshashonbebostha
প্রশিক্ষণপ্রাপ্ত	proshikkhonprapto	prashikshanaprapta	proshikkhon-prapto	prashikshanaprapta	proshikkhonprapto
প্রাসঙ্গিকতাহীন	proshonggikotahin	prasanggikatahin	proshonggiko-ta-hin	prasanggikatahin	proshonggikotahin
প্রামাণিকতাসম্পন্ন	pramanikotashompanno	pramanikatasampanna	pramanikota-shompanno	pramanikatasampanna	pramanikotashompanno
প্রযুক্তিনির্ভরতা	projuktinirvorta	prajuktinirbharata	projukti-nirvorota	prajuktinirbharata	projuktinirvorta
ফল্গুধারা	folgudhara	pholgudhara	folgu-dhara	phalgudhara	folgudharaa
ফ্রিকোয়েন্সি	frikwensi	frequency	frikuensi	frekwensi	frikwency
ফ্রিল্যান্সার	freelancer	freelanser	frilancer	free-lancer	frilansar
ফ্রন্টলাইন	frontline	front-line	frantline	fronthline	frontlain
ফ্লুরোসেন্ট	fluorescent	flurocent	fluorosent	fluroshent	fluoroscent
ফ্ল্যাটবাড়ি	flatbari	flat-bari	flattbari	flatbari	flatbaRi
বক্ষব্যাধি	bokkhobyadhi	bokkho-byadhi	bakshobyadhi	bokkhabadhi	bakshabyadhi
বক্ষস্থল	bokkhosthol	bokkho-sthol	bakshasthal	bokkhastol	bakshosthal
বঙ্গোপসাগর	bonggoposhagor	bongoposhagor	bongo-poshagor	bangoposagar	bonggoposagor
বঞ্চনাপ্রবণ	bonchonaprobon	banchanaprobon	bonchona-probon	banchanaprabana	bonchonaprobon
বদ্ধপরিকর	boddhoporikor	baddhoporikor	boddho-porikor	baddhaparikara	boddhoporikor
বদ্ধমূলতা	boddhomulota	baddhomulota	boddho-mulota	baddhamulata	boddhomulota
বন্দ্যোপাধ্যায়	bondyopaddhay	bondyopadhyay	bondyo-paddhay	bandyopadhyay	bondyopaddhaya
বর্ণচ্ছটা	bornocchota	bornochchhota	borno-cchota	barnachchhata	bornocchota
বর্ণনাতীত	bornonatit	barnonatit	bornona-tit	barnanatita	bornonatit
বর্ণমালাভিত্তিক	bornomalabhittik	bornomalavittik	bornomala-bhittik	barnamalabhittik	bornomalabhittik
বর্ধিষ্ণু	bordhishnu	bardhishnu	bordhi-shnu	bardhishnu	bordhishnu
বর্ষণমুখর	borshonmukhor	barshonmukhor	borshon-mukhor	barshanamukhar	borshonmukhor
বহিষ্করণ	bohishkoron	bahishkaran	bohi-shkoron	bahishkaran	bohishkoron
বহিষ্কৃত	bohishkrito	bahishkrito	bohi-shkrito	bahishkrita	bohishkrito
বিচ্ছিন্নতাবাদ	bichchhinnatabad	bichchhinnatabad	bichchhinno-tabad	bichchhinnatabad	bichchhinnatabad
বিচ্ছুরণ	bichchuron	bichchhuran	bichchhu-ron	bichchhuran	bichchuron
বিচ্ছেদবেদনা	bichchhedobedona	bichchhedabedona	bichchhedo-bedona	bichchhedabedana	bichchhedobedona
বিজ্ঞানভিত্তিক	bigganbhittik	bigyanbhittik	biggan-bhittik	bigyanabhittik	bigganbhittik
বিজ্ঞপ্তিপত্র	biggoptipotro	bigyaptipotro	biggopti-potro	bigyaptipatra	biggoptipotro
বিজ্ঞানমনস্ক	bigganmonoshko	bigyanmonoshko	biggan-monoshko	bigyanamanaska	bigganmonoshko
বিতর্কযোগ্য	bitorkojoggo	bitarkajoggo	bitorko-joggo	bitarkayogya	bitorkojoggo
বিদ্যুৎচালিত	bidyutchalito	bidyutchalito	bidyut-chalito	vidyutchalita	bidyutchalito
বিদ্যুৎপ্রবাহ	bidyutprobaho	bidyutprabaho	bidyut-probaho	vidyutprabaha	bidyutprobaho
বিদ্যুৎস্পৃষ্ট	bidyutsprishto	bidyutsprishto	bidyut-sprishto	vidyutsprishta	bidyutsprishto
বিদ্বজ্জন	bidwojjon	bidwajjon	bidwoj-jon	vidwajjana	bidwojjon
বিনষ্টযোগ্য	binoshtojoggo	binashtajoggo	binoshto-joggo	vinashtayogya	binoshtojoggo
বিন্যাসযোগ্য	binnyashjoggo	binyasjoggo	binnyash-joggo	vinyasayogya	binnyashjoggo
বিনোদনশিল্প	binodonshilpo	binodanshilpo	binodon-shilpo	binodanashilpa	binodonshilpo
বিপর্যস্ত	biporjosto	biparyasto	biporjo-sto	biparyasta	biporjosto
বিপ্লবাত্মক	biplobattok	biplobatmak	biplobo-attok	biplabatmaka	biplobattok
বিভ্রান্তিকর	bibhrantikor	bibhrantikaro	bibhranti-kor	vibhrantikara	bibhrantikor
বিমূর্ততা	bimurtota	bimurtota	bimurto-ta	bimurtata	bimurtota
বিম্বপ্রতিবিম্ব	bimboprotibimbo	bimbaprotibimbo	bimbo-protibimbo	bimbapratibimba	bimboprotibimbo
বিরুদ্ধাচরণ	biruddhachoron	biruddhacharan	biruddho-achoron	viruddhacharana	biruddhachoron
বিবর্তনশীল	bibortonshil	bibartanshil	biborton-shil	bibartanashil	bibortonshil
বিশ্লেষণধর্মী	bishleshonodhormi	bishleshanodharmi	bishleshon-dhormi	bishleshanadharmi	bishleshonodhormi
বিশ্বাসযোগ্যতা	bishshashjoggotā	bishwasjoggotā	bishshash-joggotā	bishwasayoggyata	bishshashjoggotā
বিশ্বস্ততা	bishshostota	bishwastota	bishsho-stota	bishwastata	bishshostota
বিশ্বব্রহ্মাণ্ড	bishshobrohmando	bishwabrahmando	bishsho-brohmando	bishwabrahmanda	bishshobrohmando
বিষণ্ণতা	bishonnata	bishonnota	bishoNNo-ta	bishannata	bishonnata
বিষ্ফোরক	bishphorok	bishforok	bish-phorok	bishphoraka	bishphorok
বিষ্ফোরণপ্রবণ	bishphoronprobon	bishforonprobon	bishphoron-probon	bishphoranaprabana	bishphoronprobon
বিস্ময়াভিভূত	bismoyabhibhuto	bismoyavibhuto	bismoyo-abhibhuto	bismayavibhuta	bismoyabhibhuto
বিস্মৃতিপ্রবণ	bismritiprobon	bismritiprabon	bismriti-probon	bismritiprabana	bismritiprobon
বিস্তারিতকরণ	bistaritokoron	bistaritakaran	bistari-to-koron	bistaritakaran	bistaritokoron
বৃক্ষরোপণ	brikkhoropon	brikkharopon	brikkho-ropon	vriksharopan	brikkhoropon
বৃক্ষচ্ছেদন	brikkhochchhedon	brikkhachchhedan	brikkho-cchhedon	vrikshachchhedan	brikkhochchhedon
বৃহস্পতিবার	brihoshpotiBar	brihospotibar	brihoshpoti-bar	brihaspatibar	brihospotibar
বৃহত্তর	brihottor	brihattara	brihot-tor	brihattara	brihottor
বৃহদাকৃতি	brihodakriti	brihadakriti	brihodo-akriti	brihadakriti	brihodakriti
বৈদ্যুতিক	boidyutik	baidyutik	boidyut-ik	baidyutika	boidyutik
বৈষম্যবিরোধী	boishommyobirodhi	boishamyabirodhi	boishommo-birodhi	vaishamyabirodhi	boishommyobirodhi
বৈশ্বিকীকরণ	boishshikikoron	boishwikikoron	boishshiki-koron	vaishwikikaran	boishshikikoron
ব্যক্তিত্বসম্পন্ন	bektittoshompanno	byaktittwasampanna	bektitto-shompanno	byaktittwasampanna	bektittoshompanno
ব্যঞ্জনবর্ণ	benjonborno	byanjonborno	benjon-borno	byanjanabarna	benjonborno
ব্যতিক্রমধর্মী	betikromodhormi	byatikramadharmi	betikromo-dhormi	byatikramadharmi	betikromodhormi
ব্যথানাশক	bethanashok	byathanashak	betha-nashok	byathanashaka	bethanashok
ব্যবস্থাপনা	bebosthapona	byabasthapona	bebostha-pona	byabasthapana	bebosthapona
ব্যবস্থাপনাগত	bebosthaponagoto	byabasthapanagata	bebosthapona-goto	byabasthapanagata	bebosthaponagoto
ব্যবহারিকতা	beboharikota	byaboharikota	bebohariko-ta	byabaharikata	beboharikota
ব্যর্থতাজনিত	berthotajonito	byarthatajanita	berthota-jonito	byarthatajanita	berthotajonito
ব্যাকরণসম্মত	byakoronshommoto	byakaranasammata	byakoron-shommoto	byakaranasammata	byakoronshommoto
ব্যাখ্যাযোগ্য	byakkhajoggo	byakhyajoggo	byakkha-joggo	byakhyayogya	byakkhajoggo
ব্যাধিগ্রস্ত	byadhigrosto	byadhigrasto	byadhi-grosto	byadhigrasta	byadhigrosto
ব্যাপকতর	byapokotoro	byapakatara	byapoko-toro	byapakatara	byapokotoro
ব্যাপ্তিকাল	byaptikal	byaptikal	byapti-kal	byaptikala	byaptikal
ব্যুৎপত্তিগত	byutpottigoto	byutpattigata	byutpotti-goto	byutpattigata	byutpottigoto
ব্যূহরচনা	byuhorochona	byuharachana	byuho-rochona	byuharachana	byuhorochona
ভগ্নাংশ	bhognangsho	bhagnangsho	bhogno-angsho	bhagnansha	bhognangsho
ভদ্রলোকসুলভ	bhodroloksulov	bhadraloksulabh	bhodrolok-sulov	bhadralokasulabha	bhodroloksulov
ভয়ংকরত্ব	bhoyonkortto	bhayankarattwa	bhoyonkor-tto	bhayankarattwa	bhoyonkortto
ভ্রষ্টাচার	bhrishtachar	bhrashtachar	bhrishta-char	bhrashtachara	bhrishtachar
ভ্রমণবৃত্তান্ত	bhromonbrittantO	bhramanavrittanta	bhromon-brittanto	bhramanavrittanta	bhromonbrittanto
ভ্রান্তিধারণা	bhrantidharona	bhrantidharana	bhranti-dharona	bhrantidharana	bhrantidharona
ভ্রূণহত্যা	bhrunhotta	bhrunhatya	bhrun-hotta	bhrunahatya	bhrunhotta
ভ্রূণাবস্থা	bhrunabostha	bhrunabastha	bhruno-abostha	bhrunabastha	bhrunabostha
ভ্রাতৃত্ববোধ	bhratrittobodh	bhratritwabodh	bhratritto-bodh	bhratritwabodha	bhratrittobodh
মঙ্গলোচ্ছ্বাস	monggolochchhash	manggalochchhash	monggolo-cchhash	manggalochchhwasa	monggolochchhash
মঞ্চস্থাপন	monchosthapon	manchasthapan	moncho-sthapon	manchasthapana	monchosthapon
মৎস্যজীবী	motshyojibi	matsyajibi	motshyo-jibi	matsyajibi	motshyojibee
মধ্যবর্তী	moddhyoborti	madhyabarti	moddho-borti	madhyabarti	moddhyoborti
মধ্যযুগীয়	moddhojugiyo	madhyajugiya	moddho-jugiyo	madhyayugiya	moddhojugiyo
মধ্যস্থতাকারী	moddhosthotakari	madhyasthatakari	moddho-sthota-kari	madhyasthatakari	moddhosthotakari
মন্ত্রিপরিষদ	montriporishod	mantriparishad	montri-porishod	mantriparishad	montriporishod
মন্ত্রোচ্চারণ	montrochcharon	mantrochcharan	monto-uccharon	mantrochcharana	montrochcharon
মনস্তাত্ত্বিক	monostattwik	manastattwik	monosto-tattwik	manastattwik	monostattwik
মনঃসংযোগ	monoshongjog	manasangjog	mono-shongjog	manasangyog	monoshongjog
মহৎপ্রাণ	mohotpran	mahatpran	mohot-pran	mahatprana	mohotpran
মহাপ্রস্থানের	mohprosthaner	mahaprasthaner	moha-prosthaner	mahaprasthanera	mohprosthaner
মৃত্যুঞ্জয়	mrittunjoy	mrityunjoy	mrittu-njoy	mrityunjaya	mrittunjoy
মৃত্তিকাশিল্প	mrittikashilpo	mrittikashilpa	mrittika-shilpo	mrittikashilpa	mrittikashilpo
মৃদুভাষী	mridubhashi	mridubhashi	mridu-bhashi	mridubhashi	mridubhashee
মৃৎশিল্প	mritshilpo	mritshilpa	mrit-shilpo	mritshilpa	mritshilpo
ম্লানপ্রভা	mlanoprobha	mlanaprabha	mlano-probha	mlanaprabha	mlanoprobha
ম্লেচ্ছতা	mlechchhota	mlechchhata	mlechchho-ta	mlechchhata	mlechchhota
যন্ত্রচালিত	jontrochalito	yantrachalita	jontro-chalito	yantrachalita	jontrochalito
যন্ত্রপাতি	jontropati	yantrapati	jontro-pati	yantrapati	jontropati
যন্ত্রবিদ্যা	jontrobiddya	yantrabidya	jontro-biddya	yantravidya	jontrobiddya
যন্ত্রণাদায়ক	jonttronadayok	yantranadayak	jonttrona-dayok	yantranadayaka	jonttronadayok
যথেষ্টতা	jotheshthota	jatheshthata	jotheshtho-ta	yatheshthata	jotheshthota
যথার্থতা	jotharthota	jatharthata	jothartho-ta	yatharthata	jotharthota
যজ্ঞশালা	joggoshala	yajnyashala	joggo-shala	yajnyashala	joggoshala
যৌক্তিকতা	jouktikota	jouktikata	jouktiko-ta	yauktikata	jouktikota
যৌথসম্পত্তি	jouthoshompotti	jouthasampatti	joutho-shompotti	yauthasampatti	jouthoshompotti
রক্তক্ষরণ	roktokkhoron	raktaksharan	rokto-kkhoron	raktaksharana	roktokkhoron
রক্তচাপ	roktochap	raktachap	rokto-chap	raktachapa	roktochap
রক্তসঞ্চালন	roktoshonchalon	raktasanchalan	rokto-shonchalon	raktasanchalana	roktoshonchalon
রক্ষণশীলতা	rokkhonshilota	rakshanshilata	rokkhon-shilota	rakshanshilata	rokkhonshilota
রক্ষণাবেক্ষণ	rokkhonabekkhon	rakshanabekshan	rokkhona-bekkhon	rakshanabekshana	rokkhonabekkhon
রক্ষণাবস্থা	rokkhonabostha	rakshanabastha	rokkhona-bostha	rakshanabastha	rokkhonabostha
রুদ্ধশ্বাস	ruddhoshash	ruddhashwas	ruddho-shash	ruddhashwasa	ruddhoshash
রুদ্ধদ্বার	ruddhodwar	ruddhadwar	ruddho-dwar	ruddhadwara	ruddhodwar
রূপান্তরযোগ্য	rupantorjoggo	rupantarayogya	rupan-tor-joggo	rupantarayogya	rupantorjoggo
রূপায়ণপ্রক্রিয়া	rupayonprokriya	rupayanaprakriya	rupayon-prokriya	rupayanaprakriya	rupayonprokriya
রোগপ্রতিরোধক্ষমতা	rogprotirodhkhomota	rogapratirodhakshamata	rog-protirodh-khomota	rogapratirodhakshamata	rogprotirodhkhomota
লক্ষ্মীপূর্ণিমা	lokkhipurnima	lakshmipurnima	lokkhi-purnima	lakshmipurnima	lokkhipurnima
লক্ষ্যনির্ধারণ	lokkhonirdharon	lakshyanirdharan	lokkho-nirdharon	lakshyanirdharana	lokkhonirdharon
লক্ষ্যভিত্তিক	lokkhobhittik	lakshyabhittik	lokkho-bhittik	lakshyabhittik	lokkhobhittik
লব্ধপ্রতিষ্ঠ	lobdhoprotishtho	labdhapratishtha	lobdho-protishtho	labdhapratishtha	lobdhoprotishtho
লজ্জাস্পদ	lojjaspodo	lajjasapada	lojja-spodo	lajjasapada	lojjaspodo
লজ্জাবনত	lojjabonoto	lajjabanata	lojja-bonoto	lajjabanata	lojjabonoto
লঙ্ঘনযোগ্য	longghonjoggo	langghanayogya	longghon-joggo	langghanayogya	longghonjoggo
লঙ্ঘিত	longghito	langghita	longghit	langghita	longghito
লুপ্তপ্রায়	luptopray	luptapraya	lupto-pray	luptapraya	luptopray
লোকশ্রুতি	lokoshruti	lokashruti	loko-shruti	lokashruti	lokoshruti
শক্তিশালীকরণ	shoktishalikoron	shaktishalikaran	shokti-shali-koron	shaktishalikaran	shoktishalikoron
শব্দচ্ছটা	shobdochchhota	shabdachchhata	shobdo-cchhota	shabdachchhata	shobdochchhota
শব্দব্রহ্ম	shobdobrohmmo	shabdabrahma	shobdo-brohmmo	shabdabrahma	shobdobrohmmo
শব্দভাণ্ডার	shobdobhandar	shabdabhandaR	shobdo-bhandar	shabdabhandaRa	shobdobhandar
শব্দসংক্ষেপ	shobdoshongkhep	shabdasangkshep	shobdo-shongkhep	shabdasangkshepa	shobdoshongkhep
শঙ্কাহীন	shonkahin	shankahin	shonka-hin	shankahina	shonkahin
শঙ্খধ্বনি	shongkhodhwoni	shankhadhwani	shongkho-dhwoni	shankhadhwani	shongkhodhwoni
শঙ্খচিল	shongkhochil	shankhachil	shongkho-chil	shankhachila	shongkhochil
শয্যাশায়ী	shojjashayi	shayyashayi	shojja-shayi	shayyashayi	shojjashayee
শর্তসাপেক্ষ	shortoshapekkho	shartasapeksha	shorto-shapekkho	shartasapeksha	shortoshapekkho
শর্তাধীন	shortadhin	shartadhin	shorto-dhin	shartadhina	shortadhin
শল্যচিকিৎসা	sholyochikitsa	shalyachikitsa	sholyo-chikitsa	shalyachikitsa	sholyochikitsa
শস্যক্ষেত্র	shosshokkhetro	shasyakshetra	shossho-kkhetro	shasyakshetra	shosshokkhetro
শাস্ত্রজ্ঞ	shastroggo	shastragnya	shastro-ggô	shastragnya	shastroggo
শাস্ত্রীয়	shastriyo	shastriya	shastro-iyo	shastriya	shastriyo
শাশ্বততা	shashshwotota	shashwatata	shashwoto-ta	shashwatata	shashshwotota
শিক্ষানবিশ	shikkhanobish	shikshanabish	shikkha-nobish	shikshanavish	shikkhanobish
শিক্ষাপ্রতিষ্ঠান	shikkhaprotishthan	shikshapratishthan	shikkha-protishthan	shikshapratishthan	shikkhaprotishthan
শিক্ষানুরাগী	shikkhanuragi	shikshanuragi	shikkha-nuragi	shikshanuragi	shikkhanuragee
শিল্পপ্রতিষ্ঠান	shilpoprotishthan	shilpapratishthan	shilpo-protishthan	shilpapratishthan	shilpoprotishthan
শিল্পোন্নয়ন	shilponnoyon	shilponnayan	shilpo-nnoyon	shilponnayan	shilponnoyon
শিশুসুলভ	shishushulov	shishusulabh	shishu-shulov	shishusulabha	shishushulov
শিষ্টাচারবহির্ভূত	shishtacharbohirbhuto	shishtacharabahirbhuta	shishtachar-bohirbhuto	shishtacharabahirbhuta	shishtacharbohirbhuto
শীর্ণকায়	shirnokayo	shirnakaya	shirno-kayo	shirnakaya	shirnokayo
শুদ্ধাচারী	shuddhachari	shuddhachari	shuddho-chari	shuddhachari	shuddhacharee
শূন্যস্থান	shunnosthan	shunyasthan	shunno-sthan	shunyasthana	shunnosthan
শৃঙ্খলাবদ্ধ	shrinkholaboddho	shrinkhalabaddha	shrinkhola-boddho	shrinkhalabaddha	shrinkholaboddho
শ্রদ্ধেয়	shraddheyo	shraddheya	shraddho-eyo	shraddheya	shraddheyo
শ্রদ্ধাঞ্জলি	shraddhanjoli	shraddhanjali	shraddha-njoli	shraddhanjali	shraddhanjoli
শ্রবণশক্তি	shrobonshokti	shrabanshakti	shrobon-shokti	shrabanshakti	shrobonshokti
শ্রান্তিকর	shrantikor	shrantikaro	shranti-kor	shrantikarak	shrantikor
শ্রেণিবিন্যাস	shrenibinnyash	shrenivinyas	shreni-binnyash	shrenivinyasa	shrenibinnyash
শ্রেয়স্কর	shreyoshkor	shreyaskar	shreyo-shkor	shreyaskara	shreyoshkor
শ্রোতৃমণ্ডলী	shrotrimondoli	shrotRimandali	shrotri-mondoli	shrotrimandali	shrotrimondoli
ষড়যন্ত্রকারী	shorojontrokari	shadayantrakaRi	shoro-jontro-kari	shadayantrakaRi	shorojontrokari
ষড়রিপু	shororipu	shadaripu	shoro-ripu	shadaripu	shororipu
ষট্কোণ	shotkon	shatkon	shot-kon	shatkona	shotkon
ষষ্ঠাংশ	shoshthangsho	shashthansha	shoshtho-angsho	shashthansha	shoshthangsho
ষষ্ঠীচরণ	shoshthichoron	shashthicharan	shoshthi-choron	shashthicharana	shoshthichoron
ষোড়শী	shoroshi	shodashi	shoro-shi	shodashi	shoroshi
ষোড়শোপচার	shoroshopochār	shodashopachar	shorosho-pochar	shodashopachara	shoroshopochār
সঙ্কটাপন্ন	shongkotaponno	sankatapanNa	shongkoto-ponno	sankatapanNa	shongkotaponno
সংশ্লিষ্টতা	shongshlishtota	sangshlishtata	shongshlishto-ta	sangshlishtata	shongshlishtota
সংশোধনযোগ্য	shongshodhonjoggo	sangshodhanayogya	shongshodhon-joggo	sangshodhanayogya	shongshodhonjoggo
সঙ্গীতজ্ঞ	shonggitoggo	sangitagya	shonggito-ggô	sangitagya	shonggitoggo
সঙ্গোপন	shonggopon	sanggopan	shonggo-pon	sanggopana	shonggopon
সঞ্জীবনী	shonjiboni	sanjivani	shonji-boni	sanjivani	shonjiboni
সঞ্জ্ঞানাশক	shonggyanashok	sanggyanashak	shonggya-nashok	sanggyanashaka	shonggyanashok
সন্তোষজনক	shontoshjonok	santoshajanak	shontosho-jonok	santoshajanaka	shontoshjonok
সন্তানসন্ততি	shontanshontoti	santanasantati	shontan-shontoti	santanasantati	shontanshontoti
সন্তর্পণে	shontorponE	santarpane	shontorpoNe	santarpane	shontorponE
সন্দেহপ্রবণ	shondehoprobon	sandehaprabana	shondeho-probon	sandehaprabana	shondehoprobon
সন্দর্ভগ্রন্থ	shondorbho-grontho	sandarbhagrantha	shondorbho-grontho	sandarbhagrantha	shondorbho-grontho
সন্নিবেশিত	shonnibeshito	sannibeshita	shonni-beshito	sannibeshita	shonnibeshito
সন্ন্যাসব্রত	shonnashbroto	sannyasavrata	shonnash-broto	sannyasavrata	shonnashbroto
সম্পর্কচ্ছেদ	shomporkochchhed	samparkachchheda	shomporko-cchhed	samparkachchheda	shomporkochchhed
সম্প্রসারণযোগ্য	shomprosharonjoggo	samprasaranayogya	shomprosharon-joggo	samprasaranayogya	shomprosharonjoggo
সম্প্রদায়ভিত্তিক	shomprodaybhittik	sampradayabhittik	shomproday-bhittik	sampradayabhittik	shomprodaybhittik
সম্প্রচারযোগ্য	shomprocharjoggo	sampracharayogya	shomprochar-joggo	sampracharayogya	shomprocharjoggo
সম্প্রীতিপূর্ণ	shompritipurno	sampritipurna	shompriti-purno	sampritipurna	shompritipurno
সম্ভাব্যতা	shombhabbyota	sambhavyata	shombhabbo-ta	sambhavyata	shombhabbyota
সম্ভাবনাময়	shombhabonamoy	sambhabanamaya	shombhabona-moy	sambhabanamaya	shombhabonamoy
সম্ভ্রান্তজন	shombhrantojon	sambhrantajana	shombhranto-jon	sambhrantajana	shombhrantojon
সম্বন্ধসূচক	shombondhosuchok	sambandhasuchaka	shombondho-suchok	sambandhasuchaka	shombondhosuchok
সম্বর্ধনাসভা	shombordhonashobha	sambardhanasabha	shombordhona-shobha	sambardhanasabha	shombordhonashobha
সম্মিলিতপ্রচেষ্টা	shommilitoprocheshta	sammilitapracheshta	shommilito-procheshta	sammilitapracheshta	shommilitoprocheshta
সম্মাননাপত্র	shommanonapotro	sammananapatra	shommanona-potro	sammananapatra	shommanonapotro
সম্মোহনীশক্তি	shommohanishokti	sammohanishakti	shommohani-shokti	sammohanishakti	shommohanishokti
সম্মুখসমর	shommukhoshomor	sammukhasamara	shommukho-shomor	sammukhasamara	shommukhoshomor
সরঞ্জামসমূহ	shoronjamoshomuho	saranjamasamuha	shoronjam-shomuho	saranjamasamuha	shoronjamoshomuho
সর্বজ্ঞতা	shorboggota	sarbajnyata	shorbo-ggota	sarbajnyata	shorboggota
সর্বব্যাপী	shorbobyapi	sarbavyapi	shorbo-byapi	sarbavyapi	shorbobyapi
সর্বস্বান্ত	shorboshshanto	sarbaswanta	shorbo-shshanto	sarbaswanta	shorboshshanto
সশ্রদ্ধচিত্তে	sashraddhochitte	sashraddhachitte	sashraddho-chitte	sashraddhachitte	sashraddhochitte
সহৃদয়তা	sohridoyota	sahridayata	sohridoyo-ta	sahridayata	sohridoyota
সাংখ্যিকতা	shangkhikota	sankhyikata	shangkhiko-ta	sankhyikata	shangkhikota
সাক্ষ্যপ্রমাণ	shakkhoproman	sakshyapraman	shakkho-promAN	sakshyapramana	shakkhoproman
সাক্ষাৎকারগ্রহণ	shakkhatkargrohon	sakshatkaragrahan	shakkhatkar-grohon	sakshatkaragrahana	shakkhatkargrohon
সাধ্যসাধনা	shaddhoshaddhona	sadhyasadhana	shaddho-shaddhona	sadhyasadhana	shaddhoshaddhona
সামঞ্জস্যপূর্ণ	shamonjoshshopurno	samanjasyapurna	shamonjoshsho-purno	samanjasyapurna	shamonjoshshopurno
সাম্প্রতিকতম	shamprotikotom	sampratikatama	shamprotiko-tom	sampratikatama	shamprotikotom
সাম্প্রদায়িকতা	shamprodayikota	sampradayikata	shamprodayiko-ta	sampradayikata	shamprodayikota
সার্বক্ষণিক	sharbokkhonik	sarbakshanik	sharbo-kkhonik	sarbakshanik	sharbokkhonik
সার্বভৌমত্ব	sharbobhoumotto	sarbabhaumattwa	sharbo-bhoumo-tto	sarbabhaumattwa	sharbobhoumotto
সাহিত্যসম্মেলন	shahittyoshommeloN	sahityasammelan	shahittyo-shommeloN	sahityasammelan	shahittyoshommeloN
সিদ্ধান্তগ্রহণ	shiddhantogrohon	siddhantagrahan	shiddhanto-grohon	siddhantagrahana	shiddhantogrohon
সিদ্ধহস্ত	shiddhohosto	siddhahasta	shiddho-hosto	siddhahasta	shiddhohosto
সিদ্ধান্তমূলক	shiddhantomulok	siddhantamulaka	shiddhanto-mulok	siddhantamulaka	shiddhantomulok
সিন্দুকভর্তি	shindukbhorti	sindukabharti	shinduk-bhorti	sindukabharti	shindukbhorti
সূক্ষ্মদর্শী	sukkhmodorshi	sukshmadarshi	sukkhmo-dorshi	sukshmadarshi	sukkhmodorshi
সূক্ষ্মাতিসূক্ষ্ম	sukkhmotisukkhmo	sukshmatisukshma	sukkhmoti-sukkhmo	sukshmatisukshma	sukkhmotisukkhmo
সুপ্রতিষ্ঠিত	suprotishthito	supratishthita	su-protishthito	supratishthita	suprotishthito
সুপ্রশস্ত	suproshosto	suprashasta	su-proshosto	suprashasta	suproshosto
সুব্যবস্থাপনা	subebosthapona	subyabasthapana	su-bebosthapona	subyabasthapana	subebosthapona
সুস্বাস্থ্যকর	shushasthokor	suswasthyakar	suswasthyo-kor	suswasthyakar	shushasthokor
সুস্থিরচিত্তে	susthirchitte	susthirachitte	susthiro-chitte	susthirachitte	susthirchitte
সৃষ্টিশীলতা	srishtishilota	srishtishilata	srishti-shilota	srishtishilata	srishtishilota
সৃষ্টিকর্তা	srishtikorta	srishtikarta	srishti-korta	srishtikarta	srishtikorta
সৃষ্টিতত্ত্ব	srishtitotto	srishtitattwa	srishti-totto	srishtitattwa	srishtitotto
স্তম্ভিতপ্রায়	stombhitopray	stambhitapraya	stombhito-pray	stambhitapraya	stombhitopray
স্তরবিন্যাস	storobinnyash	staravinyasa	storo-binnyash	staravinyasa	storobinnyash
স্ত্রীস্বাধীনতা	strishwadhinota	striswadhinata	stri-shwadhinota	striswadhinata	strishwadhinota
স্থগিতাদেশ	sthogitadesh	sthagitadesh	sthogito-adesh	sthagitadesha	sthogitadesh
স্থায়িত্বশীল	sthayittoshil	sthayitwashil	sthayitto-shil	sthayitwashil	sthayittoshil
স্থাপত্যশৈলী	sthapottyoshoili	sthapatyashaili	sthapottyo-shoili	sthapatyashaili	sthapottyoshoili
স্থূলকায়	sthulkayo	sthulakaya	sthul-kayo	sthulakaya	sthulkayo
স্খলনপ্রবণ	skholonprobon	skhalanaprabana	skholon-probon	skhalanaprabana	skholonprobon
স্পন্দনশীল	spondonshil	spandanshil	spondon-shil	spandanshil	spondonshil
স্পষ্টভাষী	spostobhashi	spashtabhashi	sposto-bhashi	spashtabhashi	spostobhashee
স্পর্শকাতরতা	sporshokatorota	sparshakatarata	sporsho-katorota	sparshakatarata	sporshokatorota
স্পর্ধামূলক	spordhamulok	spardhamulaka	spordha-mulok	spardhamulaka	spordhamulok
স্ফটিকস্বচ্ছ	sphotikshwocchho	sphatikaswachchha	sphotiko-shwocchho	sphatikaswachchha	sphotikshwocchho
স্ফূর্তিদায়ক	sphurtidayok	sphurtidayak	sphurti-dayok	sphurtidayaka	sphurtidayok
স্মৃতিচারণ	smriticharon	smriticharan	smriti-charon	smriticharana	smriticharon
স্মৃতিশক্তি	smritishokti	smritishakti	smriti-shokti	smritishakti	smritishokti
স্মরণীয়তা	smoroniYota	smaraniyata	smoroniYo-ta	smaraniyata	smoroniYota
স্রষ্টানির্মিত	sroshtanirmito	srashtanirmita	sroshta-nirmito	srashtanirmita	sroshtanirmito
স্বতঃস্ফূর্ত	swotosphurto	swatahspurta	swoto-sphurto	swatahspurta	swotosphurto
স্বপ্নদ্রষ্টা	shopnodroshta	swapnadrishta	shopno-droshta	swapnadrishta	shopnodroshta
স্বল্পস্থায়ী	sholposthayi	swalpasthayi	sholpo-sthayi	swalpasthayi	sholposthayee
স্বাক্ষরজালিয়াতি	shakkhorjaliati	swaksharajaliyati	shakkhor-jaliati	swaksharajaliyati	shakkhorjaliati
স্বাস্থ্যসচেতন	shasthoshocheton	swasthyasachetan	shasthyo-shocheton	swasthyasachetan	shasthoshocheton
স্বাস্থ্যবিধি	shasthobidhi	swasthyabidhi	shasthyo-bidhi	swasthyabidhi	shasthobidhi
স্বাধীনতাসংগ্রাম	swadhinotashonggram	swadhinatasangram	swadhinota-shonggram	swadhinatasangrama	swadhinotashonggram
স্বেচ্ছাসেবক	swechchhashebok	swechchhasebak	swechchha-shebok	swechchhasebaka	swechchhashebok
স্বেচ্ছাচারিতা	swechchhacharita	swechchhacharita	swechchha-charita	swechchhacharita	swechchhacharita
স্বেচ্ছানির্বাসন	swechchhanirbashon	swechchhanirvasan	swechchha-nirbashon	swechchhanirvasana	swechchhanirbashon
স্বর্ণাক্ষরে	swornakkhore	swarnakshare	sworno-kkhore	swarnakshare	swornakkhore
স্বর্ণপদকপ্রাপ্ত	swornopodokprapto	swarnapadakaprapta	sworno-podok-prapto	swarnapadakaprapta	swornopodokprapto
হস্তক্ষেপমূলক	hostokkhepmulok	hastakshepamulaka	hostokkhep-mulok	hastakshepamulaka	hostokkhepmulok
হস্তলিপিবিশেষজ্ঞ	hostolipibisheshoggo	hastalipibisheshagya	hostolipi-bisheshoggo	hastalipibisheshagya	hostolipibisheshoggo
হস্তান্তরযোগ্য	hostantorjoggo	hastantarayogya	hostantor-joggo	hastantarayogya	hostantorjoggo
হৃদস্পন্দন	hridspandon	hridayaspandan	hrid-spandon	hridayaspandana	hridspandon
হৃদরোগবিশেষজ্ঞ	hridrogbisheshoggo	hridrogabisheshagya	hridrog-bisheshoggo	hridrogabisheshagya	hridrogbisheshoggo
হৃদয়গ্রাহী	hridoygrahi	hridayagrahi	hridoy-grahi	hridayagrahi	hridoygrahi
হৃদয়বিদারক	hridoybidarok	hridayabidaraka	hridoy-bidarok	hridayabidaraka	hridoybidarok
হৃষ্টপুষ্ট	hrishtopushto	hrishtapushta	hrishto-pushto	hrishtapushta	hrishtopushto
হ্রাসপ্রাপ্ত	hrashprapto	hrasaprapta	hrash-prapto	hrasaprapta	hrashprapto
হ্রস্বদীর্ঘ	hroshwodirgho	hraswadIrgha	hroshwo-dirgho	hraswadIrgha	hroshwodirgho
হ্লাদিনীশক্তি	hladinishokti	hladinishakti	hladini-shokti	hladinishakti	hladinishokti
ক্ষমতায়ন	khomotayon	khomotayôn	khomota-yon	kshomotayon	khomotayan
খণ্ডকালীন	khondokalin	khondokalīn	khondo-kalin	khandokalin	khondokaleen
খণ্ডনযোগ্য	khondonjoggo	khondonjogya	khondo-njoggo	khandanajogya	khondonjoggo
খণ্ডিতাংশ	khonditangsho	khonditoangsho	khonditansho	khondo-tangsho	khanditansha
খণ্ডক্ষেত্র	khondokkhetro	khondokhetro	khondo-khetro	khandakshetra	khondokkhettro
খ্রিস্টপূর্ব	khristopurbo	khristopurba	khristo-purbo	khrishtopurbo	christopurbo
খ্রিস্টাব্দ	khristabdo	khristabda	khristo-abdo	khrishtabdo	christabdo
গঙ্গোত্রী	gonggotri	gangotri	gonggo-tri	ganggotri	gonggotree
গঙ্গাজল	gonggajol	gangajal	gonggo-jol	ganggajol	gonggojal
গণতন্ত্র	gonotontro	gonotantro	gono-tontro	ganatantra	gonotontro
গণমাধ্যম	gonomaddhom	gonamaddhom	gono-maddhom	ganamadhyam	gonomadhdhom
গণসংযোগ	gonoshongjog	gonosongjog	gono-shongjog	ganasangjog	gonosonjog
গণপ্রজাতন্ত্রী	gonoprojatontri	gonoprojatontree	gono-projatontri	ganaprajatantri	gonoprojatontro
গন্ধর্ব	gondhorbo	gandharbo	gondhorbo	gondho-rbo	gandharva
গর্ভধারণ	gorbhodharon	garbhodharon	gorbho-dharon	gorbhodharon	garbhadharan
গর্ভনিরোধক	gorbhonirodhok	garbhonirodhok	gorbho-nirodhok	gorbhonirodhok	garbhaniradhak
গর্ভস্থ	gorbhostho	garbhostho	gorbho-stho	gorbhasto	garbhastha
গল্পচ্ছলে	golpochchhole	golpochchole	golpo-cchole	galpachchhole	golpochhole
গুপ্তধন	guptodhon	guptodhan	gupto-dhon	guptadhan	guptodhon
গুপ্তচরবৃত্তি	guptochorbritti	guptochorbritti	gupto-chorbritti	guptacharbritti	guptochorbritti
গৃহস্থালি	grihosthali	grihosthali	griho-sthali	grihasthali	grihosthalee
গৃহীতব্য	grihitobbo	grihitabbo	grihito-bbo	grihitobyo	grihitabya
গৃহসজ্জা	grihoshajja	grihosojja	griho-shajja	grihasajja	grihoshôjja
গ্রন্থাগার	gronthagar	granthagar	grontho-gar	granthagara	gronthagar
গ্রন্থস্বত্ব	gronthoshotto	granthoswotto	grontho-shotto	granthaswatwa	gronthoswotto
গ্রন্থপ্রণেতা	gronthoproneta	granthoproneta	grontho-proneta	granthapraneta	gronthoproneta
গ্রন্থিত	gronthito	granthito	gronthit	granthita	gronthito
গ্রাম্যতা	grammyota	gramota	grammyota	gramyo-ta	gramyata
গ্রাহ্যযোগ্য	grahhojoggo	grahyajoggo	grahho-joggo	grahyayogya	grahhojoggo
ঘনিষ্ঠতা	ghonishtota	ghanishtota	ghonishto-ta	ghanisthata	ghonishtota
ঘর্ষণজনিত	ghoshonjonito	ghorShonjonito	ghorshon-jonito	gharshanajanita	ghorshonjonito
ঘ্রাণশক্তি	ghranshokti	ghranshakti	ghran-shokti	ghranshokti	ghranashakti
ঘোষণাপত্র	ghoshonapotro	ghoshonapatro	ghoshona-potro	ghoshanapatra	ghoshonapotro
চক্ষুশূল	chokkhushul	chokkhu-shul	chakshushul	chokkhushool	chakshushoola
চক্ষুদান	chokkhudan	chokkhu-dan	chakshudan	chokkhudaan	chakshudana
চক্ষুবিশেষজ্ঞ	chokkhubisheshoggo	chokkhubiseshoggo	chokkhu-bisheshoggo	chakshubisheshagya	chokkhubiseshoggô
চঞ্চলতা	choncholota	chancholota	choncholo-ta	chanchalata	choncholota
চন্দ্রগ্রহণ	chondrogrOhon	chondrogrOhon	chondro-grohon	chandragrahan	chondrogrôhon
চন্দ্রালোকে	chondroaloke	chondraloke	chondro-aloke	chandraloke	chondroaloke
চন্দ্রবিন্দু	chondrobindu	chondrobindu	chondro-bindu	chandrabindu	chondrobindo
চিত্রগ্রহণ	chitrogrohon	chitro-grohon	chitragrohon	chitrogrohon	chitragrohan
চিত্রনাট্য	chitronattyo	chitronatyo	chitro-natyo	chitranatya	chitronattyo
চিত্রশিল্পী	chitroshilpi	chitro-shilpi	chitrashilpi	chitroshilpee	chitroshilpi
চ্ছত্রভঙ্গ	cchotrobhonggo	chchotrobhonggo	cchotro-bhonggo	chhatrabhanga	cchotrobhanggo
ছিন্নভিন্ন	chhinnobhinno	chinnobhinno	chhinno-bhinno	chinnabhinnna	chhinnobhinno
ছিন্নমূল	chhinnomul	chinnomul	chhinno-mul	chinnamula	chhinnomool
ছদ্মবেশী	chhodmobeshi	chadmobeshi	chhodmo-beshi	chhadmabeshi	chhodmobeshee
ছদ্মনাম	chhodmonam	chadmonam	chhodmo-nam	chhadmanam	chhodmonam
ছদ্মবিজ্ঞান	chhodmobiggan	chadmobiggan	chhodmo-biggan	chhadmabigyan	chhodmobiggan
জন্মগত	jonmogoto	janmogoto	jonmo-goto	janmagata	jonmogoto
জন্মনিয়ন্ত্রণ	jonmoniyontron	janmoniyontron	jonmo-niyontron	janmaniyantran	jonmoniyontron
জন্মাষ্টমী	jonmashtomi	janmashtomi	jonmo-shtomi	janmashtami	jonmashtomee
জন্মান্তর	jonmantor	janmantor	jonmo-antor	janmantar	jonmantor
জ্ঞানচর্চা	ggyanchorcha	gyanchoRcha	gyan-charcha	jnanchorcha	ggyanchorcha
জ্ঞানতত্ত্ব	ggyantotto	gyantotto	gyan-totto	jnantattwa	ggyantotto
জ্ঞানপিপাসু	ggyanpipashu	gyanpipashu	gyan-pipashu	jnanapipashu	ggyanpipashu
জ্ঞানেন্দ্রিয়	ggyanendriyo	gyanendriyo	gyan-endriyo	jnanendriya	ggyanendriyo
জ্যোতির্বিজ্ঞান	jyotirbiggan	jyotirbigyan	jyotir-biggan	jyotirvijnan	jyotirbiggan
জ্যোৎস্নালোকে	jyotsnaloke	jotsnaloke	jyotsna-loke	jyotsnaloke	jyotsnalokay
জ্যেষ্ঠত্ব	jyeshthotto	jeshthotto	jyeshtho-tto	jyeshthatwa	jyeshtotto
ঝঞ্ঝাবিক্ষুব্ধ	jhonjhabikkhubdho	jhanjhabikshubdho	jhonjha-bikkhubdho	jhanjhabikshubdha	jhonjhabikkhubdho
ঝঞ্ঝাপ্রবাহ	jhonjhaprobaho	jhanjhaprobaho	jhonjha-probaho	jhanjhaprabaha	jhonjhaprobaho
টঙ্কারধ্বনি	tonkardhwoni	tankardhwoni	tonkar-dhwoni	tankaradhwani	tonkardhwoni
ট্রান্সক্রিপ্ট	transkript	transcripto	trans-kript	transkripto	transkript
ট্র্যাজেডি	trajedi	tragedy	tryaJedi	tra-jedi	trajedy
ট্রান্সফরমার	transformer	transphormar	trans-formar	transphormer	transformer
ট্র্যাকিংসিস্টেম	tracking-system	tracking-sistem	trackingsystem	tracking-sistam	traking-system
ডঙ্কাধ্বনি	donkadhwoni	dankadhwoni	donka-dhwoni	dankadhwani	donkadhwoni
ড্রাইভারবিহীন	driverbihin	draiverbihin	driver-bihin	draivarabihin	driverbiheen
ড্রোনপ্রযুক্তি	droneprojukti	dronprojukti	drone-projukti	dronoprojukti	droneprojuktee
ঢাকঢোল	dhakdhol	dhak-dhol	dhakdhol	dhakadhol	dhakdhol
তত্ত্বাবধান	tottabodhan	tattwabodhan	tottwo-bodhan	tattwabadhan	tottabodhan
তত্ত্বজ্ঞ	tottoggo	tattwaggo	tottwo-ggô	tattwagnya	tottoggo
তত্ত্বীয়	tottiyo	tattwiyo	tottwo-iyo	tattwiya	tottiyo
তত্ত্বানুসন্ধান	tottanushondhan	tattwanushondhan	tottwo-anushondhan	tattwanusandhan	tottanushondhan
তন্ত্রমন্ত্র	tontromontro	tantramantro	tontro-montro	tantramantra	tontromontro
তন্ত্রজ্ঞ	tontroggo	tantraggya	tontro-ggô	tantragnya	tontroggo
তন্ত্রশাস্ত্র	tontroshastro	tantrashastro	tontro-shastro	tantrashastra	tontroshastro
তৎক্ষণাৎ	totkhonat	tatkshonat	totkhonat	tatkshanat	totkhonat
তদ্ব্যতীত	todbyotito	tadbyotito	todbyotit	tadvyatito	todbyotito
তদ্ভব	todbhob	tadbhob	tod-bhob	tadbhava	todbhob
তদ্রূপ	todroup	tadroup	tod-rup	tadrupa	todroop
তন্ময়তা	tonmoyota	tanmoyota	tonmoyo-ta	tanmayata	tonmoyota
তন্মধ্যে	tonmoddhe	tanmaddhe	tonmo-ddhe	tanmadhye	tonmoddhe
তপ্তকাঞ্চন	toptokanchon	taptokanchon	topto-kanchon	taptakanchan	toptokanchon
তর্কবিতর্ক	torkobitorko	tarkobitarko	torko-bitorko	tarkavitarka	torkobitorko
তর্কশাস্ত্র	torkoshastro	tarkashastro	torko-shastro	tarkashastra	torkoshastro
ত্রিকোণমিতি	trikonmiti	trikonmiti	trikoN-miti	trikonamiti	trikonmiti
ত্রিমাত্রিক	trimatrik	trimatriko	tri-matrik	trimatrika	trimatrik
ত্র্যহস্পর্শ	tryohosporSho	tryahosparsho	tryoho-sparsho	tryahasparsha	tryohosporSho
ত্র্যয়োদশ	tryoyodosh	tryayodosh	tryoyo-dosh	tryayodasha	tryoyodosh
ত্রিশঙ্কু	trishonku	trishanku	trishonku	trishanku	trishonku
ত্রুটিমুক্ত	trutimukto	truti-mukto	trutimukto	trutimoKto	trutimuKta
ত্বরণশীল	ttoronshil	tworonshil	tworon-shil	twaranshil	ttoronshil
ত্বকবিশেষজ্ঞ	ttokobisheshoggo	twokobisheshoggo	twoko-bisheshoggo	twakabisheshagya	ttokobiseshoggô
ত্বষ্টা	ttoshTa	twoshta	twoshTa	twashta	ttoshTa
থ্রিডিপ্রিন্টিং	three-dee-printing	3d-printing	thriDi-printing	threedeeprinting	thri-di-printing
দণ্ডপ্রাপ্ত	dondoprapto	dandoprapto	dondo-prapto	dandaprapta	dondoprapto
দণ্ডবিধি	dondobidhi	dandobidhi	dondo-bidhi	dandabidhi	dondobidhi
দন্ত্যধ্বনি	donttodhwoni	dantyodhwoni	dontto-dhwoni	dantyadhwani	donttodhwoni
দুর্ভাগ্যজনক	durbhaggojonok	durbhaggyojonok	durbhaggo-jonok	durbhagyajanak	durbhaggojonok
দুর্বোধ্যতা	durbodhdhota	durbodhyota	durbodhyo-ta	durbodhyata	durbodhdhota
দুর্বৃত্তায়ন	durbrittyayon	durbrittoyon	durbritto-yon	durvrittayan	durbrittyayon
দুর্বিষহ	durbishoh	durbishaho	dur-bishoh	durvishaha	durbishoh
দুর্দান্ত	durdanto	durdanta	dur-danto	durdanta	durdanto
দুর্নীতিগ্রস্ত	durnitigrasto	durnitigrasto	durniti-grasto	durnitigrasta	durnitigrasto
দুর্নিবার	durnibar	durnibar	dur-nibar	durnibara	durnibar
দুর্গমতা	durgomota	durgamota	durgomo-ta	durgamata	durgomota
দুর্ঘটনাপ্রবণ	durghotonaprobOn	durghotonaprobon	durghotona-probon	durghatanaprabana	durghotonaprobon
দৃষ্টান্তমূলক	drishtantomulok	drishtantamulok	drishtanto-mulok	drishtantamulaka	drishtantomulok
দৃষ্টিভঙ্গি	drishtibhongi	drishtivongi	drishti-bhongi	drishtibhangi	drishtibhongi
দৃশ্যপট	drishshopot	drishyopot	drishyo-pot	drishyapat	drishshopot
দৃশ্যমানতা	drishshomanota	drishyomanota	drishyo-manota	drishyamanata	drishshomanota
দ্বন্দ্বমূলক	dwondomulok	dondomulok	dwondo-mulok	dwandwamulaka	dwondomulok
দ্ব্যর্থবোধক	dwyorthobodhOk	dwyarthobodhOk	dwyortho-bodhOk	dvyarthabodhaka	dwyorthobodhOk
দ্ব্যর্থহীন	dwyorthihin	dwyarthohin	dwyortho-hin	dvyarthahin	dwyorthihin
দ্বিপাক্ষিক	dwipakkhik	dipakkhik	দ্বি-pakkhik	dwipakshik	dwipakkhik
দ্বিমুখীতা	dwimukhita	dimukhita	dwi-mukhita	dwimukhita	dwimukhita
দ্বিরুক্তি	dwirukti	dirukti	dwi-rukti	dwirukti	dwirukti
দ্বৈতনাগরিকত্ব	dwoitonagorikotto	dwoitonagorikotto	dwoito-nagorikotto	dwaitanagarikatwa	dwoitonagorikotto
দ্বৈরথ	dwoirotho	dwoiratho	dwoirotho	dwairatha	dwoirotho
দ্রব্যসামগ্রী	drobboshamagri	drabboshamagri	drobbo-shamagri	dravyasamagri	drobboshamogri
দ্রব্যমূল্য	drobbonmullo	drabbomullo	drobbo-mullo	dravyamulya	drobbomullo
দ্রুতগামী	drutogami	drutogamee	druto-gami	drutagami	drutogami
দ্রাঘিমাংশ	draghimangsho	draghimansho	draghima-angsho	draghimangsha	draghimangsho
দ্রষ্টব্য	droshtobbo	drashtabbo	droshto-bbo	drashtavya	droshtobbo
দ্রোহপ্রবণ	drohoprobon	drohoprobon	droho-probon	drohaprabana	drohoprobon
ধ্বংসপ্রাপ্ত	dhongshoprapto	dhwongshoprapto	dhwongsho-prapto	dhwansaprapta	dhongshoprapto
ধ্বনিতত্ত্ব	dhwonitotto	dhonitotto	dhwoni-totto	dhwanitattwa	dhwonitotto
ধ্বনিমুদ্রণ	dhwonimudron	dhonimudron	dhwoni-mudron	dhwanimudran	dhwonimudron
ধৃষ্টতা	dhrishtota	dhrishtota	dhrishto-ta	dhrishtata	dhrishtota
ধ্রুপদীসংগীত	dhrupodishonggit	dhrupodisangit	dhrupodi-shonggit	dhrupadisangit	dhrupodishonggit
ধ্রুবতারা	dhrubotara	dhruvotara	dhruvo-tara	dhruvatara	dhrubotara
ধ্রুবকরণ	dhrubokoron	dhruvokoron	dhruvo-koron	dhruvakaran	dhrubokoron
ধর্মনিরপেক্ষ	dhormoniropekkho	dhormonirapekkho	dhormo-niropekkho	dharmanirapeksha	dhormoniropekkho
ধর্মগ্রন্থ	dhormogrontho	dhormograntho	dhormo-grontho	dharmagrantha	dhormogrontho
ধর্মীয়সম্প্রীতি	dhormiyoshompriti	dhormiyosompriti	dhormiyo-shompriti	dharmiyasampriti	dhormiyoshompriti
ধৈর্যশক্তি	dhoirjoshokti	dhairjoshokti	dhoirjo-shokti	dhairyashakti	dhoirjoshokti
নক্ষত্রপুঞ্জ	nokkhotropunjo	nakshatropunjo	nokkhotro-punjo	nakshatrapunja	nokkhotropunjo
নক্ষত্রলোক	nokkhotrolok	nakshatrolok	nokkhotro-lok	nakshatraloka	nokkhotrolok
নক্ষত্রমণ্ডল	nokkhotromondol	nakshatromondol	nokkhotro-mondol	nakshatramandala	nokkhotromondol
নগ্নপদ	nognopod	nagnopod	nogno-pod	nagnapada	nognopod
নব্বইতম	nobboitomo	nobboitomo	nobboi-tomo	nabboitama	nobboitomo
নিঃশব্দতা	nihshobdota	nishshobdota	nih-shobdota	nihshabdata	nihshobdota
নিঃস্বার্থতা	nihsharthota	nishsharthota	nih-sharthota	nihswarthata	nihsharthota
নিঃসঙ্গতা	nihshonggota	nishshonggota	nih-shonggota	nihsangata	nihshonggota
নিঃসন্দেহে	nihshondehe	nishshondehe	nih-shondehe	nihsandehe	nihshondehe
নিঃশেষিত	nihsheshito	nishsheshito	nih-sheshito	nihsheshita	nihsheshito
নিঃস্পৃহ	nihsprihho	nishprihho	nih-sprihho	nihsprihha	nihsprihho
নিঃশ্বাসপ্রশ্বাস	nihshashproshash	nishshashproshash	nihshash-proshash	nihshwasaprashwas	nihshashproshash
নির্ঘণ্ট	nirghonto	nirghonta	nir-ghonto	nirghanta	nirghonto
নির্ঘুম	nirghum	nirghoom	nir-ghum	nirghuma	nirghum
নির্দিষ্টকরণ	nirdishtokoron	nirdishtokoron	nirdishto-koron	nirdishtakaran	nirdishtokoron
নির্দেশনামূলক	nirdeshonamulok	nirdeshnamulok	nirdeshona-mulok	nirdeshanamulaka	nirdeshonamulok
নির্বাচনযোগ্য	nirbachonjoggo	nirbachonyoggo	nirbachon-joggo	nirbachanayogya	nirbachonjoggo
নির্বিষীকরণ	nirbishikoron	nirvishikoron	nirbishi-koron	nirvishikaran	nirbishikoron
নির্মমতা	nirmomota	nirmamata	nirmomo-ta	nirmamata	nirmomota
নির্মাণশৈলী	nirmanshoili	nirmanshailee	nirman-shoili	nirmanashaili	nirmanshoili
নির্লিপ্ততা	nirliptota	nirlipttota	nir-lipto-ta	nirliptata	nirliptota
নিষ্কণ্টক	nishkontok	nishkantok	nish-kontok	nishkantaka	nishkontok
নিষ্ক্রিয়তা	nishkriyota	nishkriota	nish-kriyota	nishkriyata	nishkriyota
নিষ্কলুষতা	nishkolushota	nishkalushota	nish-kolushota	nishkalushata	nishkolushota
নিষ্পত্তিযোগ্য	nishpottijoggo	nishpottiyoggo	nishpotti-joggo	nishpattiyogya	nishpottijoggo
নিষ্প্রভতা	nishprobhotā	nishprabhotā	nish-probho-ta	nishprabhata	nishprobhotā
নিষ্ফলতা	nishpholota	nishfolota	nish-pholota	nishphalata	nishpholota
নিষ্কাশন	nishkashon	nishkashan	nish-kashon	nishkashana	nishkashon
নিষ্ঠুরতা	nishthurata	nisthurata	nishthuro-ta	nishthurata	nishthurata
নিস্পৃহতা	nisprihota	nisprihhota	nis-priho-ta	nisprihata	nisprihota
নৃত্যশিল্পী	nrityoshilpi	nrityashilpi	nrityo-shilpi	nrityashilpi	nrityoshilpee
নৃত্যনাট্য	nrityonattyo	nrityonatyo	nrityo-natyo	nrityanatya	nrityonattyo
নেতৃত্বস্থানীয়	netrittosthaniyo	netritwosthaniyo	netritto-sthaniyo	netritwasthaniya	netrittosthaniyo
ন্যায়সংগত	nyayshonggoto	nyayasonggoto	nyay-shonggoto	nyayasangata	nyayshonggoto
ন্যূনতম	nyunotomo	nyunotamo	nyuno-tomo	nyunatama	nyunotomo
পক্ষপাতদুষ্ট	pokkhopatodusto	pakshapatodushto	pokkhopato-dusto	pakshapatadushta	pokkhopatodusto
পক্ষীশাস্ত্র	pokkhishastro	pakshishastro	pokkhi-shastro	pakshishastra	pokkhishastro
পঞ্চত্বপ্রাপ্ত	ponchottoprapto	panchattwaprapto	ponchotto-prapto	panchatwaprapta	ponchottoprapto
পঞ্চমুখী	ponchomukhi	panchomukhi	poncho-mukhi	panchamukhi	ponchomukhee
পঞ্চাশত্তম	ponchashottom	panchashattama	ponchash-ottom	panchashattama	ponchashottom
পণ্ডিতমশাই	ponditmoshai	panditmoshai	pondit-moshai	panditamashai	ponditmoshai
পদক্ষেপসমূহ	podokkhepshomuho	podokkhepsomuho	podokkhep-shomuho	padakshepasamuha	podokkhepshomuho
পরীক্ষার্থী	porikkharthi	porikkharthi	porikkha-rthi	pariksharthi	porikkhartee
পরীক্ষানিরীক্ষা	porikkhanirikkha	porikkhaniriksha	porikkha-nirikkha	parikshaniriksha	porikkhanirikkha
পরিচ্ছন্নতা	poricchonnata	porichchhonnata	poricchonno-ta	parichchhannata	poricchonnata
পরিচ্ছেদ	poricched	porichchhed	poricchhed	parichchheda	poricched
পরিচ্ছন্নকর্মী	poricchonnokormi	porichchhonnokormi	poricchonno-kormi	parichchhannakarmi	poricchonnokormee
পর্যবেক্ষণ	porjobekkhon	porjobekshon	porjobekkhon	paryabekshan	porjobekkhon
পর্যায়ক্রমিক	porjaykromik	porjaykromik	porjay-kromik	paryayakramik	porjaykromik
পর্যাপ্ততা	porjaptota	porjapttota	porjapto-ta	paryaptata	porjaptota
পর্যটনশিল্প	porjotonshilpo	porjotonshilpo	porjoton-shilpo	paryatanashilpa	porjotonshilpo
পর্যুদস্ত	porjudosto	porjyudosto	porjudosto	paryudasta	porjudosto
পর্যবসিত	porjoboshito	porjobosito	porjobo-shito	paryavasita	porjoboshito
পরিষ্করণ	porishkoron	porishkaran	porish-koron	parishkaran	porishkoron
পরিষদীয়	porishodiyo	porishodiyo	porishod-iyo	parishadiya	porishodiyo
পর্ষদসভা	porshodshobha	parshodshobha	porshod-shobha	parishadsabha	porshodshobha
পার্থক্যসূচক	parthokshosuchok	parthakyosuchok	parthokko-suchok	parthakyasuchaka	parthokshosuchok
পার্থিবতা	parthibota	parthivota	parthibo-ta	parthivata	parthibota
পুনরুদ্ধার	punoruddhar	punaruddhar	punor-uddhar	punaruddhara	punoruddhar
পুনর্গঠন	punorgothon	punargothon	punor-gothon	punargathan	punorgothon
পুনর্নির্বাচন	punornirbachon	punarnirbachon	punor-nirbachon	punarnirbachan	punornirbachon
পুনর্বাসন	punorbashon	punarbashon	punor-bashon	punarvasan	punorbashon
পুস্তকপ্রণয়ন	pustokpronoyon	pustokpranoyon	pustok-pronoyon	pustakapranayan	pustokpronoyon
পূর্বনির্ধারিত	purbonirdharito	purbanirdharito	purbo-nirdharito	purbanirdharita	purbonirdharito
পূর্বপ্রস্তুতি	purboprostuti	purboprostuti	purbo-prostuti	purbaprasthuti	purboprostuti
পূর্বাভাস	purbavash	purbabhash	purbo-bhash	purbabhasa	purbavash
পূর্বশর্ত	purboshorto	purbashorto	purbo-shorto	purbasharta	purboshorto
প্রজ্ঞাপন	proggapon	progyapon	progga-pon	pragyapan	proggapon
প্রজ্ঞাবান	proggaban	progyaban	progga-ban	pragyaban	proggaban
প্রচ্ছদশিল্প	prochchhodshilpo	prochchhadshilpo	prochchhod-shilpo	prachchhadashilpa	prochchhodshilpo
প্রচ্ছন্নতা	prochchhonnata	prochchhonnata	prochchonno-ta	prachchhannata	prochchhonnata
প্রচ্ছায়া	prochchhaya	prochchhaya	prochcho-chhaya	prachchhaya	prochchhaya
প্রচণ্ডতা	prochondota	prochandota	prochondo-ta	prachandata	prochondota
প্রজ্বলিত	projjolito	prajjolito	projjolito	prajwalita	projjolito
প্রজন্মান্তর	projonmantor	prajanmantor	projonmo-antor	prajanmantar	projonmantor
প্রত্নতাত্ত্বিক	protnotattwik	pratnotattwik	protno-tattwik	pratnatattwik	protnotattwik
প্রত্নসম্পদ	protnoshompod	pratnosompod	protno-shompod	pratnasampad	protnoshompod
প্রত্যক্ষদর্শী	prottokkhdorshi	protyokkhdorshi	prottokkho-dorshi	pratyakshadarshi	prottokkhdorshee
প্রত্যয়নপত্র	prottoyonpotro	protyayonpotro	prottoyon-potro	pratyayanapatra	prottoyonpotro
প্রত্যুত্তর	prottyuttor	protyuttor	prottyu-ttor	pratyuttara	prottyuttor
প্রত্যুৎপন্নমতিত্ব	prottyutponnomotitto	protyutponnomotitto	prottyutponno-motitto	pratyutpannamatitwa	prottyutponnomotitto
প্রতিষ্ঠানিক	protishthanik	pratishthanik	protishthan-ik	pratishthanik	protishthanik
প্রতিষ্ঠাবার্ষিকী	protishthabarshiki	pratishthabarshiki	protishtha-barshiki	pratishthabarsiki	protishthabarshiki
প্রতিস্থাপন	protisthapon	pratishthapon	protistha-pon	pratishthapan	protisthapon
প্রতিস্পর্ধা	protisporDha	pratispardha	protispor-dha	pratispardha	protisporDha
প্রদ্যোতিত	prodjyotito	pradyotito	prodyo-tito	pradyotita	prodjyotito
প্রদর্শনযোগ্য	prodorshonjoggo	pradarshanyoggo	prodorshon-joggo	pradarshanayogya	prodorshonjoggo
প্রদোষকাল	prodoshkal	pradoshkal	prodoSh-kal	pradoshakala	prodoshkal
প্রধানমন্ত্রী	prodhanmontri	pradhanmontri	prodhan-montri	pradhanamantri	prodhanmontri
প্রবঞ্চনামূলক	probonchonomulok	prabanchanamulok	probonchona-mulok	prabanchanamulaka	probonchonomulok
প্রবৃত্তিগত	probrittigoto	pravrittigato	probritti-goto	pravrittigata	probrittigoto
প্রবৃদ্ধি	probritdhi	pravriddhi	probri-ddhi	pravriddhi	probritdhi
প্রশ্নবোধক	proshnobodhok	prashnabodhak	proshno-bodhok	prashnabodhaka	proshnobodhok
প্রশ্নোত্তর	proshnottor	prashnottor	proshno-ttor	prashnottara	proshnottor
প্রশংসাসূচক	proshongshasuchok	prashangsasuchok	proshongsha-suchok	prashangsasuchaka	proshongshasuchok
প্রশস্তকরণ	proshostokoron	prashastakaran	proshosto-koron	prashastikaran	proshostokoron
প্রসঙ্গক্রমে	proshonggokrome	prasanggakrome	proshonggo-krome	prasangakrama	proshonggokrome
প্রস্তাবনাপত্র	prostabonapotro	prastabanapatro	prostabona-potro	prastabanapatra	prostabonapotro
প্রস্তাবিত	prostabito	prastabito	prostabit	prastabita	prostabito
প্রস্ফুটিত	prosphutito	prasphutito	prosphu-tito	prasphutita	prosphutito
প্রাণপ্রতিষ্ঠা	pranoprotishtha	pranapratishtha	prano-protishtha	pranapratishtha	pranoprotishtha
প্রামাণ্যচিত্র	pramannochitro	pramanyochitro	pramanno-chitro	pramanyachitra	pramannochitro
প্রিয়দর্শিনী	priyodorshini	priyadarshini	priyo-dorshini	priyadarshini	priyodorshinee
প্রয়োজনীয়তা	proyojoniyota	prayojoniyota	proyojoniyo-ta	prayojaniyata	proyojoniyota
প্রেক্ষাপট	prekkhapot	prekshapot	prekkha-pot	prekshapat	prekkhapot
প্রেক্ষাগৃহ	prekkhagriho	prekshagriho	prekkha-griho	prekshagriha	prekkhagriho
প্রৈষণ	proishon	praishon	პროishon	praishana	proishon
অক্ষ্মতা	okkhomota	okkhomota	okkhamota	okkhomota	akkhamota
অক্ষুণ্ণ	okkhunno	okkhunno	okkhunyo	okkhunno	akkshunno
অক্ষয়	okkhoy	okkhoy	okkhôy	okkhay	akkshoy
অক্ষরজ্ঞান	okkhor-ggan	okkhor-gyan	okkhor-jan	okkhorjgan	akkhor-gyan
অক্ষিপট	okkhipot	okshipot	okkhipot	okkshi-pot	akkhipot
অগ্ন্যুৎপাত	ognyutpat	agnyutpat	oggnutpat	ognyutpaat	agniutpat
অগ্ন্যাশয়	ognyashoy	agnyashoy	oggnashoy	agnashoy	ognyasoy
অগ্ন্যুদ্গার	ognyudgar	agnyudgar	oggnudgar	ognyudgaar	agniudgar
অঙ্গীকার	ongikar	ongikaar	angikar	ongikar	onggeekar
অঙ্গুষ্ঠ	ongushtho	ongustho	angushtho	ongushtho	ongushto
অঙ্কশাস্ত্র	onkoshastro	onkoshastro	ankoshastro	onko-shastro	onkshastro
অঙ্কুরোদ্গম	onkurodgom	onkurodgam	ankurodgam	onkurudgom	onkurodgom
অঙ্ক্ষণ	onkkhon	onkshon	ankshon	onkkhon	onkshôn
অঙ্কিত	onkito	onkito	ankito	onkito	onkita
অঙ্গপ্রত্যঙ্গ	onggo-prottongo	onggo-prottongo	anggo-prottongo	ongoprotongo	onggo-protyongo
অনুজ্ঞাপত্র	onuggyapotro	onujnapotro	onuggnapatro	onuggya-potro	onujna-patro
অনুজ্ঞা	onuggya	onujna	onugga	onuggya	onujnya
অন্বেষণ	onneshon	onweshon	onneshan	anbeson	onbeshon
অন্বিত	onbito	onwito	onbito	anbhito	onvito
অনুষ্ঠান	onushthan	onusthan	anushtan	onushthan	onushtan
অনুষ্ঠিত	onushthito	onusthito	anushtito	onushthito	onushtito
অনুষ্ঠেয়	onushthêyo	onustheyo	anushtheyo	onushteyo	onushtheyo
অন্তঃকরণ	ontokoron	ontohkoron	antokoron	ontokaron	antahkoron
অন্তঃসত্ত্বা	ontosottwa	ontohsottwa	antosottwa	ontosottoa	antahsattwa
অন্ত্যজ	ontojjo	antyojo	onttoj	antajjo	ontyojo
অন্ত্যেষ্টিক্রিয়া	ontyeshtikriya	antyestikriya	ontojestikriya	ontyeshti-kriya	antyesthi-kriya
অন্তর্গত	ontorgoto	antorgoto	ontorgoto	ontor-goto	antargata
অন্তর্দৃষ্টি	ontordrishti	antordrishti	ontordrishti	ontor-drishti	antardrishti
অন্তর্ধান	ontordhan	antordhan	ontordhan	ontor-dhan	antardhan
অন্তর্বর্তী	ontorborti	antorborti	ontorborty	ontor-borti	antarborti
অন্তর্বাস	ontorbash	antorbash	ontorbas	ontor-bash	antarbas
অন্তর্মুখী	ontormukhi	antormukhi	ontormukhee	ontor-mukhi	antarmukhi
অন্তর্যামী	ontorjami	antorjami	ontor-yami	ontorjamee	antarjami
অন্ত্র	ontro	antro	ontrô	ontro	antra
অন্যত্র	onnotro	onnotro	anyotro	onnotra	onnotro
অন্যোন্য	onnonno	onnyonno	anyonno	onno-onnô	onyonno
অভ্যন্তরীণ	ovvontorin	obhyontorin	ovyontorin	obhontorin	obhyantorin
অভ্যর্থনা	ovvorthona	obhyorthona	ovyorthona	obhortona	obhyarthona
অভ্যুদয়	ovvudoy	obhyudoy	ovyudoy	obhudoy	obhyudaya
অভ্যুত্থান	ovvutthan	obhyutthan	ovyutthan	obhutthan	obhyutthan
অভিশ্রুতি	ovishruti	obhishruti	ovishruti	obhisruti	abhishruti
অভিসন্ধি	ovisondhi	obhishondhi	ovisondhi	obhisondhi	abhisandhi
অভিজ্ঞতা	oviggota	obhiggota	oviggyota	obhigyota	abhiggyota
অভিজ্ঞাপন	oviggapon	obhiggapon	oviggyapon	obhigyapon	abhiggyapon
অবজ্ঞা	obogga	oboggya	obojna	obogya	abogga
অবক্ষয়	obokkhoy	obokkhoy	obokkshoy	obokshay	abokkhoy
অবিচ্ছিন্ন	obicchinno	obichchhinno	obicchino	obichinno	abichchhinno
অবিচ্ছেদ্য	obicchedyo	obichchhedyo	obiccheddo	obichhedyo	abichchhedya
অবশ্যম্ভাবী	obosshombhabi	obosshyombhabi	abashombhabi	obosshombabi	oboshyombhabi
অবস্থিত	obosthito	obosthito	abosthito	obosthit	obasthito
অষ্টাঙ্গ	oshtango	oshtanggo	ashtango	oshto-ongo	ashtangga
অষ্টমঙ্গল	oshtomonggol	oshtomongol	ashtomonggol	oshto-mongol	ashtamangal
অষ্টাদশ	oshtadosh	oshtadash	ashtadosh	oshto-dosh	ashtadasha
অষ্টোত্তর	oshtottor	oshtottor	ashtottor	oshto-uttor	ashtottara
আকাঙ্ক্ষা	akangkha	akankkha	akanksha	akangkha	akankkha
আকাঙ্ক্ষিত	akangkshito	akankkhito	akankshito	akangkshito	akankkhita
আকস্মিক	akoshmik	akosmiko	akosmik	akoshmik	akasmik
আকৃষ্ট	akrishto	akrishto	akrisht	akrishto	akrishta
আত্মপ্রত্যয়	attoprottoy	atmoprottoy	attoprottay	atmaprattoy	attoprotyoy
আত্মসংযম	attoshongjom	atmoshongjom	attosongjom	atmasongjom	attosonjam
আত্মসাৎ	attoshat	atmoshat	attosat	atmasat	attoshath
আত্মশুদ্ধি	attoshuddhi	atmoshuddhi	attosuddhi	atmashuddhi	attoshudhdhi
আত্মসমর্পণ	attosomorpon	atmosomorpon	attosamorpon	atmasamarpan	attosomorpon
আত্মীয়স্বজন	attiyoshwojon	atmiyoswojon	attiyoshojon	atmiya-swojon	attiyoswajan
আদ্যোপান্ত	addopanto	adyopanto	addyo-panto	adyopanto	addyopanto
আদ্যাক্ষর	addakkhor	adyakkhor	addyakkhor	adyokkhôr	addyokkhôr
আবিষ্কৃত	abishkrito	abishkritto	abiskrito	abishkrit	abishkrityo
আবিষ্কার্য	abishkarjo	abishkaryô	abishkarjo	abishkarya	abiskarjo
আশ্চর্য	ashchorjo	aschorjo	ashchoryo	aschorjyo	ashchorjô
আশ্চর্যান্বিত	ashchorjanbito	aschorjanbito	ashchoryanbito	aschorjyanbito	ashchorjo-anbito
আশ্বাসপ্রদ	asshashprod	ashwashprod	ashshashprod	ashashprod	ashwasprado
আশ্রম	ashram	asrom	ashrom	ashrôm	ashrama
ইচ্ছাকৃত	icchakrito	ichchakrito	icchakritto	ichhakrito	ichchakrityo
ইচ্ছামৃত্যু	icchamrittu	ichchamrittu	icchamrityu	ichhamrittu	ichchamrityu
ইন্দ্রজাল	indrojal	indrajal	indrojaal	indro-jal	indrajaal
ইন্দ্রিয়গ্রাহ্য	indriyograhho	indriograhho	indriyo-grahho	indriyograhya	indrio-grahya
ইন্দ্রপ্রস্থ	indroprosthô	indraprostho	indroprostho	indro-prostho	indraprastha
ইষ্টদেবতা	ishtodebota	ishtodevota	istodebota	ishto-debota	ishtadevata
ঈর্ষান্বিত	irshanbito	irshyanbito	irsanbito	irsha-anbito	irshyanwito
ঈর্ষ্যাপরায়ণ	irshyaporayon	irshaparayon	irshyaporayon	irsha-porayon	irshyaparayan
উচ্ছ্বাস	ucchhash	uchchhash	ucchas	uchhash	ucchwas
উচ্ছৃঙ্খল	ucchhrinkhol	uchchhrinkhol	ucchringkhol	uchhrinkhol	ucchhrrinkhol
উচ্ছেদ	ucched	uchchhed	ucched	uchhed	ucchhed
উজ্জ্বল	ujjol	ujjwol	ujjol	ujjal	ujjwala
উজ্জীবন	ujjibon	ujjibon	ujjibon	ujjibôn	ujjiban
উৎকণ্ঠা	utkontha	utkantha	utkontha	utkonttha	utkanthha
উৎকর্ষ	utkorso	utkarsho	utkorso	utkarshô	utkarsha
উৎক্ষেপণ	utkkhepon	utkshepon	utkkhepon	utkshepan	utkhepon
উৎপত্তি	utpotti	utpotti	utpotty	utpatti	utpotti
উৎপাদনশীল	utpadonshil	utpadanshil	utpadonshil	utpadonshheel	utpadansheel
উৎপ্রেক্ষা	utprekkha	utpreksha	utprekkha	utprekha	utprekshya
উৎসর্গীকৃত	utsorgikrito	utsorgikritto	utsorgikrito	utsargikrito	utsorgikrit
উৎসবমুখর	utsobmukhor	utsabmukhor	utsobmukhor	utsob-mukhor	utsavamukhar
উদ্ভাবন	udbhobon	udbhabon	udbhaban	udbhabon	udbhobon
উদ্ভ্রান্ত	udbhranto	udbhranto	udbhranto	udbhranta	udbhrantô
উদ্ঘাটন	udghaton	udghaton	udghatan	udghaton	udghatôn
উদ্ঘোষণা	udghoshona	udghoshona	udghoshona	udghosona	udghoshana
উদ্দীপনা	uddipona	uddীপona	uddipona	uddipana	uddipon
উদ্দীপ্ত	uddipto	uddipto	uddipto	uddipta	uddipto
উদ্দেশ্যপ্রণোদিত	uddeshshopronodito	uddeshyopronodito	uddesshopronodito	uddeshyo-pronodito	uddeshyapranodito
উদ্যোক্তা	uddokta	uddyokta	udyokta	uddokta	uddyokta
উদ্যোগী	uddogi	uddyogi	udyogi	uddogee	uddyogee
উদ্ধৃতাংশ	uddhritangsho	uddhritoangsho	uddhritansho	uddhrito-angsho	uddhritangsha
উন্নয়নশীল	unnoyonshil	unnayan-shil	unnoionshil	unnoyonshil	unnayansheel
উন্মুক্ত	unmukto	unmocto	unmukto	unmukta	unmoKto
উন্মোচন	unmochon	unmochon	unmochan	unmocchon	unmochon
উন্মত্ততা	unmotota	unmatota	unmottota	unmotota	unmattota
উপযুক্ততা	upojuktota	upojoggotta	upojuktota	upojukto-ta	upayuktota
উপস্থাপিত	uposthapito	uposthapito	uposthapit	upasthapito	uposthapita
উপস্থাপনযোগ্য	uposthaponjoggo	uposthaponyoggo	uposthaponjogya	upasthapanyoggo	uposthaponjoggo
উপস্থিতি	uposthiti	uposthiti	uposthity	upasthiti	uposthitee
উপেক্ষণীয়	upekshoniyo	upekkhoniyo	upekshonio	upekshoniyo	upekshaniyo
ঊর্ধ্বগতি	urdhogoti	urdhwagoti	urdhogoti	urdhwo-goti	urdhvagati
ঊর্ধ্বমুখী	urdhomukhi	urdhwamukhi	urdhomukhee	urdhwo-mukhi	urdhvamukhi
ঋদ্ধিমান	riddhiman	ridhdhiman	riddhiman	riddhimaan	ridhiman
ঋণগ্রস্ত	ringrosto	rino-grosto	rringrosto	rinogrosto	ringrasto
একচ্ছত্র	ekocchotro	ekchchatro	ekocchhôtrô	ekocchotro	ekachchatra
একত্রিত	ektroto	ekotrito	ektrito	ekotrito	ekatrityo
ঐক্যবদ্ধ	oikkoboddho	oikyoboddho	oikkoboddho	oikyo-boddho	oikyabaddho
ঐচ্ছিক	oicchik	oichchhik	oicchik	oichhik	oichchik
ঐশ্বর্যশালী	oishorjoshali	oishworyoshali	oishorjoshalee	oishwaryo-shali	oishwaryashali
কঙ্কালসার	konkalsar	kankalsar	konkalshar	kankal-sar	konkalsaar
কক্ষচ্যুত	kokkhocchuto	kokkhochchuto	kakkhochchuto	kokkho-chuto	kakkshachyuto
কক্ষপথ	kokkhopoth	kokkhopath	kakkhopoth	kokkho-poth	kakshapath
কক্ষান্তর	kokkhantor	kokkhantor	kakkhantor	kokkho-antor	kakshantar
কচ্ছপ	kocchop	kochchhop	kachchhop	kocchop	kachchhapa
কণ্টকাকীর্ণ	kontokakirno	kontokakirno	kantakakirno	kontoka-kirno	kantakakirna
কণ্ঠ্যধ্বনি	konthodhoni	konthyodhoni	kanthadhwani	kontho-dhwoni	kanthyadhwani
কর্তৃত্বপূর্ণ	kortittopurno	korttritopurno	kortittopurno	kortitto-purno	kartritwapurno
কর্তব্যনিষ্ঠ	kortobbonishtho	kortobyonishtho	kortobbonishto	kortobbo-nishtho	kartabyanishtha
কর্তৃপক্ষ	kortipokkho	korttripokkho	kortipokkho	korttrippokkho	kartripaksha
কর্মক্ষেত্র	kormokkhetro	kormokhetro	kormokkhettro	kormo-khetro	karmakshetra
কর্মদক্ষতা	kormodokkhotā	kormodokkota	kormodokkhotā	kormo-dokkota	karmadakshata
কর্মসম্পাদন	kormosompadon	kormosompadoN	kormo-sompadon	kormosampadon	karmasampadan
কর্মসংস্থান	kormoshongsthan	kormosongsthan	kormo-songsthan	kormoshongsthan	karmasangsthan
কলঙ্কমুক্ত	kolongkomukto	kalankomukto	kolongko-mukto	kolonkumukto	kalankamukta
কল্যাণকামী	kollyankami	kallyankami	kollyan-kami	kalyankami	kolyan-kamee
কল্যাণরাষ্ট্র	kollyanrastro	kallyanrastro	kollyan-rashtro	kalyanorastro	kalyanrashtra
কষ্টসাধ্য	koshtoshaddho	koshtosadhyo	koshto-saddho	kashtasadhya	koshtosadhho
কষ্টার্জিত	koshtarjito	koshtaarjito	koshto-arjito	kashtarjito	koshtarjit
কিংবদন্তি	কিংbodonti	কিংbodonti	kingbodonti	kingbodonti	কিংbadonti
কিঞ্চিৎ	kinchit	kincit	kinchit	kinchith	kinchit
কৃতজ্ঞতা	kritoggota	kritoggotā	krityoggota	kritoggota	kritaggyota
কৃত্রিমতা	kritrimota	kritrimota	krittrimoto	kritrimota	krtrimata
কৃতিত্বপূর্ণ	kritittopurno	krititwopurno	krititto-purno	krititopurno	krititwapurna
কৃষ্ণচূড়া	krishnochura	krishnachura	krishno-chura	krishnochura	krishnachura
কৃষ্ণাঙ্গ	krishnango	krishnango	krishno-ango	krishnangga	krishnanga
কেন্দ্রাভিমুখী	kendrabhimukhi	kendrobhimukhi	kendro-bhimukhi	kendrabhimukhee	kendrabhimukhi
কেন্দ্রীয়করণ	kendriokoron	kendriyokoron	kendrio-koron	kendriyakaron	kendriokoron
কেন্দ্রস্থল	kendrosthol	kendrosthol	kendro-sthol	kendrasthal	kendrosthôl
ক্ষতবিক্ষত	khotobikkhoto	khotobikshoto	khoto-bikkhoto	kshotobikkhoto	khotobikshoto
ক্ষতিকারক	khotikarok	khotikarok	khoti-karok	kshotikarok	khotikarak
ক্ষত্রিয়	khotriyo	khotriyo	khatriyo	kshatriyo	khotriya
ক্ষণস্থায়ী	khonosthayi	khonosthai	khono-sthayi	kshonosthayi	khonosthayee
ক্ষয়ক্ষতি	khoykhoti	khoyokkoti	khoy-khoti	kshoykhoti	khoyokkshoti
ক্ষারীয়	khariyo	khariyo	kshariyo	khario	khariyô
ক্ষিপ্রগতি	khiprogoti	kshiprogoti	khipro-goti	kshipragati	khiprogoti
ক্ষুদ্রাতিক্ষুদ্র	khudratikkhudro	khudroti-khudro	kshudratikshudro	khudratikkhudro	khudroti-khudro
ক্ষুধার্ত	khudharto	kshudharto	khudha-rto	khudhartô	kshudhart
ক্ষেত্রবিশেষ	khettrobishesh	khetrobishesh	kshetrabishesh	khetro-bishesh	khettrobisesh
ক্ষমতাসীন	khomotashin	khomotasin	khomota-shin	kshomotashin	khomotaseen
ক্ষমাপ্রার্থী	khomaprarThi	khomaprarthi	khoma-prarthi	kshomaprarthi	khomaprartee
ক্ষমাশীলতা	khomashilota	khomashilota	khoma-shilota	kshomashilota	khomashilota
অগ্নিশিখা	ognishikha	agnishikha	ogni-shikha	agni-shikha	ognishikhaa
অগ্নিসংযোগ	ognishongjog	agnisongjog	ogni-shongjog	agni-sangyog	ognisongjog
অগ্রগণ্য	ogrogonno	agrogonno	ogro-gonno	agraganya	ogrogonno
অগ্রাধিকার	ogrodhikar	agroadhikar	ogro-dhikar	agradhikar	ogrodhikar
অগ্রিমপ্রদান	ogrimprodan	agrimprodan	ogrim-prodan	agrima-pradan	ogrimprodan
অঙ্গীভূত	ongibhuto	angibhuto	ongi-bhuto	angibhuta	ongibhuto
অঞ্চলভিত্তিক	oncholbhittik	ancholbhittik	onchol-bhittik	anchala-bhittik	oncholbhittik
অঞ্জলিপ্রদান	onjoliprodan	anjalipradan	onjoli-prodan	anjali-pradan	onjoliprodan
অঞ্জনশলাকা	onjonsholaka	anjonshalaka	onjon-sholaka	anjana-shalaka	onjonsholaka
অঞ্জীরফল	onjirfol	anjirfol	onjir-fol	anjeer-fol	onjirphol
অজ্ঞানতা	oggyanota	aggyanota	oggyano-ta	ajnyanata	oggyanota
অটলপ্রত্যয়	otolprottay	otolprotyoy	otol-prottay	atal-pratyay	otolprottay
অতিক্রান্ত	otikrranto	otikranto	oti-kranto	atikranta	otikranto
অতিপ্রাকৃত	otiprakrito	atiprakrito	oti-prakrito	atiprakrita	otiprakrito
অতিসত্বর	otisottor	atisattwar	oti-sottor	atisatwar	otisottor
অধিকারপ্রাপ্ত	odhikarprapto	adhikarprapto	odhikar-prapto	adhikar-prapta	odhikarprapto
অধিগ্রহণ	odhigrohon	adhigrohon	odhi-grohon	adhigrahan	odhigrohon
অধিদপ্তর	odhidoptor	adhidoptor	odhi-doptor	adhidaptar	odhidoptor
অধিবেশন	odhibeshon	adhibeshon	odhi-beshon	adhibeshan	odhibeshon
অধোপতিত	odhopotito	adhopotito	odho-potito	adhopatita	odhopotito
অনতিক্রম্য	onotikrommo	anatikrommo	onoti-krommo	anatikramya	onotikrommo
অনধিগম্য	onodhigommo	anadhigommo	onodhi-gommo	anadhigamya	onodhigommo
অনভিপ্রেত	onobhipreto	anabhipreto	onobhi-preto	anabhipreta	onobhipreto
অনাকাঙ্ক্ষিত	onakankkhito	anakankkhito	on-a-kankkhito	anakankshito	onakankkhito
অনুপ্রাণিত	onupranito	anupranito	onu-pranito	anupranita	onupranito
অনুরাগপূর্ণ	onuragpurno	anuragpurno	onurag-purno	anuraga-purna	onuragpurno
অনুশীলনকারী	onushilonkari	anushilankari	onushilon-kari	anushilanakari	onushilonkari
অনৈচ্ছিক	onoicchik	anaicchik	on-oicchik	anaichchhik	onoicchik
অপরাধপ্রবণ	oporadhprobon	aparadhprobon	oporadh-probon	aparadha-praban	oporadhprobon
অপরিকল্পিত	oporikolpito	aparikalpito	opori-kolpito	aparikalpita	oporikolpito
অপর্যবেক্ষিত	oporjobekkhito	aparyabekkhito	oporjo-bekkhito	aparyabekshita	oporjobekkhito
অপব্যয়প্রবণ	opobboyprobon	apabyayprobon	opobboy-probon	apabyaya-praban	opobboyprobon
অপমানজনক	opomanjonok	apomanjonok	opoman-jonok	apamanajanak	opomanjonok
অপ্রতিষ্ঠিত	oprotishthito	apratishthito	oproti-shthito	apratishthita	oprotishthito
অপ্রাসঙ্গিক	oprosangik	aprasangik	oproshonggik	aprasanggik	oprosangik
অপ্রিয়কর	opriyokor	apriyokor	opriyo-kor	apriyakar	opriyokor
অবক্ষয়ী	obokkshoyi	abokkshoyi	obokkshoyee	abakshayee	obokkshoyi
অবকৃষ্ট	obokrishto	abakrishto	obo-krishto	abakrishta	obokrishto
অবজ্ঞাপূর্ণ	oboggapurno	oboggyapurno	obogga-purno	abajnya-purna	oboggapurno
অবদমিত	obodomito	abadomito	obo-domito	abadhamita	obodomito
অবনমনযোগ্য	obonomonjoggo	abonomonjoggo	obonomon-joggo	abanamanayogya	obonomonjoggo
অবলম্বনযোগ্য	obolombonjoggo	abalombonjoggo	obolombon-joggo	abalambanayogya	obolombonjoggo
অবশিষ্টাংশ	oboshishtangsho	abashishtangsho	oboshishto-angsho	abashishtansha	oboshishtangsho
অবসন্নতা	oboshonnata	abasannata	obosonno-ta	abasannata	oboshonnata
অবহেলাজনিত	obohelajonito	abahelajonito	obohela-jonito	abahelajanita	obohelajonito
অভ্যন্তরভাগ	obhyontorbhag	ovvontorbhag	obhyontor-bhag	abhyantarabhag	obhyontorbhag
অভ্যর্থিত	obhyorthito	ovvorthito	obhyorthito	abhyarthita	obhyorthito
অভিনন্দনযোগ্য	obhinondonjoggo	abhinondonjoggo	obhinondon-joggo	abhinandanayogya	obhinondonjoggo
অভিন্নরূপে	obhinnorupe	abhinna-rupe	obhinno-rupe	abhinna-rupe	obhinnorupe
অভিপ্রায়	obhipray	abhipray	obhi-pray	abhipraya	obhipray
অভিব্যক্তি	obhibbekti	obhibyokti	obhi-bbekti	abhivyakti	obhibbekti
অভ্যন্তরীণভাবে	obhyontorinovabe	ovvontorinovabe	obhyontorino-vabe	abhyantarinabhabe	obhyontorinovabe
অমর্যাদাকর	omorjadakor	amaryadakor	omorjada-kor	amaryadakar	omorjadakor
অম্লত্বনির্ণয়	omlottonirnoy	amlattonirnoy	omlotto-nirnoy	amlatwanirnaya	omlottonirnoy
অর্গলমুক্ত	orgolomukto	argalamukto	orgolo-mukto	argalamukta	orgolomukto
অর্থবহুল	orthobohul	arthabohul	ortho-bohul	arthabahul	orthobohul
অর্থহীনতা	orthohinota	arthahinota	ortho-hino-ta	arthahinata	orthohinota
অর্থনৈতিকভাবে	orthonoitikvabe	arthanoitikvabe	orthonoitiko-vabe	arthanaitikabhabe	orthonoitikvabe
অলঙ্করণশিল্প	olongkoronshilpo	alankaranshilpo	olongkoron-shilpo	alankaranshilpa	olongkoronshilpo
অশান্তিপূর্ণ	oshantipurno	ashantipurno	oshanti-purno	ashanti-purna	oshantipurno
অশিক্ষাজনিত	oshikkhajonito	ashikshajonito	oshikkha-jonito	ashikshajanita	oshikkhajonito
অসঙ্গতিপূর্ণ	oshonggotipurno	asonggotipurno	oshonggoti-purno	asangati-purna	oshonggotipurno
অসাধ্যসাধন	oshaddhosadhon	asadhyasadhan	oshaddho-sadhon	asadhyasadhan	oshaddhosadhon
অসুবিধাজনক	oshubidhajonok	asubidhajonok	oshubidha-jonok	asubidhajanak	oshubidhajonok
অস্ত্রশস্ত্র	ostroshostro	astroshastro	ostro-shostro	astrashastra	ostroshostro
অস্বীকৃত	oshshikrito	aswikrito	oshshikrito	aswikrta	oshshikrito
আকস্মিকতা	akoshmikota	akosmikita	akoshmiko-ta	akasmikata	akoshmikota
আক্রমণাত্মক	akromonattok	akramonatmak	akromono-attok	akramanatmaka	akromonattok
আত্মত্যাগী	attottyagi	atmatyagi	atto-tyagi	atmatyagi	attottyagi
আত্মনির্ভরশীল	attonirvorshil	atmanirbharshil	atto-nirvor-shil	atmanirbharashil	attonirvorshil
আত্মপ্রতিষ্ঠা	attoprotishtha	atmapratishtha	atto-protishtha	atmapratishtha	attoprotishtha
আত্মসংকোচ	attoshongkoch	atmasongkoch	atto-shongkoch	atmasankoch	attoshongkoch
আত্মহত্যাপ্রবণ	attohottaprobon	atmahattyaprobon	atto-hotta-probon	atmahatya-praban	attohottaprobon
আনন্দোচ্ছ্বাস	anondochchhash	anandochchhash	anondo-cchhash	anandochchhwasa	anondochchhash
আন্তঃসম্পর্ক	antorshomporko	antosshomporko	antor-shomporko	antahsamporka	antorshomporko
আন্তঃসীমান্ত	antorshimanto	antahsImanto	antor-shimanto	antahsImanta	antorshimanto
আবশ্যকতাভিত্তিক	aboshshokotabhittik	abashyakotabhittik	aboshshokota-bhittik	abashyakata-bhittik	aboshshokotabhittik
আবৃত্তিশিল্পী	abrittishilpi	abrittishilpi	abritti-shilpi	abrittishilpi	abrittishilpee
আয়তক্ষেত্রাকার	ayotokhetrakar	ayatakshetrakar	ayoto-kkhetro-kar	ayatakshetrakara	ayotokhetrakar
আরোগ্যলাভ	aroggolav	arogyolav	aroggyo-lav	arogya-labh	aroggolav
আলোকচিত্রগ্রাহক	alokchitrograhok	alokchitragrohok	alok-chitro-grahok	alokchitragrahak	alokchitrograhok
ইতিবৃত্তান্ত	itibrittanto	itibrittanta	iti-brittanto	itivrittanta	itibrittanto
ইতোমধ্যেই	itomoddhei	itimoddhei	ito-moddhei	itimadhyei	itomoddhei
ইন্দ্রিয়পরায়ণ	indriyoporayon	indriyoparayon	indriyo-porayon	indriyaparayana	indriyoporayon
ইচ্ছানির্ভর	icchanirvor	ichchanirbhar	iccha-nirvor	ichchanirbhar	icchanirvor
উচ্চশিক্ষাপ্রতিষ্ঠান	ucchoshikkhaprotishthan	uchchashikshapratishthan	uccho-shikkha-protishthan	uchchashikshapratishthan	ucchoshikkhaprotishthan
উচ্চারণবিধি	uccharonbidhi	uchcharonbidhi	uccharon-bidhi	uchcharanabidhi	uccharonbidhi
উচ্ছেদযোগ্য	ucchedjoggo	uchchhedjoggo	ucched-joggo	uchchhedayogya	ucchedjoggo
উজ্জ্বলতর	ujjolotor	ujjwalotar	ujjolo-tor	ujjwalatar	ujjolotor
উৎকর্ষসাধন	utkorShosadhon	utkarshosadhon	utkorSho-sadhon	utkarsha-sadhan	utkorShosadhon
উৎপত্তিস্থল	utpottisthol	utpattisthol	utpotti-sthol	utpattisthal	utpottisthol
উৎপ্রেক্ষামূলক	utprekkhamulok	utprekshamulok	utprekkha-mulok	utpreksha-mulaka	utprekkhamulok
উদ্ভিদসংক্রান্ত	udbhidoshongkranto	udbhidsongkranto	udbhido-shongkranto	udbhida-samkranta	udbhidoshongkranto
উদ্যোক্তাবৃন্দ	uddoktabrindo	uddyoktabrindo	uddokta-brindo	uddyoktabrinda	uddoktabrindo
উদ্ধারপ্রক্রিয়া	uddharprokriya	uddharaprokriya	uddhar-prokriya	uddharaprakriya	uddharprokriya
উন্নতিসাধন	unnotishadhon	unnatisadhon	unnoti-shadhon	unnati-sadhan	unnotishadhon
উন্মুক্তপ্রাঙ্গণ	unmuktopranggon	unmuktoprangan	unmukto-pranggon	unmukta-prangan	unmuktopranggon
উপকরণসমূহ	upokoronshomuho	upakaranasamuha	upokoron-shomuho	upakaranasamuha	upokoronshomuho
উপদ্রবপ্রবণ	upodrobprobon	upadrabprobon	upodrob-probon	upadraba-praban	upodrobprobon
উপনিবেশিকতা	uponibeshikota	upanibeshikota	uponibeshiko-ta	upanibeshikata	uponibeshikota
উপস্থাপনকৌশল	uposthaponkoushol	upasthaponakoushol	uposthapon-koushol	upasthapana-kaushal	uposthaponkoushol
উপহারস্বরূপ	upoharshworup	upaharswarup	upohar-shworup	upahara-swarupa	upoharshworup
ঊর্ধ্বমুখিতার	urdhwomukhitar	urdhwamukhitar	urdhwo-mukhitar	urdhwamukhitara	urdhwomukhitar
ঋণাত্মকতা	rinattokota	rinatmokota	rin-attokota	rinatmakata	rinattokota
ঋতুচক্রপরিবর্তন	rituchokroPoriborton	rituchakraparibartan	ritu-chokro-poriborton	rituchakra-parivartan	rituchokroPoriborton
একাগ্রচিত্তে	ekagrochitte	ekagrachitte	ekagro-chitte	ekagrachitte	ekagrochitte
একতরফাভাবে	ektorofavabe	ekataraphabe	ektorofo-vabe	ekataraphabe	ektorofavabe
একাধিকরণ	ekadhikoron	ekadhikaron	eka-dhikoron	ekadhikaran	ekadhikoron
ঐতিহ্যসংরক্ষণ	oitihashongrokkhon	aitihyasangrakkhon	oitiho-shongrokkhon	aitihya-sangrakshan	oitihashongrokkhon
ঐচ্ছিকবিষয়	oicchikbishoy	aichchhikbishoy	oicchik-bishoy	aichchhika-vishay	oicchikbishoy
ওষ্ঠ্যধ্বনি	oshthyodhwoni	oshthodhwoni	oshthyo-dhwoni	oshthya-dhwani	oshthyodhwoni
কক্ষনিরাপত্তা	kokkhonirapotta	kakshonirapotta	kokkho-nirapotta	kaksha-nirapattA	kokkhonirapotta
কণ্ঠসঙ্গীতশিল্পী	konthoshonggitshilpi	kanthosonggitshilpi	kontho-shonggit-shilpi	kantha-sangit-shilpi	konthoshonggitshilpee
কতিপয়সংখ্যক	kotipoyshongkhok	katipoysankhyak	kotipoy-shongkhok	katipaya-sankhyaka	kotipoyshongkhok
কর্তব্যবিমুখ	kortobbobimukh	kartabyabimukh	kortobbo-bimukh	kartabya-bimukh	kortobbobimukh
কর্মনিষ্ঠব্যক্তি	kormonishthobekti	karmanishthobyakti	kormo-nishtho-bekti	karma-nishtha-byakti	kormonishthobekti
কর্মপরিবেশ	kormoporibesh	karmaparibesh	kormo-poribesh	karma-paribesh	kormoporibesh
কল্পকাহিনিভিত্তিক	kolpokahinibhittik	kalpakahinibhittik	kolpo-kahini-bhittik	kalpa-kahini-bhittik	kolpokahinibhittik
কৃষ্ণবর্ণ	krishnoborno	krishnabarn	krishno-borno	krishna-barna	krishnoborno
কেন্দ্রনির্ভর	kendronirvor	kendranirbhar	kendro-nirvor	kendra-nirbhar	kendronirvor
ক্ষতিকরপ্রভাব	khotikorpRobhab	kshatikarprabhav	khotikor-probhab	kshatikara-prabhav	khotikorpRobhab
ক্ষতিপূরণপ্রাপ্ত	khotipuronprapto	kshatipuranprapto	khoti-puron-prapto	kshatipurana-prapta	khotipuronprapto
ক্ষুদ্রপরিসরে	khudroPorishore	kshudraparisare	khudro-porishore	kshudra-parisare	khudroPorishore
ক্ষুধানিবৃত্তি	khudhanibritti	kshudhanivritti	khudha-nibritti	kshudha-nivritti	khudhanibritti
ক্ষমতাবানব্যক্তি	khomotabanbekti	kshamatabanbyakti	khomotaban-bekti	kshamataban-byakti	khomotabanbekti
খ্যাতিপ্রাপ্ত	khyatiprapto	khyatiprapto	khyati-prapto	khyati-prapta	khyatiprapto
খণ্ডকালব্যাপী	khondokalbyapi	khandakalbyapi	khondo-kal-byapi	khanda-kal-vyapi	khondokalbyapi
গণতান্ত্রিকব্যবস্থা	gonotantrikbebostha	ganatantrikbyabastha	gono-tantrik-bebostha	ganatantrik-byabastha	gonotantrikbebostha
গণমাধ্যমনির্ভর	gonomaddhomnirvor	ganamadhyamanirbhar	gono-maddhom-nirvor	gana-madhyama-nirbhar	gonomaddhomnirvor
গবেষণালব্ধ	gobeshonalobdho	gabeshonalabdho	gobeshona-lobdho	gabeshana-labdha	gobeshonalobdho
গর্ভকালীন	gorbhokalin	garbhakalin	gorbho-kalin	garbha-kalin	gorbhokalin
গৃহপরিচারিকা	grihoporicharika	grihaparicharika	griho-poricharika	griha-paricharika	grihoporicharika
গ্রন্থসমালোচনা	gronthosomalochona	granthasamalocona	grontho-somalochona	grantha-samalochana	gronthosomalochona
গ্রহণপ্রক্রিয়া	grohonprokriya	grahanaprokriya	grohon-prokriya	grahana-prakriya	grohonprokriya
ঘটনাপ্রবাহ	ghontonaproboho	ghatanaprabaho	ghontona-proboho	ghatana-prabaha	ghontonaproboho
ঘর্ষণশক্তি	ghorshonshokti	gharshanashakti	ghorshon-shokti	gharshana-shakti	ghorshonshokti
ঘৃণ্যঅপরাধ	ghrinnooporadh	ghrinnoaparadh	ghrinno-oporadh	ghrinya-aparadh	ghrinnooporadh
চক্রাকারগতি	chokrakargoti	chakrakaragati	chokro-kar-goti	chakra-kara-gati	chokrakargoti
চক্ষুলজ্জা	chokkhulojja	chakshulajja	chokkhu-lojja	chakshu-lajja	chokkhulojja
চিত্রাঙ্কনশিল্প	chitrankonshilpo	chitrankanshilpo	chitra-ankon-shilpo	chitrankanashilpa	chitrankonshilpo
চিন্তাপ্রবণতা	chintaprobOnota	chintaprabonata	chinta-probonota	chinta-prabanata	chintaprobOnota
ছাত্রাবাসভিত্তিক	chattrabashbhittik	chatrabasabhittik	chattro-bash-bhittik	chatra-basa-bhittik	chattrabashbhittik
ছায়াছবিনির্মাণ	chhayachhobinirman	chayachhabi-nirman	chhaya-chhobi-nirman	chhaya-chhabi-nirman	chhayachhobinirman
জন্মদাত্রী	jonmodatri	janmadatri	jonmo-datri	janma-datri	jonmodatri
জন্মসনদপত্র	jonmosonodpotro	janmasanadpatra	jonmo-sonod-potro	janma-sanad-patra	jonmosonodpotro
জ্ঞানভিত্তিক	ggyanbhittik	gyanbhittik	ggyan-bhittik	jnyana-bhittik	ggyanbhittik
জ্যোতিষশাস্ত্র	jyotishshastro	jyotishshastro	jyotish-shastro	jyotisha-shastra	jyotishshastro
ঝঞ্ঝাক্ষুব্ধ	jhonjhakkhubdho	jhanjhakshubdho	jhonjha-kkhubdho	jhanjha-kshubdha	jhonjhakkhubdho
ট্রাফিকব্যবস্থাপনা	trafficbebosthapona	trafikbyabasthapona	traffic-bebosthapona	trafik-byabasthapana	trafficbebosthapona
ড্রাইভিংলাইসেন্স	drivinglicense	driving-licence	draiving-laisens	driving-license	draivinglicense
তত্ত্বগতভাবে	tottwogotovabe	tattwagotabhabe	tottwo-goto-vabe	tattwa-gatabhabe	tottwogotovabe
তত্ত্বসমৃদ্ধ	tottwosomriddho	tattwasamriddho	tottwo-somriddho	tattwa-samriddha	tottwosomriddho
তদন্তপ্রক্রিয়া	todontoprokriya	tadantaprokriya	todonto-prokriya	tadanta-prakriya	todontoprokriya
তন্ময়চিত্তে	tonmoychitte	tanmoychitte	tonmoyo-chitte	tanmaya-chitte	tonmoychitte
তরঙ্গদৈর্ঘ্য	toronggodoirgho	taranggadairghya	toronggo-doirgho	taranga-dairghya	toronggodoirgho
তীব্রপ্রতিক্রিয়া	tibroprotikriya	tivrapratikriya	tibro-protikriya	tivra-pratikriya	tibroprotikriya
ত্রাণকার্যক্রম	trankarjokrom	tranakaryakram	tran-karjo-krom	trana-karya-kram	trankarjokrom
ত্রাসসৃষ্টিকারী	trassrishtikari	trasasrishtikari	trass-srishti-kari	trasa-srishtikari	trassrishtikari
ত্রুটিপূর্ণতা	trutipurnota	trutipurnata	truti-purno-ta	truti-purnata	trutipurnota
দক্ষিণপূর্বাঞ্চল	dokkhinpurbonchol	dakshinapurbanchal	dokkhino-purbo-onchol	dakshina-purba-anchal	dokkhinpurbonchol
দণ্ডনীয়অপরাধ	dondoniyooporadh	dandanioaparadh	dondo-niyo-oporadh	dandaniya-aparadh	dondoniyooporadh
দায়িত্ববোধসম্পন্ন	dayittobodhshompanno	dayitwobodhsampanna	dayitto-bodh-shompanno	dayitwa-bodha-sampanna	dayittobodhshompanno
দুর্নীতিদমন	durnitidomon	durnitidaman	durniti-domon	durniti-daman	durnitidomon
দুর্বৃত্তচক্র	durbrittochokro	durvrittachakra	durbritto-chokro	durvritta-chakra	durbrittochokro
দৃঢ়প্রতিজ্ঞ	drirhoprotiggo	drirhapratiggo	drirho-protiggo	dridha-pratijnya	drirhoprotiggo
দৃষ্টান্তস্থাপন	drishtantosthapon	drishtantasthapon	drishtanto-sthapon	drishtanta-sthapan	drishtantosthapon
দ্বন্দ্বনিরসন	dwondoniroshon	dwandwanirasan	dwondo-niroshon	dwandwa-nirasan	dwondoniroshon
দ্বিপ্রহর	dwiprohor	dwiprahar	dwi-prohor	dwi-prahar	dwiprohor
দ্রুতপরিবহন	drutoporibohon	drutaparibahan	druto-poribohon	druta-paribahan	drutoporibohon
ধর্মীয়অনুষ্ঠান	dhormiyoonushthan	dharmiyaanushthan	dhormiyo-onushthan	dharmiya-anushthan	dhormiyoonushthan
ধারণক্ষমতা	dharonkhomota	dharankshamata	dharon-khomota	dharana-kshamata	dharonkhomota
নকশাবহির্ভূত	nokshabohirbhuto	nakshabahirbhuto	noksha-bohirbhuto	naksha-bahirbhuta	nokshabohirbhuto
নিরন্তরপ্রচেষ্টা	nirontorprocheshta	nirantarapracheshta	nirontoro-procheshta	nirantara-pracheshta	nirontorprocheshta
নিরপেক্ষদৃষ্টিভঙ্গি	niropekkhodrishtibhongi	nirapekshadrishtibhongi	niropekkho-drishti-bhongi	nirapeksha-drishti-bhangi	niropekkhodrishtibhongi
নির্বাচকমণ্ডলী	nirbachokmondoli	nirbachakamandali	nirbachok-mondoli	nirbachaka-mandali	nirbachokmondoli
নির্ভুলতানির্ণয়	nirbhulotanirnoy	nirbhulatanirnoy	nirbhulota-nirnoy	nirbhulata-nirnaya	nirbhulotanirnoy
নিষিদ্ধঘোষিত	nishiddhoghoshito	nishiddhaghoshito	nishiddho-ghoshito	nishiddha-ghoshita	nishiddhoghoshito
নিষ্কলঙ্কচরিত্র	nishkolonkocoritro	nishkalankacharitra	nishkolonko-choritro	nishkalanka-charitra	nishkolonkocoritro
নিষ্পেষণযোগ্য	nishpeshonjoggo	nishpeshanayogya	nishpeshoN-joggo	nishpeshana-yogya	nishpeshonjoggo
নৃবিজ্ঞানভিত্তিক	nribigganbhittik	nribijnanbhittik	nri-biggan-bhittik	nri-vijnana-bhittik	nribigganbhittik
ন্যায়বিচারপ্রাপ্তি	nyaybicharprapti	nyayabicharprapti	nyay-bichar-prapti	nyaya-bichara-prapti	nyaybicharprapti
পক্ষকালব্যাপী	pokkhokalbyapi	pakshakalbyapi	pokkho-kal-byapi	paksha-kal-vyapi	pokkhokalbyapi
পদ্ধতিসম্মত	poddhutishommoto	paddhatisammata	poddhoti-shommoto	paddhati-sammata	poddhutishommoto
পরস্পরবিরোধী	porosporbirodhi	parasparabirodhi	porospor-birodhi	paraspara-virodhi	porosporbirodhi
পরিচালনব্যবস্থা	porichalonbebostha	parichalanabyabastha	porichalon-bebostha	parichalana-byabastha	porichalonbebostha
পরিপন্থী	poriponthi	pariponthi	pori-ponthi	paripanthi	poriponthi
পরিষ্কারপরিচ্ছন্ন	porishkarporicchonno	parishkaraparichchhanno	porishkar-poricchonno	parishkara-parichchhanna	porishkarporicchonno
পর্যবসানকাল	porjoboshankal	paryabasanakal	porjoboshan-kal	paryabasana-kal	porjoboshankal
পর্যায়ভিত্তিক	porjaybhittik	paryaybhittik	porjay-bhittik	paryaya-bhittik	porjaybhittik
পুনর্বিন্যাসযোগ্য	punorbinnyashjoggo	punarvinyasayogya	punor-binnyash-joggo	punarvinyasa-yogya	punorbinnyashjoggo
পূর্বপরিকল্পিত	purboporikolpito	purbaparikalpito	purbo-porikolpito	purba-parikalpita	purboporikolpito
প্রকাশনাস্বত্ব	prokashonashotto	prakashanaswatwa	prokashona-shotto	prakashana-swatwa	prokashonashotto
প্রতিকূলপরিস্থিতি	protikuloporishthiti	pratikulaparishthiti	protikulo-porishthiti	pratikula-parishthiti	protikuloporishthiti
প্রতিপক্ষীয়	protipokkhiYo	pratipakshiyo	proti-pokkhiYo	prati-pakshiya	protipokkhiYo
প্রতিবন্ধিতাবিহীন	protibondhitabihin	pratibandhitabihin	proti-bondhita-bihin	pratibandhita-bihin	protibondhitabihin
প্রতিষ্ঠানপ্রধান	protishthanprodhan	pratishthanapradhan	protishthan-prodhAn	pratishthana-pradhan	protishthanprodhan
প্রত্ননিদর্শন	protnonidorshon	pratnanidarshan	protno-nidorshon	pratna-nidarshan	protnonidorshon
প্রত্যাশাপূরণ	prottyashapuron	pratyashapuran	prottyasha-puron	pratyasha-puran	prottyashapuron
প্রদত্ততালিকা	prodottotalika	pradattatalika	prodotto-talika	pradatta-talika	prodottotalika
প্রধাননির্বাচক	prodhannirbachok	pradhananirbachak	prodhan-nirbachok	pradhana-nirbachaka	prodhannirbachok
প্রবেশপত্রবিহীন	probeshpotrobihin	prabeshapatrabihin	probesh-potro-bihin	prabesha-patra-bihin	probeshpotrobihin
প্রবৃদ্ধিপ্রবণ	probriddhiprobon	pravriddhiprabon	probriddhi-probon	pravriddhi-praban	probriddhiprobon
প্রশস্তপরিসর	proshostoporishor	prashastaparisar	proshosto-porishor	prashasta-parisar	proshostoporishor
প্রসঙ্গানুগ	proshongganug	prasangganug	proshonggo-anug	prasanga-anug	proshongganug
প্রস্তাবপ্রণেতা	prostabproneta	prastabapraneta	prostab-proneta	prastaba-praneta	prostabproneta
প্রাণিবিজ্ঞানী	pranibiggyani	pranibijnani	prani-biggyani	prani-vijnani	pranibiggyani
প্রাথমিকবিদ্যালয়	prathomikbiddaloy	prathamikavidyalay	prathomik-biddaloy	prathamika-vidyalay	prathomikbiddaloy
ফলপ্রদতা	folprodota	phalapradota	folprodo-ta	phala-pradata	folprodota
ফ্রিজসংরক্ষণ	fridgeshongrokkhon	fridge-sangrakkhon	fridge-shongrokkhon	frij-sangrakshan	fridgeshongrokkhon
বক্তৃতামঞ্চ	boktritamOncho	baktritamancha	boktrita-moncho	baktrita-mancha	boktritamOncho
বঞ্চিতজনগোষ্ঠী	bonchitojonogoshthi	banchitajonogoshthi	bonchito-jono-goshthi	banchita-jana-goshthi	bonchitojonogoshthi
বদ্ধমূলধারণা	boddhomuldharona	baddhamuladharana	boddho-mul-dharona	baddha-mula-dharana	boddhomuldharona
বর্ধনশীলতা	bordhonshilota	bardhanashilata	bordhon-shilota	bardhana-shilata	bordhonshilota
বহিরাগতব্যক্তি	bohiragotoBekti	bahiragatabyakti	bohira-goto-bekti	bahiragata-byakti	bohiragotoBekti
বাকস্বাধীনতা	bakshwadhinota	bakswadhinota	bak-shwadhinota	vak-swadhinata	bakshwadhinota
বাণিজ্যপ্রতিষ্ঠান	banijjoprotishthan	banijyapratishthan	banijjo-protishthan	banijya-pratishthan	banijjoprotishthan
বিচিত্রপ্রকৃতি	bichitroprokriti	bichitraprakriti	bichitro-prokriti	bichitra-prakriti	bichitroprokriti
বিজ্ঞজনসমাজ	biggojonshomaj	biggyajanasamaj	biggo-jon-shomaj	biggya-jana-samaj	biggojonshomaj
বিদ্রোহপ্রবণ	bidrohprobon	bidrohprabon	bidroho-probon	bidroha-praban	bidrohprobon
বিনিয়োগপ্রবণতা	biniyogprobOnota	biniyogaprabonata	biniyog-probonota	biniyoga-prabanata	biniyogprobOnota
বিপরীতপ্রতিক্রিয়া	biporitoprotikriya	biparitapratikriya	biporito-protikriya	biparita-pratikriya	biporitoprotikriya
বিভ্রান্তিমূলক	bibhrantimulok	bibhrantimulok	bibhranti-mulok	vibhranti-mulaka	bibhrantimulok
বিরোধনিষ্পত্তি	birodhnishpotti	birodhanishpatti	birodh-nishpotti	virodha-nishpatti	birodhnishpotti
বিশ্লেষণক্ষমতা	bishleshonkhomota	vishleshanakshamata	bishleshon-khomota	vishleshana-kshamata	bishleshonkhomota
বিষয়নির্ভরতা	bishoynirvorta	bishayanirbharata	bishoy-nirvorota	vishaya-nirbharata	bishoynirvorta
বিস্মৃতপ্রায়	bismritopray	bismritapray	bismrito-pray	vismrita-praya	bismritopray
বৃক্ষরাজি	brikkhoraji	vriksharaji	brikkho-raji	vriksha-raji	brikkhoraji
বৈজ্ঞানিকদৃষ্টিভঙ্গি	boigganikdrishtibhongi	baigyanikadrishtibhongi	boigganik-drishti-bhongi	vaigyanika-drishti-bhangi	boigganikdrishtibhongi
ব্যক্তিস্বাতন্ত্র্য	bektishwatontro	byaktiswatantrya	bekti-shwatontro	byakti-swatantya	bektishwatontro
ব্যবহারযোগ্যতা	beboharjoggotA	byabaharayoggyata	bebohar-joggotA	byabahAra-yoggyata	beboharjoggotA
ব্যাখ্যাদানকারী	byakkhadan kari	byakhyadanakari	byakkha-dan-kari	vyakhya-dana-kari	byakkhadan kari
ব্যাঘাতসৃষ্টিকারী	byaghatssrishtikari	byaghat-srishtikari	byaghat-srishti-kari	vyaghata-srishtikari	byaghatssrishtikari
ভবিষ্যৎনির্ভর	bhobishshotnirvor	bhavishyatnirbhar	bhobishshot-nirvor	bhavishya-nirbhar	bhobishshotnirvor
ভূমিকম্পপ্রবণ	bhumikompoprobon	bhumikampaprabon	bhumikompo-probon	bhumikampa-praban	bhumikompoprobon
ভ্রাতৃসুলভ	bhratrisulov	bhratrisulabh	bhratri-sulov	bhratri-sulabha	bhratrisulov
মতামতপ্রকাশ	motamotprokash	matamataprakash	motamot-prokash	matamata-prakash	motamotprokash
মধ্যরাত্রিকাল	moddhoratrikal	madhyaratrikal	moddho-ratri-kal	madhya-ratri-kal	moddhoratrikal
মন্ত্রিসভাপ্রধান	montrishobhaprodhan	mantrisabhapradhan	montri-shobha-prodhAn	mantri-sabha-pradhan	montrishobhaprodhan
মর্মান্তিকঘটনা	mormantikghotona	marmantikaghatana	mormantiko-ghotona	marmantika-ghatana	mormantikghotona
মহাপরিকল্পনা	mohaporikolpona	mahaparikalpana	moha-porikolpona	maha-parikalpana	mohaporikolpona
মহাবিশ্বতত্ত্ব	mohobishshototto	mahavishwatattwa	moho-bishsho-totto	maha-vishwa-tattwa	mohobishshototto
মুদ্রাস্ফীতিহার	mudrashphitihar	mudrasphitihar	mudrashphiti-har	mudra-sphiti-har	mudrashphitihar
মৌলিকপ্রয়োজন	moulikoproyojon	maulikaprayojon	mouliko-proyojon	maulika-prayojan	moulikoproyojon
যন্ত্রাংশনির্মাণ	jontrangshonirman	yantrangshanirman	jontro-angsho-nirman	yantra-ansha-nirman	jontrangshonirman
যথোপযুক্ত	jothopojukto	jathopojukto	jotho-pojukto	yathopayukta	jothopojukto
যৌথপ্রচেষ্টা	jouthoprocheshta	yauthapracheshta	joutho-procheshta	yautha-pracheshta	jouthoprocheshta
রক্তক্ষয়ীসংঘর্ষ	roktokkhoishongghorsho	raktakshayisangharsha	rokto-kkhoyi-shongghorsho	rakta-kshayi-sangharsha	roktokkhoishongghorsho
রাষ্ট্রবিজ্ঞানী	rashtrabiggani	rashtravijnani	rashtra-biggyani	rashtra-vijnani	rashtrabiggani
রূপকল্পপ্রণয়ন	rupokolpopronoyon	rupakalpapranayan	rupo-kolpo-pronoyon	rupa-kalpa-pranayan	rupokolpopronoyon
লক্ষ্যনির্দিষ্ট	lokkhonirdishto	lakshyanirdishto	lokkho-nirdishto	lakshya-nirdishta	lokkhonirdishto
লঙ্ঘনপ্রবণতা	longghonprobOnota	langghanaprabonata	longghon-probonota	langghana-prabanata	longghonprobOnota
শক্তিক্ষয়জনিত	shoktikkhoyjonito	shaktikshayajanita	shokti-kkhoy-jonito	shakti-kshaya-janita	shoktikkhoyjonito
শব্দদূষণপ্রবণ	shobdodushonprobon	shabdadushanaprabon	shobdo-dushon-probon	shabda-dushana-praban	shobdodushonprobon
শরণাপন্ন	shoronaponno	sharanaponno	shorona-ponno	sharana-panna	shoronaponno
শারীরিকপ্রতিবন্ধকতা	sharirikoprotibondhokota	sharirikapratibandhakata	shaririko-protibondhokota	sharirika-pratibandhakata	sharirikoprotibondhokota
শিক্ষণপদ্ধতি	shikkhonpoddhoti	shikshanapaddhati	shikkhon-poddhoti	shikshana-paddhati	shikkhonpoddhoti
শিল্পোৎপাদন	shilpoutpadon	shilpautpadan	shilpo-utpadon	shilpa-utpadana	shilpoutpadon
শৃঙ্খলাসম্মত	shrinkholashommoto	shrinkhalasammata	shrinkhola-shommoto	shrinkhala-sammata	shrinkholashommoto
শ্রদ্ধাভাজন	shraddhabhajon	shraddhabhajan	shraddha-bhajon	shraddha-bhajana	shraddhabhajon
শ্রেণিসংগ্রাম	shrenishonggram	shrenisangram	shreni-shonggram	shreni-sangram	shrenishonggram
শ্রুতিমধুর	shrutimodhur	shrutimadhur	shruti-modhur	shruti-madhur	shrutimodhur
ষড়ঋতু	shororitu	shadaritu	shoro-ritu	shad-ritu	shororitu
ষড়ভুজাকৃতি	shorobhujakriti	shadbhujakriti	shoro-bhuja-kriti	shad-bhuja-kriti	shorobhujakriti
সংকীর্ণপরিসর	shonkirnoporishor	sankirnaparisar	shonkirno-porishor	sankirna-parisar	shonkirnoporishor
সংগৃহীততথ্য	shonggrihitotottho	sangrihitatathya	shonggrihito-tottho	sangrihita-tathya	shonggrihitotottho
সংঘবদ্ধপ্রচেষ্টা	shongghoboddhoprocheshta	sanghabaddhapracheshta	shonggho-boddho-procheshta	sangha-baddha-pracheshta	shongghoboddhoprocheshta
সংবর্ধনাপত্র	shongbordhonapotro	sambardhanapatra	shongbordhona-potro	sambardhana-patra	shongbordhonapotro
সংশয়াতীত	shongshoyatit	sanshayatit	shongshoy-atit	sanshaya-atita	shongshoyatit
সন্তুষ্টিপ্রকাশ	shontushtiprokash	santushtiprakash	shontushti-prokash	santushti-prakash	shontushtiprokash
সম্পদব্যবস্থাপনা	shompodbebosthapona	sampadbyabasthapana	shompod-bebosthapona	sampada-byabasthapana	shompodbebosthapona
সম্প্রীতিবর্ধক	shompritibordhok	sampritivardhak	shompriti-bordhok	sampriti-vardhak	shompritibordhok
সম্মিলিতভাবে	shommilitovabe	sammilitabhabe	shommilito-vabe	sammilita-bhabe	shommilitovabe
সম্মোহনপ্রবণ	shommohonprobon	sammohanaprabon	shommohon-probon	sammohana-praban	shommohonprobon
সম্ভাব্যপ্রার্থী	shombhabbyoprarthi	sambhavyaprarthi	shombhabbo-prarthi	sambhavya-prarthi	shombhabbyoprarthi
সম্ভাব্যপরিণতি	shombhabbyoporinoti	sambhavyaparinati	shombhabbo-porinoti	sambhavya-parinati	shombhabbyoporinoti
সম্বন্ধযুক্ত	shombondhojukto	sambandhayukto	shombondho-jukto	sambandha-yukta	shombondhojukto
সম্রাটবাহাদুর	shomratbahadur	samratbahadur	shomrat-bahadur	samrat-bahadur	shomratbahadur
সর্বজনস্বীকৃত	shorbojonshshikrito	sarbajanaswikrito	shorbojon-shshikrito	sarbajana-swikrita	shorbojonshshikrito
সর্বনাশাপন্ন	shorbonashaponno	sarbanashaponno	shorbonasha-ponno	sarvanasha-panna	shorbonashaponno
সর্বোচ্চপর্যায়	shorbocchoporjay	sarbochchaparyay	shorboccho-porjay	sarvachcha-paryaya	shorbocchoporjay
সহমর্মিতাপূর্ণ	shohomormitapurno	sahamarmitapurna	shoho-mormita-purno	saha-marmita-purna	shohomormitapurno
সাংগঠনিকভাবে	shanggothonikvabe	sanggothonikabhabe	shanggothoniko-vabe	sanggothanika-bhabe	shanggothonikvabe
সাক্ষ্যভিত্তিক	shakkhobhittik	sakshyabhittik	shakkho-bhittik	sakshya-bhittik	shakkhobhittik
সাম্প্রদায়িকসম্প্রীতি	shamprodayikshompriti	sampradayikasampriti	shamprodayik-shompriti	sampradayika-sampriti	shamprodayikshompriti
সার্বিকপর্যালোচনা	sharbikoporjalochona	sarvikaparyalochana	sharbiko-porjalochona	sarvika-paryalocana	sharbikoporjalochona
সীমাবদ্ধতাজনিত	shimaboddhotajonito	simabaddhatajanita	shima-boddhota-jonito	sima-baddhata-janita	shimaboddhotajonito
সুপরিচালিত	suporichalito	suparichalito	su-porichalito	su-parichalita	suporichalito
সুপ্রযুক্তব্যবস্থা	suprojuktoBebostha	suprayuktabyabastha	su-projukto-bebostha	su-prayukta-byabastha	suprojuktoBebostha
সুসমন্বিত	shushomonbito	susamanwito	su-shomonbito	su-samanvita	shushomonbito
সৃষ্টিশীলপ্রতিভা	srishtishilprotibha	srishtishilapratibha	srishti-shil-protibha	srishti-shila-pratibha	srishtishilprotibha
স্থলভাগসংক্রান্ত	stholvagshongkranto	sthalabhagasamkranta	stholo-bhag-shongkranto	sthala-bhaga-samkranta	stholvagshongkranto
স্থাপত্যকলাবিদ্যা	sthapottyokolabiddya	sthapatyakalabidya	sthapottyo-kola-biddya	sthapatya-kala-vidya	sthapottyokolabiddya
স্পষ্টীকরণযোগ্য	spostikoronjoggo	spashtikaranayogya	spostikoroN-joggo	spashtikarana-yogya	spostikoronjoggo
স্পর্ধাপূর্ণ	spordhapurno	spardhapurno	spordha-purno	spardha-purna	spordhapurno
স্ফটিকীকরণ	sphotikikoron	sphatikikaran	sphotiki-koron	sphatikikarana	sphotikikoron
স্মৃতিবিজড়িত	smritibijorito	smritibijorito	smriti-bijorito	smriti-vijarita	smritibijorito
স্মরণশীলতা	smoronshilota	smaranashilata	smoron-shilota	smarana-shilata	smoronshilota
স্বকীয়তাবোধ	shwokiyotabodh	swakiyatabodh	shwokiyota-bodh	swakiyata-bodha	shwokiyotabodh
স্বনিয়ন্ত্রিত	swoniyontrito	swaniyontrito	swoni-yontrito	swaniyantrita	swoniyontrito
স্বপ্নচারী	shopnochar i	swapnachari	shopno-chari	swapna-chari	shopnochari
স্বল্পসংখ্যক	sholposhongkhok	swalpasankhyak	sholpo-shongkhok	swalpa-sankhyaka	sholposhongkhok
স্বাস্থ্যসুরক্ষা	shasthyosurakkha	swasthyasuraksha	shasthyo-surakkha	swasthya-suraksha	shasthyosurakkha
হস্তনির্মিত	hostonirmito	hastanirmita	hosto-nirmito	hasta-nirmita	hostonirmito
হৃদয়স্পর্শী	hridoysporshi	hridayasparshi	hridoy-sporshi	hridaya-sparshi	hridoysporshi
হ্রাসবর্ধন	hrashbordhon	hrasavardhan	hrash-bordhon	hrasa-vardhan	hrashbordhon
অগ্রসরমান	ogrosorman	agrosarman	ogro-sorman	agrosaraman	ogrosorman
অগ্রহণযোগ্য	ogrohonjoggo	agrahanayogya	ogrohon-joggo	agrahana-yogya	ogrohonjoggo
অগ্রাধিকারভিত্তিক	ogrodhikarbhittik	agradhikarabhittik	ogro-dhikar-bhittik	agradhikara-bhittik	ogrodhikarbhittik
অচিন্তনীয়	ochintoniyo	achintanIya	ochintoniyo	achintaniya	ochintoniyo
অচিরস্থায়ী	ochirosthayi	achirasthayi	ochiro-sthayi	achira-sthayi	ochirosthayi
অজ্ঞাতপরিচয়	oggatoporichoy	agnyataparichoy	oggato-porichoy	ajnyata-parichaya	oggatoporichoy
অজ্ঞাতসারেই	oggatosarei	agnyatasarei	oggato-sarei	ajnyata-sarei	oggatosarei
অতিমানবীয়	otimanobiyo	atimanaviya	oti-manobiyo	atimanaviya	otimanobiyo
অতিসংবেদনশীল	otishongbedonshil	atisangbedanashil	oti-shongbedon-shil	atisangbedanashil	otishongbedonshil
অধিকারবঞ্চিত	odhikarbonchito	adhikarabanchito	odhikar-bonchito	adhikara-banchita	odhikarbonchito
অধিদফতরসমূহ	odhidoptorshomuho	adhidaptarasamuha	odhi-doptor-shomuho	adhidaptara-samuha	odhidoptorshomuho
অধীনতামূলক	odhinotamulok	adhinatamulaka	odhinota-mulok	adhinata-mulaka	odhinotamulok
অনাক্রম্যতা	onakrommota	anakramyata	on-akrommo-ta	anakramyata	onakrommota
অনিবার্যপরিণতি	onibarjoporinoti	anibaryaparinati	onibarjo-porinoti	anibarya-parinati	onibarjoporinoti
অনুবাদযোগ্য	onubadjoggo	anubadayogya	onubad-joggo	anubada-yogya	onubadjoggo
অনুসরণযোগ্য	onushoronJoggo	anusaranayogya	onushoron-joggo	anusarana-yogya	onushoronJoggo
অনুস্বরণধ্বনি	onushshorondhwoni	anuswarandhwani	onushshoron-dhwoni	anuswarana-dhwani	onushshorondhwoni
অনুপ্রবেশাধিকার	onuprobeshadhikar	anuprabeshadhikar	onuprobesh-adhikar	anuprabesha-adhikara	onuprobeshadhikar
অনুপাতনির্ভর	onupatonirvor	anupatanirbhar	onupato-nirvor	anupata-nirbhar	onupatonirvor
অনুরোধক্রমে	onurodhkrome	anurodhakrame	onurodh-krome	anurodha-krame	onurodhkrome
অন্তর্নির্মিত	ontornirmito	antarnirmito	ontor-nirmito	antar-nirmita	ontornirmito
অন্তর্মহল	ontormohol	antarmahal	ontor-mohol	antar-mahal	ontormohol
অন্তর্বর্তীকালে	ontorbortikale	antarvartikale	ontor-borti-kale	antar-varti-kale	ontorbortikale
অন্তর্ভুক্তিকরণ	ontorbhuktikoron	antarbhuktikaran	ontor-bhukti-koron	antarbhukti-karana	ontorbhuktikoron
অপরাজেয়তা	oporajeyota	aparajeyata	oporajeyo-ta	aparajeyata	oporajeyota
অপরিহার্যভাবে	oporiharjovabe	apariharyabhabe	opori-harjo-vabe	apariharya-bhabe	oporiharjovabe
অপেক্ষাকৃত	opekkhakrito	apekshakrita	opekkha-krito	apeksha-krita	opekkhakrito
অপমানসূচক	opomansuchok	apamanasuchaka	opoman-suchok	apamana-suchaka	opomansuchok
অপ্রচলিত	oprocholito	aprachalito	opro-cholito	aprachalita	oprocholito
অপ্রতুলসংখ্যক	oprotulshongkhok	apratulasankhyaka	oprotul-shongkhok	apratula-sankhyaka	oprotulshongkhok
অপ্রত্যক্ষভাবে	oprottokkhvabe	apratyakshabhabe	oprottokkho-vabe	apratyaksha-bhabe	oprottokkhvabe
অপ্রতিরুদ্ধ	oprotiruddho	apratiruddha	oproti-ruddho	apratiruddha	oprotiruddho
অপ্রমাণিত	opromAnito	apramanita	opromAnito	apramanita	opromAnito
অপ্রয়োজনীয়তা	oproyojoniyota	aprayojaniyata	oproyojoniyo-ta	aprayojaniyata	oproyojoniyota
অবকাঠামোনির্ভর	obokathamonirvor	abakathamonirbhar	obokathamo-nirvor	abakathamo-nirbhar	obokathamonirvor
অবকৃষ্টমানের	obokrishtomaner	abakrishtamaner	obo-krishto-maner	abakrishta-maner	obokrishtomaner
অবদমিতকরণ	obodomitokoron	abadamitakaran	obo-domito-koron	abadhamita-karana	obodomitokoron
অবধারণাযোগ্য	obodharonJoggo	abadharanayogya	obodharon-joggo	abadharana-yogya	obodharonJoggo
অবনমিতাংশ	obonomitangsho	abanamitansha	obonomito-angsho	abanamita-ansha	obonomitangsho
অবলুপ্তপ্রায়	oboluptopray	abalutapray	obolupto-pray	abalupata-praya	oboluptopray
অবাঞ্ছনীয়	obanchhoniyo	abanchhaniya	obanchhoniyo	abanchhaniya	obanchhoniyo
অবিচলপ্রত্যয়	obicholprottay	abichalapratyaya	obichol-prottay	abichala-pratyaya	obicholprottay
অবিশ্বাসপ্রবণ	obishshashprobon	abishwasaprabon	obishshash-probon	abishwasa-praban	obishshashprobon
অবিস্মরণীয়	obismoroniyo	abismaraniya	obismoroniyo	abismaraniya	obismoroniyo
অবৈধঘোষিত	oboidhooghoshito	abaidhaghoshita	oboidho-ghoshito	abaidhya-ghoshita	oboidhooghoshito
অভিন্নতাবোধ	obhinnatabodh	abhinnatabodh	obhinno-ta-bodh	abhinna-ta-bodha	obhinnatabodh
অভিনবত্বপূর্ণ	obhinobottopurno	abhinabatwapurna	obhinobo-tto-purno	abhinaba-twa-purna	obhinobottopurno
অভিপ্রেতফলাফল	obhipretofolafol	abhipreta-phalaphal	obhipreto-folafol	abhipreta-phala-phal	obhipretofolafol
অভিবাসনপ্রবণ	obhibashonprobon	abhibasanaprabon	obhibashon-probon	abhibasana-praban	obhibashonprobon
অভ্যুত্থানপরবর্তী	obhyutthanporoborti	abhyutthanaparabarti	obhyutthan-poroborti	abhyutthana-paravarti	obhyutthanporoborti
অমীমাংসাযোগ্য	omimangshajoggo	amimangsayogya	omimangsha-joggo	amimangsa-yogya	omimangshajoggo
অমৃতসঞ্জীবনী	omritosonjjiboni	amritasanjivani	omrito-sonjjiboni	amrita-sanjivani	omritosonjjiboni
অর্থনৈতিকমন্দা	orthonoitikmondA	arthanaitikamanda	orthonoitiko-monda	arthanaitika-manda	orthonoitikmondA
অর্থসংকটাপন্ন	orthoshongkotaponno	arthasankatapanNa	ortho-shongkoto-ponno	artha-sankata-panna	orthoshongkotaponno
অলংকারশাস্ত্র	olongkarshastro	alankarashastra	olongkar-shastro	alankara-shastra	olongkarshastro
অশিক্ষিতজনগণ	oshikkhitojonogon	ashikshitajanagan	oshikkhito-jono-gon	ashikshita-jana-gan	oshikkhitojonogon
অসন্তোষপ্রকাশ	oshontoshprokash	asantoshaprakash	oshontosh-prokash	asantosha-prakash	oshontoshprokash
অসামঞ্জস্যতা	oshamonjoshshota	asamanjasyata	oshamonjoshsho-ta	asamanjasya-ta	oshamonjoshshota
অস্বাভাবিকতা	oshshabhabikota	aswabhavikata	oshshabhabiko-ta	aswabhavika-ta	oshshabhabikota
আকাঙ্ক্ষিতফল	akankkhitofol	akankshitaphal	akankkhito-fol	akankshita-phal	akankkhitofol
আক্রমণপ্রবণতা	akromonprobOnota	akramanaprabonata	akromon-probonota	akramana-prabanata	akromonprobOnota
আগ্রহভিত্তিক	agrohobhittik	agrahabhittik	agroho-bhittik	agraha-bhittik	agrohobhittik
আত্মকেন্দ্রিকতা	attokendrikota	atmakendrikata	atto-kendrika-ta	atma-kendrika-ta	attokendrikota
আত্মজীবনীমূলক	attojibonimulok	atmajibanimulaka	atto-jiboni-mulok	atma-jibani-mulaka	attojibonimulok
আত্মরক্ষার্থে	attorokkharthe	atmaraksharthe	atto-rokkh-arthe	atma-raksharthe	attorokkharthe
আত্মসমর্পণকারী	attosomorponkari	atmasamarpanakari	atto-somorpon-kari	atma-samarpana-kari	attosomorponkari
আত্মহীনতাবোধ	attohinotabodh	atmahinatabodh	atto-hinota-bodh	atmahinata-bodha	attohinotabodh
আন্তঃপ্রাতিষ্ঠানিক	antopratishthanik	antahpratishthanik	onto-protishthanik	antah-pratishthanik	antopratishthanik
আন্তঃব্যক্তিক	antorbektik	antarbyaktik	antor-bektik	antar-byaktik	antorbektik
আন্তঃবিষয়কতা	antorbishoyokota	antarvishayakata	antor-bishoyoko-ta	antar-vishayaka-ta	antorbishoyokota
আবিষ্কারপ্রবণ	abishkarprobon	avishkaraprabon	abishkar-probon	avishkara-praban	abishkarprobon
আবেগপ্রবণতা	abegprobOnota	abegaprabonata	abeg-probonota	abega-prabanata	abegprobOnota
আয়ত্তসাধ্য	ayottoshaddho	ayattasadhya	ayotto-shaddho	ayatta-sadhya	ayottoshaddho
ইতিবাচকপ্রভাব	itibachokprobhab	itibachakaprabhav	itibachok-probhab	itibachaka-prabhav	itibachokprobhab
ইতিহাসসম্মত	itihasshommoto	itihasasammata	itihash-shommoto	itihasa-sammata	itihasshommoto
ইন্দ্রিয়গ্রাহ্যতা	indriyograhhota	indriyagrahyata	indriyo-grahho-ta	indriya-grahya-ta	indriyograhhota
ইচ্ছাকৃতভাবে	icchakritovabe	ichchakritabhabe	iccha-krito-vabe	ichcha-krita-bhabe	icchakritovabe
উচ্চক্ষমতাসম্পন্ন	ucchokhomotashompanno	uchchakshamatasampanna	uccho-khomota-shompanno	uchcha-kshamata-sampanna	ucchokhomotashompanno
উচ্চতরশিক্ষা	ucchotoroshikkha	uchchatarashiksha	ucchotoro-shikkha	uchchatara-shiksha	ucchotoroshikkha
উচ্ছ্বাসপ্রকাশ	ucchhashprokash	uchchhwasa-prakash	ucchhash-prokash	uchchhwasa-prakash	ucchhashprokash
উৎকণ্ঠামুক্ত	utkonThamukto	utkanthamukto	utkonTha-mukto	utkantha-mukta	utkonThamukto
উৎপাদনব্যয়	utpadonbBoy	utpadanabyay	utpadon-bBoy	utpadana-byay	utpadonbBoy
উৎপাদনশীলতা	utpadonshilota	utpadanashilata	utpadon-shilota	utpadana-shilata	utpadonshilota
উদ্ভাবনক্ষমতা	udbhabonkhomota	udbhabanakshamata	udbhabon-khomota	udbhabana-kshamata	udbhabonkhomota
উদ্দেশ্যনির্ভর	uddeshshonirvor	uddeshyanirbhar	uddeshsho-nirvor	uddeshya-nirbhar	uddeshshonirvor
উদ্যোগগ্রহণ	uddoggrohon	uddyogagrahan	uddog-grohon	uddyoga-grahana	uddoggrohon
উদ্ধৃতিযোগ্য	uddhritojoggo	uddhritayogya	uddhrito-joggo	uddhrita-yogya	uddhritojoggo
উন্নয়নপরিকল্পনা	unnoyonporikolpona	unnayanaparikalpana	unnoyon-porikolpona	unnayana-parikalpana	unnoyonporikolpona
উন্মুক্তবিশ্ববিদ্যালয়	unmuktobishshobiddaloy	unmuktavishwavidyalay	unmukto-bishsho-biddaloy	unmukta-vishwa-vidyalay	unmuktobishshobiddaloy
উপকারিতাভিত্তিক	upokaritabhittik	upakaritabhittik	upokarita-bhittik	upakarita-bhittik	upokaritabhittik
উপযুক্তপরিবেশ	upojuktoporibesh	upayuktaparibesh	upojukto-poribesh	upayukta-paribesh	upojuktoporibesh
উপনিবেশস্থাপন	uponibeshsthapon	upanibeshastapan	uponibesh-sthapon	upanibesha-sthapan	uponibeshsthapon
উপস্থাপকমণ্ডলী	uposthapokmondoli	upasthapakamandali	uposthapok-mondoli	upasthapaka-mandali	uposthapokmondoli
উপসর্গসংক্রান্ত	uposorgoshongkranto	upasargasamkranta	uposorgo-shongkranto	upasarga-samkranta	uposorgoshongkranto
ঊর্ধ্বগামীপ্রবণতা	urdhwogamiprobOnota	urdhwagamiprabonata	urdhwo-gami-probonota	urdhwa-gami-prabanata	urdhwogamiprobOnota
ঋণাত্মকপ্রভাব	rinattokprobhab	rinatmakaprabhav	rin-attok-probhab	rinatmaka-prabhav	rinattokprobhab
একচ্ছত্রক্ষমতা	ekocchotrokhomota	ekachchhatrakshamata	ekocchotro-khomota	ekachchhatra-kshamata	ekocchotrokhomota
একনিষ্ঠপ্রচেষ্টা	ekonishthoprocheshta	ekanishthapracheshta	ekonishtho-procheshta	ekanishtha-pracheshta	ekonishthoprocheshta
একাধিকভাষায়	ekadhikobhashay	ekadhikabhashay	ekadhiko-bhashay	ekadhika-bhashay	ekadhikobhashay
ঐক্যবদ্ধপ্রচেষ্টা	oikkoboddhoprocheshta	aikyabaddhapracheshta	oikko-boddho-procheshta	aikya-baddha-pracheshta	oikkoboddhoprocheshta
ঐতিহ্যবাহীস্থাপনা	oitihashbahisthapona	aitihyabahisthapana	oitiho-bahi-sthapona	aitihya-bahi-sthapana	oitihashbahisthapona
কক্ষনিয়ন্ত্রণব্যবস্থা	kokkhoniyontronbebostha	kakshaniyantranabyabastha	kokkho-niyontron-bebostha	kaksha-niyantrana-byabastha	kokkhoniyontronbebostha
কণ্ঠস্বরপরিবর্তন	konthosworporiborton	kanthaswaraparibartan	kontho-swor-poriborton	kantha-swara-parivartan	konthosworporiborton
কর্তব্যনির্ধারণ	kortobbonirdharon	kartabyanirdharan	kortobbo-nirdharon	kartabya-nirdharana	kortobbonirdharon
কর্মক্ষমতাবৃদ্ধি	kormokhomotabriddhi	karmakshamatavriddhi	kormo-khomota-briddhi	karma-kshamata-vriddhi	kormokhomotabriddhi
কর্মপ্রবাহব্যবস্থা	kormoprobahbebostha	karmaprabahabyabastha	kormo-probah-bebostha	karma-prabaha-byabastha	kormoprobahbebostha
কর্মসংস্থানের	kormoshongsthaner	karmasangsthaner	kormo-shongsthaner	karma-sangsthaner	kormoshongsthaner
কল্পনাতীতভাবে	kolponatitovabe	kalpanatitabhabe	kolpona-atito-vabe	kalpana-atita-bhabe	kolponatitovabe
কৃতিত্বস্বীকৃতি	kritittoshshikriti	krititwaswikriti	krititto-shshikriti	krititwa-swikriti	kritittoshshikriti
কৃত্রিমউপগ্রহ	kritrimoupogroho	kritrimaupagraha	kritrimo-upogroho	kritrima-upagraha	kritrimoupogroho
কৃষ্ণাঙ্গসম্প্রদায়	krishnanggoshomproday	krishnangasampraday	krishnanggo-shomproday	krishnanga-sampraday	krishnanggoshomproday
কেন্দ্রীয়ব্যাংক	kendriyobyangk	kendriyobyank	kendriyo-byangk	kendriya-byank	kendriyobyangk
ক্ষতবিক্ষতঅবস্থা	khotobikkhotoobostha	kshatabikshatabastha	khoto-bikkhoto-obostha	kshata-bikshata-avastha	khotobikkhotoobostha
ক্ষতিগ্রস্তঅঞ্চল	khotigrostoOnchol	kshatigrasta-anchal	khoti-grosto-onchol	kshati-grasta-anchal	khotigrostoOnchol
ক্ষুদ্রনৃগোষ্ঠী	khudronrigoshthi	kshudranrigoshthi	khudro-nri-goshthi	kshudra-nri-goshthi	khudronrigoshthi
ক্ষমতাসীনসরকার	khomotasinsorkar	kshamatasinasarkar	khomotasin-sorkar	kshamatasina-sarkar	khomotasinsorkar
ক্ষমতায়নপ্রক্রিয়া	khomotayonprokriya	kshamatayanaprakriya	khomotayon-prokriya	kshamatayana-prakriya	khomotayonprokriya
খ্যাতনামাব্যক্তি	khyatonamabekti	khyatanamabyakti	khyato-nama-bekti	khyata-nama-byakti	khyatonamabekti
খ্রিস্টীয়সম্প্রদায়	khristiyoshomproday	khristiyasampraday	khristiyo-shomproday	khristiya-sampraday	khristiyoshomproday
গণতান্ত্রিকঅধিকার	gonotantrikodhikar	ganatantrikadhikar	gono-tantrik-odhikar	ganatantrika-adhikara	gonotantrikodhikar
গণসংযোগকার্যক্রম	gonoshongjogkarjokrom	ganasangyogakaryakram	gono-shongjog-karjo-krom	gana-sangyoga-karya-kram	gonoshongjogkarjokrom
গণ্যমান্যনাগরিক	gonyomannyonagorik	ganyamanyanagarik	gonyo-mannyo-nagorik	ganya-manya-nagarik	gonyomannyonagorik
গর্ভাবস্থাকালীন	gorbhabosthakalin	garbhabasthakalin	gorbhabostha-kalin	garbhavastha-kalin	gorbhabosthakalin
গবেষণানির্ভর	gobeshonanirvor	gabeshananirbhar	gobeshona-nirvor	gabeshana-nirbhar	gobeshonanirvor
গ্রন্থপ্রকাশনা	gronthoprokashona	granthaprakashana	grontho-prokashona	grantha-prakashana	gronthoprokashona
গ্রামভিত্তিকউন্নয়ন	gramobhittikunnoyon	gramabhittikunnayan	gramo-bhittik-unnoyon	grama-bhittika-unnayana	gramobhittikunnoyon
গ্রাহকবান্ধব	grahokbandhob	grahakabandhab	grahok-bandhob	grahaka-bandhava	grahokbandhob
ঘনবসতিপূর্ণ	ghonobosotipurno	ghanabasatipurna	ghono-bosoti-purno	ghana-basati-purna	ghonobosotipurno
ঘূর্ণায়মানচক্র	ghurnaymanochokro	ghurnayamanachakra	ghurnaymano-chokro	ghurnayamana-chakra	ghurnaymanochokro
চক্রবৃদ্ধিসুদ	chokrobriddhisud	chakrabriddhisud	chokro-briddhi-sud	chakra-vriddhi-sud	chokrobriddhisud
চিন্তাভাবনাপ্রবণ	chintabhabonaprobon	chintabhabanaprabon	chinta-bhabona-probon	chinta-bhabana-praban	chintabhabonaprobon
চিকিৎসাবিজ্ঞানের	chikitsabigganeR	chikitsabigyaner	chikitsa-bigganer	chikitsa-bigyaner	chikitsabigganeR
চিত্রপ্রদর্শনী	chitroprodorshoni	chitrapradarshani	chitro-prodarshoni	chitra-pradarshani	chitroprodorshoni
চূড়ান্তনির্দেশনা	churantonirdeshona	churantanirdeshana	churanto-nirdeshona	churanta-nirdeshana	churantonirdeshona
ছাত্রসংসদনির্বাচন	chattroshongshodnirbachon	chatrasangsadanirbachan	chattro-shongshod-nirbachon	chatra-sangsada-nirbachana	chattroshongshodnirbachon
ছিন্নবিচ্ছিন্ন	chhinnobichchhinno	chinnabichchhinna	chhinno-bichchhinno	chhinna-bichchhinna	chhinnobichchhinno
জন্মনিয়ন্ত্রণপদ্ধতি	jonmoniyontronpoddhoti	janmaniyantranapaddhati	jonmo-niyontron-poddhoti	janma-niyantrana-paddhati	jonmoniyontronpoddhoti
জ্ঞানভাণ্ডারসমৃদ্ধ	ggyanbhandarshomriddho	jnyanabhandarasamriddha	ggyan-bhandar-shomriddho	jnyana-bhandara-samriddha	ggyanbhandarshomriddho
জ্যোতির্বিদ্যাচর্চা	jyotirbiddyachorcha	jyotirvidyacharcha	jyotir-biddya-chorcha	jyotir-vidya-charcha	jyotirbiddyachorcha
ঝুঁকিনিরসনব্যবস্থা	jhukiniroshonbebostha	jhukinirasanabyabastha	jhuki-niroshon-bebostha	jhuki-nirasana-byabastha	jhukiniroshonbebostha
তত্ত্বাবধানকারী	tottabodhankari	tattwabadhanakaRi	tottwo-bodhan-kari	tattwa-badhana-kari	tottabodhankari
তদন্তসাপেক্ষে	todontoshapekkhe	tadantasapekshe	todonto-shapekkhe	tadanta-sapekshe	todontoshapekkhe
তথ্যপ্রবাহনিয়ন্ত্রণ	tothoprobahniyontron	tathyaprabahaniyantran	tottho-probah-niyontron	tathya-prabaha-niyantrana	tothoprobahniyontron
ত্রিমাত্রিকনকশা	trimatrikonoksha	trimatrikanaksha	trimatriko-noksha	trimatrika-naksha	trimatrikonoksha
ত্রুটিনিরসনপ্রক্রিয়া	trutiniroshonprokriya	trutinirasanaprakriya	truti-niroshon-prokriya	truti-nirasana-prakriya	trutiniroshonprokriya
দক্ষতাভিত্তিকশিক্ষা	dokkhotabhittikshikkha	dakshatabhittikashiksha	dokkhota-bhittik-shikkha	dakshata-bhittika-shiksha	dokkhotabhittikshikkha
দুর্নীতিবিরোধী	durnitibirodhi	durnitibirodhi	durniti-birodhi	durniti-virodhi	durnitibirodhi
দুর্ভোগপীড়িত	durbhogpirito	durbhogapirita	durbhog-pirito	durbhoga-pirita	durbhogpirito
দুর্যোগপ্রবণএলাকা	durjogprobonelaka	duryogapraban-elaka	durjog-probon-elaka	duryoga-prabana-elaka	durjogprobonelaka
দৃষ্টিভঙ্গিপরিবর্তন	drishtibhonggiporiborton	drishtibhangiparibartan	drishti-bhonggi-poriborton	drishti-bhangi-parivartan	drishtibhonggiporiborton
দ্বন্দ্বমূলকপরিস্থিতি	dwondomulokoporishthiti	dwandwamulakaparishthiti	dwondo-muloko-porishthiti	dwandwa-mulaka-parishthiti	dwondomulokoporishthiti
দ্বিপাক্ষিকচুক্তি	dwipokkhiYochukti	dwipakshiyachukti	dwi-pokkhiYo-chukti	dwi-pakshiya-chukti	dwipokkhiYochukti
দ্রব্যমূল্যনিয়ন্ত্রণ	drobbomulloniyontron	dravyamulyaniyantran	drobbo-mullo-niyontron	dravya-mulya-niyantrana	drobbomulloniyontron
ধর্মীয়সম্প্রীতিবোধ	dhormiyoshompritibodh	dharmiyasampritibodh	dhormiyo-shompriti-bodh	dharmiya-sampriti-bodha	dhormiyoshompritibodh
ধারণাগতকাঠামো	dharonagotokathamo	dharanagatakathamo	dharona-goto-kathamo	dharana-gata-kathamo	dharonagotokathamo
নক্ষত্রখচিতআকাশ	nokkhotrokhochitakash	nakshatrakhachita-akash	nokkhotro-khochito-akash	nakshatra-khachita-akasha	nokkhotrokhochitakash
নির্ধারিতসময়সীমা	nirdharitoshomoishima	nirdharitasamayasima	nirdharito-shomoy-shima	nirdharita-samaya-sima	nirdharitoshomoishima
নিরপেক্ষতাবজায়	niropekkhotabojay	nirapekshatabajay	niropekkhota-bojay	nirapekshata-bajay	niropekkhotabojay
নির্বাচনীইশতেহার	nirbachoniishthehar	nirbachani-ishtehar	nirbachoni-ishtehar	nirbachani-ishtehar	nirbachoniishthehar
নির্ভরতামুক্ত	nirvortamukto	nirbharatamukta	nirvorota-mukto	nirbharata-mukta	nirvortamukto
নিষিদ্ধঘোষণাপত্র	nishiddhoghoshonapotro	nishiddhaghoshanapatra	nishiddho-ghoshona-potro	nishiddha-ghoshana-patra	nishiddhoghoshonapotro
নিষ্পত্তিপ্রক্রিয়া	nishpottiprokriya	nishpattiprakriya	nishpotti-prokriya	nishpatti-prakriya	nishpottiprokriya
নৃত্যপরিবেশনা	nrityoporibeshona	nrityaparibeshana	nrityo-poribeshona	nritya-paribeshana	nrityoporibeshona
ন্যায়সংগতদাবি	nyayshonggotodabi	nyayasangatadabi	nyay-shonggoto-dabi	nyaya-sangata-dabi	nyayshonggotodabi
পক্ষপাতহীনভাবে	pokkhopat-hinovabe	pakshapatahinabhabe	pokkhopato-hino-vabe	pakshapata-hina-bhabe	pokkhopat-hinovabe
পদ্ধতিগতউন্নয়ন	poddhutigotounnoyon	paddhatigataunnayan	poddhuti-goto-unnoyon	paddhati-gata-unnayana	poddhutigotounnoyon
পরিকল্পনাপ্রণয়ন	porikolponapronoyon	parikalpanapranayan	porikolpona-pronoyon	parikalpana-pranayan	porikolponapronoyon
পরিচ্ছন্নপরিবেশ	poricchonnoporibesh	parichchhannaparibesh	poricchonno-poribesh	parichchhanna-paribesh	poricchonnoporibesh
পরিসংখ্যানভিত্তিক	porishongkhanbhittik	parisankhyanabhittik	porishongkhan-bhittik	parisankhyana-bhittik	porishongkhanbhittik
পর্যবেক্ষণপ্রক্রিয়া	porjobekkhonprokriya	paryabekshanaprakriya	porjobekkhon-prokriya	paryabekshana-prakriya	porjobekkhonprokriya
পর্যায়ক্রমউন্নয়ন	porjaykromounnoyon	paryayakramaunnayan	porjay-kromo-unnoyon	paryaya-krama-unnayana	porjaykromounnoyon
পুনর্নির্মাণপ্রকল্প	punornirmanprokolpo	punarnirmanaprakalpa	punor-nirman-prokolpo	punar-nirmana-prakalpa	punornirmanprokolpo
পূর্বাভাসনির্ভর	purbabhashnirvor	purvabhasanirbhar	purbo-bhash-nirvor	purva-bhasha-nirbhar	purbabhashnirvor
প্রতিকূলতামোকাবিলা	protikulotamokabila	pratikulatamokabila	protikulota-mokabila	pratikulata-mokabila	protikulotamokabila
প্রতিবাদমুখর	protibadmukhor	pratibadamukhar	protibad-mukhor	pratibada-mukhar	protibadmukhor
প্রতিষ্ঠানপ্রতিনিধি	protishthanprotinidhi	pratishthanapratinidhi	protishthan-protinidhi	pratishthana-pratinidhi	protishthanprotinidhi
প্রত্নতাত্ত্বিকনিদর্শন	protnotattwiknidorshon	pratnatattwikanidarshan	protno-tattwik-nidorshon	pratna-tattwika-nidarshan	protnotattwiknidorshon
প্রত্যয়নযোগ্যতা	prottoyonjoggotA	pratyayanayoggyata	prottoyon-joggotA	pratyayana-yoggyata	prottoyonjoggotA
প্রধানঅতিথিবৃন্দ	prodhanotithibrindo	pradhana-atithibrinda	prodhan-atithi-brindo	pradhana-atithi-brinda	prodhanotithibrindo
প্রবেশাধিকারসংরক্ষণ	probeshadhikarshongrokkhon	prabeshadhikarasangrakshan	probesh-adhikar-shongrokkhon	prabesha-adhikara-sangrakshan	probeshadhikarshongrokkhon
প্রবীণনাগরিকদের	probinnagorikder	prabinanagarikder	probin-nagorik-der	prabina-nagarik-der	probinnagorikder
প্রমাণভিত্তিকসিদ্ধান্ত	promanbhittikshiddhanto	pramanabhittikasiddhanta	proman-bhittik-shiddhanto	pramana-bhittika-siddhanta	promanbhittikshiddhanto
প্রশাসনসংক্রান্ত	proshashonshongkranto	prashasanasamkranta	proshashon-shongkranto	prashasana-samkranta	proshashonshongkranto
প্রশিক্ষণকার্যক্রম	proshikkhonkarjokrom	prashikshanakaryakram	proshikkhon-karjo-krom	prashikshana-karya-kram	proshikkhonkarjokrom
প্রাকৃতিকপরিবেশ	prakritikoporibesh	prakritikaparibesh	prakritiko-poribesh	prakritika-paribesh	prakritikoporibesh
প্রাণিসম্পদউন্নয়ন	pranisompodunnoyon	pranisampadaunnayan	prani-shompod-unnoyon	prani-sampada-unnayana	pranisompodunnoyon
ফলপ্রসূকার্যক্রম	folproshukarjokrom	phalaprasukaryakram	folproshu-karjo-krom	phala-prasu-karya-kram	folproshukarjokrom
বক্তৃতাপ্রতিযোগিতা	boktritaprotijogita	baktritapratijogita	boktrita-protijogita	baktrita-pratijogita	boktritaprotijogita
বঞ্চিতসম্প্রদায়	bonchitoshomproday	banchitasampraday	bonchito-shomproday	banchita-sampraday	bonchitoshomproday
বদ্ধপরিকরভাবে	boddhoporikorvabe	baddhaprikarabhabe	boddho-porikor-vabe	baddha-parikara-bhabe	boddhoporikorvabe
বর্ধিষ্ণুঅর্থনীতি	bordhishnuorthoniti	bardhishnu-arthaniti	bordhishnu-orthoniti	bardhishnu-arthaniti	bordhishnuorthoniti
বহুমুখীপ্রতিভা	bohumukhiprotibha	bahumukhipratibha	bohu-mukhi-protibha	bahu-mukhi-pratibha	bohumukhiprotibha
বহিরাগতপ্রভাব	bohiragotoprobhab	bahiragataprabhav	bohira-goto-probhab	bahiragata-prabhav	bohiragotoprobhab
বাণিজ্যচুক্তিভিত্তিক	banijjochuktibhittik	banijyachuktibhittik	banijjo-chukti-bhittik	banijya-chukti-bhittik	banijjochuktibhittik
বিচ্ছিন্নঅঞ্চল	bichchhinnoonchol	bichchhinna-anchal	bichchhinno-onchol	bichchhinna-anchal	bichchhinnoonchol
বিজ্ঞপ্তিপ্রকাশ	biggoptiprokash	bigyaptiprakash	biggopti-prokash	bigyapti-prakash	biggoptiprokash
বিদ্যুৎউৎপাদন	bidyutoutpadon	vidyututpadan	bidyut-utpadon	vidyut-utpadana	bidyutoutpadon
বিনিয়োগযোগ্যতা	biniyogjoggotA	biniyogayoggyata	biniyog-joggotA	biniyoga-yoggyata	biniyogjoggotA
বিপন্নপ্রজাতি	biponnoprojati	bipannaprajati	biponno-projati	bipanna-prajati	biponnoprojati
বিভাগভিত্তিকভাবে	bibhagbhittikovabe	bibhagabhittikabhabe	bibhag-bhittiko-vabe	bibhaga-bhittika-bhabe	bibhagbhittikovabe
বিরোধপূর্ণপরিস্থিতি	birodhpurnoporishthiti	virodhapurnaparishthiti	birodh-purno-porishthiti	virodha-purna-parishthiti	birodhpurnoporishthiti
বিশ্বব্যাপীসংকট	bishshobyapishongkot	vishwabyapisankat	bishsho-byapi-shongkot	vishwa-byapi-sankata	bishshobyapishongkot
বিষ্ফোরণপ্রতিরোধ	bishphoronprotirodh	vishphoranapratirodh	bishphoron-protirodh	vishphorana-pratirodha	bishphoronprotirodh
বিস্তারিতপর্যালোচনা	bistaritoporjalochona	bistaritaparyalochana	bistarito-porjalochona	bistarita-paryalocana	bistaritoporjalochona
বৃক্ষচ্ছেদনরোধ	brikkhochchhedonrodh	vrikshachchhedanarodh	brikkho-cchhedon-rodh	vriksha-chchhedana-rodha	brikkhochchhedonrodh
বৈষম্যহীনসমাজ	boishommyohinshomaj	vaishamyahinasamaj	boishommo-hin-shomaj	vaishamya-hina-samaj	boishommyohinshomaj
ব্যক্তিত্ববিকাশ	bektittobikash	byaktittwavikash	bektitto-bikash	byaktitwa-vikash	bektittobikash
ব্যবস্থাপনাকৌশল	bebosthaponakoushol	byabasthapanakaushal	bebosthapona-koushol	byabasthapana-kaushal	bebosthaponakoushol
ব্যবহারকারীবান্ধব	beboharkaribandhob	byabaharikaribandhab	bebohar-kari-bandhob	byabahari-kari-bandhava	beboharkaribandhob
ব্যাখ্যাযোগ্যতা	byakkhajoggotA	byakhyayoggyata	byakkha-joggotA	byakhya-yoggyata	byakkhajoggotA
ভবিষ্যৎপরিকল্পনা	bhobishshotporikolpona	bhavishyatparikalpana	bhobishshot-porikolpona	bhavishya-parikalpana	bhobishshotporikolpona
ভৌগোলিকবৈচিত্র্য	bhougolicoboichitro	bhaugolikavaichitra	bhougolic-boichitro	bhaugolika-vaichitra	bhougolicoboichitro
ভ্রমণবৃত্তান্তমূলক	bhromonbrittantomulok	bhramanavrittantamulaka	bhromon-brittanto-mulok	bhramana-vrittanta-mulaka	bhromonbrittantomulok
মধ্যস্থতাপ্রদান	moddhosthotaprodan	madhyasthatapradan	moddhosthota-prodan	madhyasthata-pradan	moddhosthotaprodan
মন্ত্রণালয়ভিত্তিক	montronaloybhittik	mantranalayabhittik	montronaloy-bhittik	mantranalaya-bhittik	montronaloybhittik
মনোবৈজ্ঞানিক	monoboigganik	manavaigyanik	mono-boigganik	mano-vaigyanik	monoboigganik
মহাকাশগবেষণা	mohakashgobeshona	mahakashagabeshana	moha-kash-gobeshona	maha-kasha-gabeshana	mohakashgobeshona
মহানগরভিত্তিক	mohanogorbhittik	mahanagarabhittik	moha-nogor-bhittik	maha-nagara-bhittik	mohanogorbhittik
মুদ্রাস্ফীতিনিয়ন্ত্রণ	mudrashphitiniyontron	mudrasphitiniyantran	mudrashphiti-niyontron	mudra-sphiti-niyantrana	mudrashphitiniyontron
মৌলিকঅবকাঠামো	moulikobokathamo	maulikabakashamo	mouliko-obokathamo	maulika-abakathamo	moulikobokathamo
যন্ত্রচালিতব্যবস্থা	jontrochalitobebostha	yantrachalitabyabastha	jontro-chalito-bebostha	yantra-chalita-byabastha	jontrochalitobebostha
যথার্থমূল্যায়ন	jotharthomullayon	yatharthamulyayan	jothartho-mullayon	yathartha-mulyayana	jotharthomullayon
যৌথব্যবস্থাপনা	jouthobebosthapona	yauthabyabasthapana	joutho-bebosthapona	yautha-byabasthapana	jouthobebosthapona
রক্তসঞ্চালনপ্রক্রিয়া	roktoshonchalonprokriya	raktasanchalanaprakriya	rokto-shonchalon-prokriya	rakta-sanchalana-prakriya	roktoshonchalonprokriya
রাষ্ট্রীয়স্বার্থ	rashtriyoshwartho	rashtriyaswartha	rashtriyo-shwartho	rashtriya-swartha	rashtriyoshwartho
রূপান্তরমূলক	rupantormulok	rupantaramulaka	rupan-tor-mulok	rupantara-mulaka	rupantormulok
লক্ষ্যভিত্তিকপরিকল্পনা	lokkhobhittikoporikolpona	lakshyabhittikaparikalpana	lokkho-bhittiko-porikolpona	lakshya-bhittika-parikalpana	lokkhobhittikoporikolpona
লব্ধপ্রতিষ্ঠব্যক্তি	lobdhoprotishthobekti	labdhapratishthabyakti	lobdho-protishtho-bekti	labdha-pratishtha-byakti	lobdhoprotishthobekti
শক্তিসঞ্চয়ব্যবস্থা	shoktishonchoybebostha	shaktisanchayabyabastha	shokti-shonchoy-bebostha	shakti-sanchaya-byabastha	shoktishonchoybebostha
শব্দভাণ্ডারসমৃদ্ধ	shobdobhandarshomriddho	shabdabhandarasamriddha	shobdo-bhandar-shomriddho	shabda-bhandara-samriddha	shobdobhandarshomriddho
শরণার্থীশিবিরসমূহ	shoronarthishibirshomuho	sharanarthisibirasamuha	shoronarthi-shibir-shomuho	sharanarthi-sibira-samuha	shoronarthishibirshomuho
শারীরবৃত্তীয়প্রক্রিয়া	sharirbrittiyoprokriya	shariravrittiyaprakriya	sharir-brittiyo-prokriya	sharira-vrittiya-prakriya	sharirbrittiyoprokriya
শিক্ষাপ্রতিষ্ঠানসমূহ	shikkhaprotishthanshomuho	shikshapratishthanasamuha	shikkha-protishthan-shomuho	shiksha-pratishthana-samuha	shikkhaprotishthanshomuho
শিল্পভিত্তিকঅর্থনীতি	shilpobhittikorthoniti	shilpabhittikarthaniti	shilpo-bhittik-orthoniti	shilpa-bhittika-arthaniti	shilpobhittikorthoniti
শৃঙ্খলাপরিপন্থী	shrinkholaporiponthi	shrinkhalapariponthi	shrinkhola-poriponthi	shrinkhala-paripanthi	shrinkholaporiponthi
শ্রেণিবিন্যাসপ্রক্রিয়া	shrenibinnyashprokriya	shrenivinyasaprakriya	shreni-binnyash-prokriya	shreni-vinyasa-prakriya	shrenibinnyashprokriya
শ্রদ্ধানিবেদন	shraddhanibedon	shraddhanibedan	shraddha-nibedon	shraddha-nibedana	shraddhanibedon
ষড়যন্ত্রপ্রবণ	shorojontroprobon	shadayantraprabon	shoro-jontro-probon	shadayantra-praban	shorojontroprobon
সংকটকালীনপরিস্থিতি	shongkotkalinoporishthiti	sankatkalinaparishthiti	shongkot-kalino-porishthiti	sankata-kalina-parishthiti	shongkotkalinoporishthiti
সংখ্যাতাত্ত্বিক	shongkhyatattwik	sankhyatattwik	shongkhya-tattwik	sankhya-tattwika	shongkhyatattwik
সংবিধানসংশোধন	shongbidhanShongshodhon	sambidhanasanshodhan	shongbidhan-shongshodhon	sambidhana-sanshodhana	shongbidhanShongshodhon
সঙ্গীতপরিবেশনা	shonggitoporibeshona	sangitaparibeshana	shonggito-poribeshona	sangita-paribeshana	shonggitoporibeshona
সংশ্লিষ্টব্যক্তিবর্গ	shongshlishtobektiborgo	sangshlishtabyaktivarga	shongshlishto-bekti-borgo	sangshlishta-byakti-varga	shongshlishtobektiborgo
সম্পর্কব্যবস্থাপনা	shomporkobebosthapona	samparkabyabasthapana	shomporko-bebosthapona	samparka-byabasthapana	shomporkobebosthapona
সম্প্রসারণপ্রক্রিয়া	shomprosharonprokriya	samprasaranaprakriya	shomprosharon-prokriya	samprasarana-prakriya	shomprosharonprokriya
সম্পূর্ণস্বয়ংক্রিয়	shompurnoshwoyongkriyo	sampurnaswayangkriya	shompurno-shwoyongkriyo	sampurna-swayangkriya	shompurnoshwoyongkriyo
সম্মানজনকভাবে	shommanjonokvabe	sammanajanakabhabe	shomman-jonoko-vabe	sammAna-janaka-bhabe	shommanjonokvabe
সম্মিলিতসিদ্ধান্ত	shommilitoshiddhanto	sammilitasiddhanta	shommilito-shiddhanto	sammIlita-siddhanta	shommilitoshiddhanto
সম্ভাব্যসমাধান	shombhabbyoshomadhan	sambhavyasamadhan	shombhabbo-shomadhan	sambhavya-samadhana	shombhabbyoshomadhan
সম্বন্ধীয়তথ্য	shombondhiyotottho	sambandhiyatathya	shombondhiyo-tottho	sambandhiya-tathya	shombondhiyotottho
সর্বজনীনশিক্ষা	shorbajoninshikkha	sarbajaniNashiksha	shorbajonin-shikkha	sarbajaniNa-shiksha	shorbajoninshikkha
সর্বোত্তমব্যবস্থা	shorbottombebostha	sarbottamabyabastha	shorbottam-bebostha	sarbottama-byabastha	shorbottombebostha
সাংস্কৃতিকসম্প্রীতি	shangskritikshompriti	sanskritikasampriti	shangskritik-shompriti	sanskritika-sampriti	shangskritikshompriti
সাক্ষরতারহার	shakkhorotarhar	saksharatarahar	shakkhorota-har	saksharata-hara	shakkhorotarhar
সাধারণজনগণের	shadharonojonogoner	sadharanajanaganer	shadharono-jono-goner	sadharana-jana-ganer	shadharonojonogoner
সামগ্রিকউন্নয়ন	shamoggrikounnoyon	samagrikaunnayan	shamoggriko-unnoyon	samagrika-unnayana	shamoggrikounnoyon
সাম্প্রতিকঘটনাবলি	shamprotikoghotonaboli	sampratikaghatanabali	shamprotiko-ghotona-boli	sampratika-ghatana-bali	shamprotikoghotonaboli
সার্বভৌমঅধিকার	sharbobhoumodhikar	sarbabhaumadhikar	sharbo-bhoumo-odhikar	sarva-bhauma-adhikara	sharbobhoumodhikar
সীমান্তসংলগ্ন	shimantoshonglogno	simantasanglagna	shimanto-shonglogno	simanta-sanglagna	shimantoshonglogno
সুবিন্যস্তপরিকল্পনা	subinnyostoporikolpona	suvinayastaparikalpana	su-binnyosto-porikolpona	su-vinyasta-parikalpana	subinnyostoporikolpona
সুসমন্বয়সাধন	shushomonwoyshadhon	susamanwayasadhan	su-shomonwoy-shadhon	su-samanwaya-sadhana	shushomonwoyshadhon
সুস্থতানির্দেশক	susthotanirdeshok	susthatanirdeshak	susthota-nirdeshok	susthata-nirdeshaka	susthotanirdeshok
সৃষ্টিশীলচিন্তাধারা	srishtishilchintadhara	srishtishilachintadhara	srishti-shil-chinta-dhara	srishti-shila-chinta-dhara	srishtishilchintadhara
স্থায়ীসমাধান	sthayishomadhan	sthayisamadhan	sthayi-shomadhan	sthayi-samadhana	sthayishomadhan
স্থাপত্যনির্মাণশৈলী	sthapottyonirmanshoili	sthapatyanirmanashaili	sthapottyo-nirman-shoili	sthapatya-nirmana-shaili	sthapottyonirmanshoili
স্পষ্টভাষায়প্রকাশ	spostobhashayprokash	spashtabhashayaprakash	sposto-bhashay-prokash	spashta-bhashaya-prakash	spostobhashayprokash
স্পর্শকাতরবিষয়	sporshokatorobishoy	sparshakataravishay	sporsho-katoro-bishoy	sparsha-katara-vishaya	sporshokatorobishoy
স্ফূর্তিবর্ধক	sphurtibordhok	sphurtivardhak	sphurti-bordhok	sphurti-vardhak	sphurtibordhok
স্মৃতিচারণমূলক	smriticharonmulok	smriticharanamulaka	smriti-charon-mulok	smriti-charana-mulaka	smriticharonmulok
স্বচ্ছতাবজায়রাখা	swocchhotabojayrakha	swachchhatabajayrakha	swocchhota-bojay-rakha	swachchhata-bajay-rakha	swocchhotabojayrakha
স্বনির্ভরঅর্থনীতি	swonirvororthoniti	swanirbhararthaniti	swonirvor-orthoniti	swanirbhar-arthaniti	swonirvororthoniti
স্বপ্নবাস্তবায়ন	shopnobastobayon	swapnabastabayan	shopno-bastobayon	swapna-bastavayan	shopnobastobayon
স্বল্পসুদঋণ	sholposudrin	swalpasudrin	sholpo-sud-rin	swalpa-sud-rin	sholposudrin
স্বাস্থ্যসেবাব্যবস্থা	shasthyosebabebostha	swasthyasebabyabastha	shasthyo-seba-bebostha	swasthya-seba-byabastha	shasthyosebabebostha
হস্তান্তরপ্রক্রিয়া	hostantorprokriya	hastantaraprakriya	hostantor-prokriya	hastantara-prakriya	hostantorprokriya
হৃদরোগনির্ণয়	hridrognirnoy	hridroganirnoy	hridrog-nirnoy	hridroga-nirnaya	hridrognirnoy
হৃদয়গ্রাহীউপস্থাপনা	hridoygrahiuposthapona	hridayagrahiupasthapana	hridoy-grahi-uposthapona	hridaya-grahi-upasthapana	hridoygrahiuposthapona
হ্রাসমানপ্রবণতা	hrashmanoprobonota	hrasamanaprabonata	hrash-mano-probonota	hrasa-mana-prabanata	hrashmanoprobonota
অসুখ	osukh	oshukh	asukh
বাড়ি	bari	barhi	baari
ঘর	ghor	ghar
দরজা	dorja	dorza	doroja
জানালা	janala	janla	zanala
ছাদ	chad	sad	chhad
দেয়াল	deyal	deoyal	dewal
মেঝে	mejhe	meje
রান্নাঘর	rannaghor	rannaghar
বারান্দা	baranda	barandah	varanda
চেয়ার	chair	cheyar	cheyear
টেবিল	tebil	table	tebl
খাট	khat	khaat
বিছানা	bichana	bisana	bichhana
বালিশ	balish	balis
চাদর	chador	sador	chadar
আলমারি	almari	almarhi	almaari
বাতি	bati	baati
পাখা	pakha	pakhaa
আয়না	ayna	aina	aayna
ভাত	bhat	vat	bhaat
চাল	chal	saal	chaal
ডাল	dal	daal	dhal
মাছ	mach	mas	maach
মাংস	mangsho	mangso	mangsa
ডিম	dim	deem
দুধ	dudh	dud	doodh
পানি	pani	paani
চা	cha	chaa
লবণ	lobon	laban
চিনি	chini	sini
তেল	tel	tal
আটা	ata	atta	aata
রুটি	ruti	roti	rooti
সবজি	shobji	sobji	sobzi
ফল	phol	fol	fal
আম	aam	am
কলা	kola	kala
আলু	alu	aloo	aalu
পেঁয়াজ	peyaj	peaj	piyaj
রসুন	roshun	rosun
মরিচ	morich	moris	moric
হলুদ	holud	holood	halud
মসলা	moshla	mosla	masla
খাবার	khabar	khabaar	khaobar
নাস্তা	nasta	nashta	naasta
মিষ্টি	mishti	misti	mistti
পরিবার	poribar	paribar	poribaar
বাবা	baba	baaba
মা	ma	maa
ভাই	bhai	vai	bhaai
বোন	bon	bone	boon
ছেলে	chele	sele	chhele
মেয়ে	meye	meya	meyee
স্বামী	shami	swami	sami
স্ত্রী	stri	istri	sree
দাদা	dada	daada
দাদি	dadi	daadi
নানা	nana	naana
নানি	nani	naani
চাচা	chacha	chaacha	sasa
মামা	mama	maama
খালা	khala	khaala
ফুফু	fufu	phuphu	fufoo
শ্বশুর	shoshur	sosur	shwoshur
শাশুড়ি	shashuri	sasuri	shashurhi
বাচ্চা	bachcha	baccha	bachha
কাজ	kaj	kaz	kaaj
অফিস	office	ofis	offis
চাকরি	chakri	sakri	chakuri
ব্যবসা	bebsha	byabosa	bebsa
বেতন	beton	betan
বস	bosh	bos	boss
কর্মচারী	kormochari	karmachari	kormocharhi
শ্রমিক	shromik	sromik	srommik
মিটিং	miting	meeting
ছুটি	chuti	suti	chhuti
কাগজ	kagoj	kagaj	kagoz
কলম	kolom	kalam	kolm
বই	boi	boy
কম্পিউটার	kompiutar	computer	kompiuter
টাকা	taka	taaka
পয়সা	poysa	poisa	poyesa
দাম	dam	daam
বাজার	bajar	bazar	baajar
দোকান	dokan	dukan	dokaan
হিসাব	hishab	hisab	hishaab
ব্যাংক	bank	byank	bangk
ঋণ	rin	reen	rrin
লাভ	labh	lav	laab
খরচ	khoroch	khorosh	kharach
কেনা	kena	kaena	keena
বেচা	becha	besa	bacha
সময়	shomoy	somoy	samay
ঘণ্টা	ghonta	ghanta
মিনিট	minit	minute
দিন	din	deen
রাত	rat	raat
সকাল	shokal	sokal	sakal
দুপুর	dupur	doopur	dupoor
বিকেল	bikel	bikal	bikeal
সন্ধ্যা	shondha	sondha	shondhya
সপ্তাহ	shoptaho	soptaho	saptah
মাস	mash	mas	maash
বছর	bochor	bosor	bachhor
আজ	aj	aaj	az
কাল	kal	kaal
এখন	ekhon	ekhan	akhon
ঘড়ি	ghori	ghari	ghorhi
তারিখ	tarikh	tarik	taarikh
ভ্রমণ	bhromon	vromon	bhraman
গাড়ি	gari	gaari	garhi
বাস	bas	bus	baas
ট্রেন	tren	train
রিকশা	riksha	rickshaw	riksa
বিমান	biman	bimaan	viman
নৌকা	nouka	nowka	noukaa
রাস্তা	rasta	rastaa	raasta
পথ	poth	path
টিকিট	tikit	ticket	tiket
ভাড়া	bhara	vara	bharha
স্টেশন	station	steshon	steson
সাইকেল	saikel	cycle	saykel
যাত্রা	jatra	zatra	jattra
শরীর	shorir	sorir	shoreer
মাথা	matha	mathha	maatha
চোখ	chokh	sokh	chok
কান	kan	kaan
নাক	nak	naak
মুখ	mukh	mookh	muk
হাত	hat	haat
পা	pa	paa
চুল	chul	sul	chool
দাঁত	dat	daat	dnat
জিভ	jibh	jiv	jibbh
গলা	gola	gala	golaa
পেট	pet	peat	pat
বুক	buk	book
আঙুল	angul	aangul	anggul
হৃদয়	ridoy	hridoy	hriday
রক্ত	rokto	rokta	rakto
চামড়া	chamra	samra	chamrha
জামা	jama	zama	jaama
কাপড়	kapor	kapod	kaporh
শাড়ি	shari	sari	sharhi
পাঞ্জাবি	panjabi	panjabee	panzabi
লুঙ্গি	lungi	lunggi	loongi
প্যান্ট	pant	pyant	pyaant
জুতা	juta	joota	juto
মোজা	moja	moza	mojaa
টুপি	tupi	toopi
ওড়না	orna	odna	orhna
গামছা	gamcha	gamsa	gamchha
চশমা	choshma	cosma	chosma
আবহাওয়া	abhawa	abohaoa	abohaowa
বৃষ্টি	brishti	bristi	brishti
রোদ	rod	rode	rood
মেঘ	megh	meg
বাতাস	batash	batas	bataash
ঝড়	jhor	jhod	jhorh
শীত	shit	sit	sheet
গরম	gorom	garom	garam
ঠান্ডা	thanda	thandaa	thnda
বন্যা	bonna	banna	bonya
কুয়াশা	kuyasha	kuasha	kuyasa
আকাশ	akash	akas	aakash
করা	kora	kara	koraa
খাওয়া	khaoya	khawa	khaowa
যাওয়া	jaoya	jawa	zaowa
আসা	asha	asa	aasa
দেখা	dekha	daekha	dekhaa
বলা	bola	bala	bolaa
শোনা	shona	sona	shonaa
নেওয়া	neoya	newa	neowa
দেওয়া	deoya	dewa	deowa
ধরা	dhora	dhara	dhoraa
বসা	bosha	bosa	boshaa
ওঠা	otha	utha	othaa
ঘুমানো	ghumano	ghumanno	ghumaano
হাঁটা	hata	hnata	hanta
দৌড়ানো	dourano	dourhano	dowrano
লেখা	lekha	laekha	lekhaa
পড়া	pora	porha	poraa
শেখা	shekha	sekha	shekhaa
জানা	jana	zana	jaana
বোঝা	bojha	boojha	bujha
ভাবা	bhaba	vaba	bhabaa
চাওয়া	chaoya	chawa	chaowa
পাওয়া	paoya	pawa	paowa
রাখা	rakha	raakha	rakhaa
আনা	ana	aana	anaa
কাটা	kata	kaata	kataa
ধোয়া	dhoya	dhowa	dhooya
খেলা	khela	khelaa	khaela
হাসা	hasha	hasa	haasa
কাঁদা	kada	knada	kanda
ভাঙা	bhanga	vanga	bhangaa
খোলা	khola	kholaa	khula
হওয়া	howa	hoa	hoowa
থাকা	thaka	thakaa	thaaka
পারা	para	paara	paraa
দায়িত্ব	dayitto	daitto	dayittwo	daitwo
ব্যবস্থা	bebostha	byabostha	bebostha	byebostha
ব্যক্তিত্ব	byktitto	bektitto	byaktittwo	bektittwo
ঐতিহ্য	oitijjho	oitihho	oitijhya	oittijjho
বৈশিষ্ট্য	boishishtto	boishishto	boishishtya	boishistto
দৃষ্টিভঙ্গি	drishtivongi	dristivongi	drishtibhongi	drishtivongee
প্রতিষ্ঠান	protisthan	protishthan	protisthan	protishtan
কর্তৃপক্ষ	kortripokkho	kortripokkho	kortrupokkho	kortipokkho
পরিপ্রেক্ষিত	poriprekkhit	poriprekkhito	priprekkhit	poriprekhit
অধিকার	odhikar	adhikar	odhikaar	odikar
স্বাধীনতা	shadhinota	swadhinota	sadhinota	shadhinta
পরাধীনতা	poradhinota	poradhinta	pradhinota	poroadhinota
গণতন্ত্র	gonotontro	gonotontro	gonatantra	gonotontr
সমাজ	shomaj	somaj	shomaz	somaz
সংস্কৃতি	songskriti	sonskriti	shongskriti	songskkriti
সভ্যতা	shovvota	sobbhota	shobbhota	sovvota
ঐতিহাসিক	oitihashik	oitihasik	oittihashik	oitihasic
ইতিহাস	itihash	itihas	ittihash	etihash
ভবিষ্যৎ	bhobishyot	bhobishyot	vobishshot	bhobissot
বর্তমান	bortoman	bartaman	bortomaan	bortman
অতীত	otit	atit	oteet	otito
পরিস্থিতি	poristhiti	poristhithi	pristhiti	porishthiti
অবস্থা	obostha	abostha	obostha	obosta
সিদ্ধান্ত	shiddhanto	siddhanto	shiddhanta	siddhanto
সমস্যা	shomossha	somossha	shomosha	somossha
সমাধান	shomadhan	somadhan	shomadhaan	somadan
পরিকল্পনা	porikolpona	porikolpona	prikolpona	porikalpana
উদ্দেশ্য	uddeshsho	uddeshyo	uddesho
লক্ষ্য	lokkho	lokkhyo	lokhho	lokkho
কারণ	karon	karon	kaaron	karan
ফলাফল	folafol	phalaphal	folafol	folafal
প্রভাব	probhab	prova	probhav	probhab
প্রক্রিয়া	prokriya	prokriya	prokreeya	procriya
পদ্ধতি	poddhoti	poddhoti	poddhati	podhoti
নীতি	niti	neeti	nitti	niiti
আদর্শ	adorsho	adarsho	aadorsho	adorso
মূল্যবোধ	mullobodh	mulyobodh	mullobodh	mullyobodh
নৈতিকতা	noitikota	noitikta	noitikota	noiticota
বিবেক	bibek	bibek	bebek	bibbek
জ্ঞান	gyan	gyaan	ggan	gyan
বিদ্যা	biddya	biddya	bidya	viddya
শিক্ষা	shikkha	sikkha	shikha	shikkkha
গবেষণা	gobeshona	gobeshona	gabeshana	gobesona
গবেষক	gobeshok	gobeshok	gabeshak	gobesok
তত্ত্ব	totto	tottwo	tatva	totto
তথ্য	tottho	tothyo	totho	tathya
উপাত্ত	upatto	upatto	upatta	uppatto
বিশ্লেষণ	bishleshon	bishleshon	bisleshon	bishleshon
পর্যবেক্ষণ	porjobekkhon	poryobekkhon	porjobekhon	porjobekkhon
পরীক্ষা	porikkha	porikha	poriksha	porikkkha
পরীক্ষণ	porikkhon	porikhon	porikshon	porikkhon
প্রমাণ	proman	promaan	proman	pramaan
যুক্তি	jukti	yukti	juktti	zukti
তর্ক	torko	tarka	torka	torok
মতামত	motamot	motamot	matamat	motamat
ধারণা	dharona	dharona	dharana	darona
চিন্তা	chinta	chinta	cinta	chintaa
চেতনা	chetona	chetona	cetona	chetna
অনুভূতি	onuvuti	onubhuti	anubhuti	onuvuti
অভিজ্ঞতা	oviggota	obhiggota	oviggota	abhiggata
দক্ষতা	dokkhota	dokkhota	dakhata	dokhota
যোগ্যতা	joggota	joggota	yogyota	zoggota
ক্ষমতা	khomota	khyomota	khamata	khomta
শক্তি	shokti	sokti	shakti	shoktti
সামর্থ্য	samorthyo	shamorthyo	samortho	shamortho
প্রয়োজন	proyojon	prayojon	proyojon	proyozon
চাহিদা	chahida	chahida	cahida	chaida
সুযোগ	shujog	sujog	shuzog	sujoge
সম্ভাবনা	shombhabona	sombhabona	shombhabna	sombhavona
সম্ভাব্যতা	shombhabbota	sombhabbota	shombhabbyota	sombhavbota
ঝুঁকি	jhuki	jhunki	zhuki	jhuunki
চ্যালেঞ্জ	chyalenj	challenge	chyaleynj	chalenj
প্রতিবন্ধকতা	protibondhokota	protibondhokota	protibondhakata	protibandhokota
বাধা	badha	badha	bada	baadha
সংকট	songkot	sonkot	shongkot	songkoto
বিপর্যয়	biporjoy	biporyoy	biporjay	viporjoy
দুর্নীতি	durniti	durniti	durneeti	durnitti
স্বচ্ছতা	shocchota	socchota	shwacchota	socchota
জবাবদিহি	jobabdihi	jobabdihi	zobabdihi	jababdihi
ন্যায়বিচার	nyaybichar	naybichar	nyaybichar	nayaybichar
বিচার	bichar	bichar	bicar	vichar
আইন	ain	ain	aain	aayin
সংবিধান	songbidhan	sonbidhan	shongbidhan	songbidhaan
শাসন	shashon	sason	shason	sasan
প্রশাসন	proshashon	prosason	proshason	prasasan
রাজনীতি	rajniti	rajniti	razniti	rajneeti
অর্থনীতি	orthoniti	arthoniti	orthoneeti	orthniti
সমাজনীতি	shomajniti	somajniti	shomajneeti	somajniti
কূটনীতি	kutniti	kutniti	kootniti	kutneeti
উন্নয়ন	unnoyon	unnayan	unnoyon	unnayon
অগ্রগতি	ogrogoti	agrogoti	ogrogati	ogrogoti
প্রগতি	progoti	progoti	progati	pragati
পরিবর্তন	poriborton	poribarton	poriborton	poribortan
রূপান্তর	rupantor	rupantor	roopantor	rupantar
বিপ্লব	biplob	biplab	biplob	viplob
আন্দোলন	andolon	andolon	aandolon	andolan
সংগ্রাম	songram	sonogram	shongram	songgram
প্রতিরোধ	protirodh	protirodh	protirod	pratirodh
সহযোগিতা	shohojogita	sohojogita	shohozogita	sohojogeeta
অংশগ্রহণ	ongshogrohon	onshogrohon	ongshogrohon	ongsogrohon
সম্পর্ক	somporko	somporko	sompark	sompork
যোগাযোগ	jogajog	jogajog	zogazog	jogayog
সংযোগ	songjog	sonjog	shongjog	songzog
ঐক্য	oikko	oikya	oikko	oyikko
সংহতি	songhoti	songhoti	shonghoti	songhati
বিভাজন	bibhajon	bivajon	bibhajon	bibhazon
বৈষম্য	boishommo	boishommo	boishomya	boissommo
সমতা	shomota	somota	shomta	somota
স্বাধিকার	shadhikar	swadhikar	sadhikar	shadhikaar
মর্যাদা	morjada	moryada	morjada	morzada
সম্মান	shomman	somman	shomman	soman
গৌরব	gourob	gourab	gourob	gaurab
অহংকার	ohongkar	ahongkar	ohonkar	ohongkaar
বিশ্বাস	bishwash	biswash	bishash	bishwas
আস্থা	astha	aastha	asta	astha
আশা	asha	asa	aasha	asha
হতাশা	hotasha	hotasa	hataasha	hotasha
সাহস	shahosh	sahos	shahos	sahosh
ধৈর্য	dhoirjo	dhoirjo	dhoirya	doirjo
সহনশীলতা	shohonshilota	sohonshilota	shohonsilota	sohonshilta
শৃঙ্খলা	srinkhola	shringkhola	srinkhola	shrinkhola
নিয়ম	niyom	niyom	niom	nium
শর্ত	shorto	sorto	shart	shorto
বিধি	bidhi	bidhi	bidi	viddhi
কাঠামো	kathamo	kathamo	katamo	kaathamo
পরিসর	porishor	porisor	prishor	porishar
মাত্রা	matra	matra	maatra	mattra
পরিমাণ	poriman	porimaan	priman	porimaan
গুণমান	gunoman	gunman	gunoman	gunomaan
মূল্যায়ন	mullayon	mulyayon	mullayon	mulyaon
বৈচিত্র্য	boichitro	boichittro	boichitrya	boicitro
বিশেষত্ব	bisheshotto	bisheshotto	biseshottwo	bishesotto
সাধারণত্ব	sadharonto	shadharonto	sadharontwo	shadharontto
বাস্তবতা	bastobota	bastobota	bastavata	bastobta
সত্য	shotto	sotto	shotyo	sotto
মিথ্যা	mittha	mithya	mittha	mithya
ভুল	vul	bhul	vul	bhool
সঠিকতা	shothikota	sothikota	shothikta	sothikota
নির্ভুলতা	nirbhulota	nirvulota	nirbhulta	nirbhoolota
গুরুত্ব	gurutto	gurutto	guruttwo	gurutwo
প্রাসঙ্গিকতা	prasongikota	prashongikota	prasongikta	prasonggikota
প্রয়োজনীয়তা	proyojoniyota	prayojoniyota	proyojoniota	proyozoniyota
উপযোগিতা	upojogita	upojogita	upazogita	upojogeeta
কার্যকারিতা	karjokarita	kajokarita	karyokarita	karjokareeta
সৃজনশীলতা	srijonshilota	srijonshilota	srijansilota	srijonsheelota
উদ্ভাবন	udvabon	udbhabon	udvabon	udbhavon
আবিষ্কার	abishkar	abiskar	aabishkar	abishkaar
গবেষণাগার	gobeshonagar	gobeshonagar	gabeshanagar	gobesonagar
প্রযুক্তি	projukti	projukti	prozukti	projuktti
বিজ্ঞান	biggan	biggyan	biggan	vigyan
দর্শন	dorshon	darshon	dorson	dorshan
সাহিত্য	shahitto	sahitto	shahittyo	sahityo
শিল্প	shilpo	silpo	shilpa	silpa
স্থাপত্য	sthapotto	sthapotto	sthapottyo	stapotto
ঐতিহ্যবাহী	oitijjhobahi	oitihhobahi	oitijhyobahi	oitijjobahi
পরম্পরা	porompora	parampara	porompora	porompra
রীতি	riti	reeti	ritti	riiti
প্রথা	protha	protha	prota	prothaa
আচার	achar	achar	acar	aachar
অনুষ্ঠান	onushthan	onushthan	onusthan	anushthan
উৎসব	utshob	utsob	utshab	utsob
পরিচয়	porichoy	porichoy	pricoy	porichay
মাতৃভাষা	matrivasha	matribhasha	matrivasa	matrivhasha
জাতীয়তা	jatiyota	jatiota	zatiyota	jatiyta
দেশপ্রেম	deshoprem	desprem	deshoprem	desoprem
মানবতা	manobota	manobota	manavata	manobta
মানবাধিকার	manobadhikar	manabadhikar	manobadhikaar	manabadikar
দয়া	doya	daya	doya	dya
সহানুভূতি	shahanuvuti	sahanubhuti	shahanuvuti	sahanubhuuti
উদারতা	udarota	udarota	udaarota	udarta
বিনয়	binoy	binoy	binay	vinoy
সততা	shotota	sotota	shotta	sotota
বিশ্বস্ততা	bishwostota	biswostota	bishostota	bishwostta
দুর্বলতা	durbolota	durbolota	durbalata	durbolta
শক্তিশালী	shoktishali	soktishali	shaktishali	soktisali
প্রতিযোগিতা	protijogita	protizogita	protijogita	pratiyogita
স্বার্থ	shartho	swartho	sartho	shwartho
ত্যাগ	tag	tyag	teyag	tayag
দায়	day	daay	dai	daya
কর্তব্য	kortobbo	kortobbo	kortabya	kortobyo
অধিকারী	odhikari	adhikari	odhikaari	odikari
স্বীকৃতি	shikriti	swikriti	sikriti	shikritti
প্রতিফলন	protifolon	protiphalon	protifolon	pratifalon
সংজ্ঞা	shongga	songga	shonggya	songya
ব্যাখ্যা	bakkha	byakkha	byakhya	bakhya
উদাহরণ	udahoron	udaharon	udahoron	udaharan
প্রেক্ষাপট	prekkhapot	prekhapot	prekshapot	prekkhapot
দৃষ্টান্ত	drishtanto	dristanto	drishtanta	drishtanto
বিদ্বান	biddan	bidwan	bidban
দ্বন্দ্ব	dondo	dwondo	dwandwa	dondwo
দ্বার	dar	dwar	dbar
দ্বিতীয়	ditiyo	dwitiyo	ditio	dwitio
দ্বীপ	dip	dwip	dbip
দ্বেষ	desh	dwesh	dbesh
বিশ্ব	bishsho	biswo	bishwo	bissho
অশ্ব	oshsho	ashwo	oshwo
স্বাধীন	shadhin	swadhin	sadhin
স্বর	shor	swar	sor
স্বপ্ন	shopno	swopno	sopno	shwapno
স্বাস্থ্য	shasthyo	swastho	sasthyo	shastho
স্বাদ	shad	swad	sad
স্বভাব	shobhab	swabhab	sobhab
স্বজন	shojon	swajon	sojon
স্বদেশ	shodesh	swadesh	sodesh
স্বীকার	shikar	swikar	sikar
স্বতন্ত্র	shotontro	swatantra	sotontro
স্বেচ্ছা	shecchha	swechcha	secchha	swechchha
স্বর্গ	shorgo	swarga	sorgo
স্বর্ণ	shorno	swarna	sorno
দুষ্ট	dushto	dusto
কষ্ট	koshto	kosto	kashto
স্পষ্ট	spashto	sposto	sposhto	spashta
শ্রেষ্ঠ	sreshtho	shreshtho	srestho	shrestho
নষ্ট	noshto	nosto	nashto
তুষ্ট	tushto	tusto	tushta
পুষ্ট	pushto	pusto	pushta
ইষ্ট	ishto	isto	ishta
সৃষ্টি	sristi	srishti	sristhi
দৃষ্টি	dristi	drishti	dristhi
বৃষ্টিপাত	bristipat	brishtipat
কনিষ্ঠ	konishtho	konistho
গরিষ্ঠ	gorishtho	goristho
অধিষ্ঠান	odhishthan	odhisthan
প্রতিষ্ঠা	protishtha	protistha
গোষ্ঠী	goshthi	gosthi
ষষ্ঠ	shosthho	shashtha	sosthho
নিষ্ঠা	nishtha	nistha
পৃষ্ঠা	prishtha	pristha
ঠোঁট	thont
জ্ঞানী	gyani	gani	gyaani
বিজ্ঞানী	biggyani	biggani	bigyani
অজ্ঞান	oggyan	oggan	ogyan
বিজ্ঞ	biggo	biggyo	bigyo
বিজ্ঞপ্তি	biggopti	biggyopti	bigyopti
যজ্ঞ	joggo	joggyo	jogyo
অজ্ঞাত	oggato	oggyato	ogyato
বিজ্ঞাপন	biggapon	biggyapon	bigyapon
ক্ষমা	khoma	kkhoma	ksoma	khyoma
ক্ষতি	khoti	kkhoti	ksoti
ক্ষুধা	khudha	kkhudha	ksudha
ক্ষুদ্র	khudro	kkhudro	ksudro
ক্ষেত	khet	kkhet	kset
ক্ষণ	khon	kkhon	kson
ক্ষীর	khir	kkhir	ksir
ক্ষয়	khoy	kkhoy	ksoy
ক্ষার	khar	kkhar	ksar
ক্ষুর	khur	kkhur	ksur
রক্ষা	rokkha	roksha	rokha
শিক্ষক	shikkhok	shikshok	sikkhok
শিক্ষার্থী	shikkharthi	shiksharthi	sikkharthi
দক্ষ	dokkho	doksho	dokho
দক্ষিণ	dokkhin	dokshin	dokhin
লক্ষ	lokkho	loksho	lokho
পক্ষ	pokkho	poksho	pokho
অক্ষর	okkhor	okshor	akhor
বক্ষ	bokkho	boksho	bokho
যক্ষ্মা	jokkhma	jokshma
সাক্ষর	sakkhor	sakshor	sakhor
সাক্ষী	sakkhi	sakshi	sakhi
সাক্ষাৎ	sakkhat	sakshat	sakhat
ভিক্ষা	bhikkha	bhiksha	bhikha
ক্ষুব্ধ	khubdho	kkhubdho	ksubdho
অক্ষম	okkhom	okshom	okhom
তীক্ষ্ণ	tikkho	tikshno	tikkhno	tikhno
ব্রহ্ম	brommo	brahmo	brommho
ব্রাহ্মণ	brahmon	brammon	brahman
চিহ্ন	chinho	chihno	cinho
অপরাহ্ণ	oporanho	aparahno	oporahno
গুহ্য	guhyo	guhho	guhya
বাহ্য	bahyo	bahho	bahya
সহ্য	shojjho	sohyo	shohyo	sohjho
দাহ্য	dahyo	dahho	dahya
জিহ্বা	jihba	jibha	jihwa	jibbha
আহ্বান	ahoban	ahban	ahbban	ahwan
আহ্লাদ	ahlad	ahllad
পঞ্চ	poncho	pancha	poncha
পঞ্চম	ponchom	pancham	panchom
চঞ্চল	chonchol	chanchal	concol
বাঞ্ছা	bancha	banchha	banccha
সঞ্চয়	shonchoy	sanchay	sonchoy
অঞ্চল	onchol	anchal	oncol
মঞ্চ	moncho	mancha	moncha
বঞ্চনা	bonchona	banchana	boncona
সঞ্চার	shonchar	sanchar	sonchar
লাঞ্ছনা	lanchona	lanchhona	lancona
কাঞ্চন	kanchon	kanchan	kancon
বিপঞ্চ	biponcho	bipancha
সঞ্চিত	shonchito	sanchita	sonchito
উত্তর	uttor	uttar	utter
উত্তম	uttom	uttam	utom
সত্তা	shotta	satta	sotta
মহত্ত্ব	mohotto	mahattva	mohottwo	mohotbtw
সত্তর	shottor	sattar	sottor
উত্তীর্ণ	uttirno	uttirna	utirno
পুত্তলিকা	puttolika	puttalika
বৃত্তান্ত	brittanto	brittanta	brittanto
বিত্ত	bitto	bitta	bittwo
চিত্ত	chitto	chitta	citto
নিত্ত	nitto	nitta
সত্ত্ব	shotto	sattva	sotto	shottwo
যুদ্ধ	juddho	juddo	judhho	zuddho
বুদ্ধি	buddhi	buddi	budhdhi	budhi
শুদ্ধ	shuddho	suddho	shuddo	suddo
বৃদ্ধ	briddho	briddo	bridhho
সিদ্ধ	shiddho	siddho	shiddo	siddo
বদ্ধ	boddho	baddha	boddo
অবরুদ্ধ	oboruddho	abaruddha	oborudho
ক্রুদ্ধ	kruddho	kruddo	kruddho
প্রসিদ্ধ	prosiddho	prasiddha	prosiddo
বিরুদ্ধ	biruddho	biruddo	biruddha
যুদ্ধবিরতি	juddhobiroti	juddobiroti
বুদ্ধিমান	buddhiman	buddiman	budhdhiman
শুদ্ধি	shuddhi	suddhi	shuddi
অন্ন	onno	anna	onno
চিহ্নিত	chinhito	chihnito
বিদ্যুৎ	biddyut	bidyut	biddut	bidut
বিদ্যালয়	bidyaloy	biddaloy	bidyalay
উদ্যান	udyan	uddan	udyana
উদ্যোগ	uddyog	udyog	udyoug
পদ্য	poddo	padya	poddyo
গদ্য	goddo	gadya	goddyo
মাধ্যম	maddhom	madhyam	madhyom
অধ্যয়ন	oddhoyon	adhyayan	odhyoyon
অধ্যাপক	oddhapok	adhyapak	odhyapok
অধ্যায়	oddhay	adhyay	odhyay
মধ্য	moddho	madhya	moddhyo
মধ্যম	moddhom	madhyam	moddhyom
সাধ্য	shaddho	sadhya	saddho
বাধ্য	baddho	badhya	baddhyo
যোদ্ধা	joddha	joddha	zoddha
উদ্ধার	uddhar	uddar	udhar
উদ্ভব	udbhob	udvab	udbhab
উদ্ভিদ	udbhid	udvid	udbhida
উদ্বেগ	udbeg	udveg	udbega
উদ্বোধন	udbodhon	udvodhon	udbodhan
অদ্ভুত	odbhut	adbhut	odvut	odhbhut
বন্ধু	bondhu	bandhu	bondu
গন্ধ	gondho	gandha	gondo
অন্ধকার	ondhokar	andhakar	ondokar
সিন্ধু	shindhu	sindhu	sindu
বন্ধন	bondhon	bandhan	bondon
সম্পূর্ণ	shompurno	sompurna	shompurna
সম্ভব	shombhob	sombhab	shombhab
সম্মেলন	shommelon	sommelon
গ্রন্থ	grontho	grantha	grontho
কণ্ঠ	kontho	kantha
পণ্ডিত	pondit	pandit
লণ্ঠন	lonthon	lanthan
শুণ্ড	shund	sunda
খণ্ড	khondo	khanda
মণ্ডল	mondol	mandal
দণ্ড	dondo	danda
পাণ্ডুলিপি	pandulipi
বিদ্রোহ	bidroho	bidruho	bidraha
হৃদ্রোগ	hridrog	hriddrog	hridrogo
উচ্চ	uccho	ucca	uchcho
উচ্চারণ	uccharon	ucharon	uchcharon
স্বচ্ছ	shocchho	swaccha	socchho	shwacchho
ইচ্ছা	iccha	ichha	iccha	ichcha
পশ্চিম	poschim	pashchim	poshchim
নিশ্চয়	nishchoy	nischay	nishchoy
নিশ্চিত	nishchito	nischita	nishchit
পশ্চাৎ	poschat	pashchat	poshchat
হুজ্জত	hujjot	hujjat	hujjoto
লজ্জা	lojja	lajja	lojja
সজ্জা	shojja	sajja	sojja
বিদ্যুৎস্পৃষ্ট	biddyutsprishto	bidyutsprishta
উজ্জ্বল	ujjol	ujjval	ujjwol	ujjwal
সজ্জন	shojjon	sajjan	sojjon
মজ্জা	mojja	majja	mojja
পাত্র	patro	patra	paatro
মিত্র	mitro	mitra	meetro
ছাত্র	chatro	chatra	satro
শত্রু	shotru	satru	shotru
বস্ত্র	bostro	bastra	bostro
মন্ত্র	montro	mantra	montro
যন্ত্র	jontro	jantra	zontro
তন্ত্র	tontro	tantra	tontro
স্বাতন্ত্র্য	shatontro	swatantrya	sotontro
রাষ্ট্র	rashtro	rastra
চন্দ্র	chondro	chandra	condro
ইন্দ্র	indro	indra	indro
সমুদ্র	shomudro	samudra	somudro
ক্ষুণ্ণ	khunno	kkhunno	ksunno
বিশেষজ্ঞ	bisheshoggo	bisheshoggyo	bisheshogyo
সর্বজ্ঞ	shorboggo	sarbaggya	sorboggyo
অভিজ্ঞ	obhiggo	abhijna	obhiggyo	obhigyo
ঋদ্ধ	riddho	riddo	ridhho
বিদ্বেষ	biddesh	bidwesh	bidbesh
বৈদ্য	boiddo	boidya	baidya
পুণ্য	punno	punya	punyo
গণ্য	gonno	ganya	gonyo
অরণ্য	oronno	aranya	oronyo
বন্য	bonno	banya	bonyo
শূন্য	shunno	sunya	shunyo	sunno
ধন্য	dhonno	dhanya	dhonyo
সৌন্দর্য	shoundorjo	soundarya	shoundorzo
ঐশ্বর্য	oishorjo	aishwarya	oishshorjo
কার্য	karjo	karya	karzo
আশ্চর্য	ashchorjo	ascharya	aschorzo	asshorjo
রহস্য	rohossho	rahasya	rohosyo
সহায্য	shahajjo	sahayya	shahajjyo
মনুষ্য	monushsho	manushya	monushyo
ঔষধ	oushodh	aushadh	oushudh
বিষ্ণু	bishnu	bisnu
কৃষ্ণ	krishno	krishna	krisno
তৃষ্ণা	trishna	trisna
উষ্ণ	ushno	usno
জ্যেষ্ঠ	jyeshtho	jyeshthho	jestho
অষ্টম	oshtom	ashtama	ostom
পুষ্প	pushpo	puspa	pushpo
শ্লেষ	slesh	shlesh	slesho
প্রশ্ন	proshno	prasna	proshno
জঘন্য	joghonno	jaghanya	joghonyo
সান্ত্বনা	shantwona	santvana	shantona
বাত্সল্য	batsollo	batsalya	batsollo
মাহাত্ম্য	mahatmo	mahatmya	mahattmo
দৌরাত্ম্য	douratmo	dauratmya	douratmmo
ভালো	bhalo	valo	bhalO
খারাপ	kharap	kharaap
বড়	boro	bodo
ছোট	choto	chhoto	soto
নতুন	notun	natun
পুরনো	purono	purano	puronO
পুরাতন	puraton
লম্বা	lomba	lamba	lombaa
বেঁটে	bete	benTe	beMTe
উঁচু	uchu	unchu	uMchu
নিচু	nichu	nisu
মোটা	mota	moTa	motaa
পাতলা	patla	patola	paatla
চিকন	chikon	sikon
ভারী	bhari	vari	bhaari
হালকা	halka	halko	haalka
শীতল	shital	sheetol	sital
গভীর	gobhir	govir	gabhir
প্রশস্ত	proshosto	prashasta	prososto
সরু	soru	saru
চওড়া	chowra	choOra	sowra
সুন্দর	shundor	sundor	sundar
কুৎসিত	kutshit	kutsit
বিশ্রী	bishri	bisri	bishree
পরিষ্কার	porishkar	poriskar	parishkar
নোংরা	nongra	nOngra	nongraa
ময়লা	moyla	mayla
শুকনো	shukno	sukno	shuknO
ভেজা	bheja	veja	bhejaa
শক্ত	shokto	sokto	shakto
নরম	norom	narom
মসৃণ	mosrin	masrin	mosrino
ধারালো	dharalo	dharaalo	dharalO
ভোঁতা	bhonta	vonta	bhoMta
টক	tok	Tok
তেতো	teto	tato	tetO
ঝাল	jhal	jhaal
নোনতা	nonta	nonota	nOnta
সুস্বাদু	shushadu	susadu	susshadu
তাজা	taja	taaja	tajaa
বাসি	bashi	basi	baasi
পাকা	paka	paaka	pakaa
কাঁচা	kacha	kaMcha	kancha
সস্তা	shosta	sosta
দামি	dami	daami	damee
ধনী	dhoni	dhani
গরিব	gorib	garib
দরিদ্র	doridro	daridra
খালি	khali	khaali
পূর্ণ	purno	purna	poorno
ভরা	bhora	vora	bhoraa
সহজ	shohoj	sohoj	sahaj
কঠিন	kothin	kaThin
সঠিক	shothik	sothik
দ্রুত	druto	druta
ধীর	dhir	dheer
সবুজ	shobuj	sobuj
লাল	lal	laal
নীল	nil	neel
কালো	kalo	kaalo	kalO
সাদা	shada	sada	sadaa
খয়েরি	khoyeri	khOyeri	khoyeree
গোলাপি	golapi	golaapi	golapee
চালাক	chalak	salak	chaalak
বোকা	boka	bOka	bokaa
মূর্খ	murkho	murkha	moorkho
সাহসী	shahoshi	sahosi	sahosee
ভীতু	bhitu	vitu	bheetu
শান্ত	shanto	santo	shanta
রাগী	ragi	raagi	raggi
খুশি	khushi	khusi	khushee
দুঃখী	dukkhi	dukhi	duhkhi
আনন্দিত	anondito	anandita
ব্যস্ত	bosto	byasto
অলস	olosh	olos	alas
পরিশ্রমী	porishromi	parishrami	porishromee
ক্লান্ত	klanto	klanta
সতেজ	shotej	sotej
সুস্থ	shustho	sustho	susstho
অসুস্থ	oshustho	asustho
দুর্বল	durbol	durbal
সবল	shobol	sobol
মজবুত	mojbut	majbut
সরল	shorol	sorol	saral
জটিল	jotil	jaTil
অস্পষ্ট	oshposto	asposto
গোপন	gopon	gapan	gOpon
বিখ্যাত	bikkhato	bikhyato	bikkhyato
অজানা	ojana	ajana
পরিচিত	porichito	parichita	porisito
অপরিচিত	oporichito	aparichita
দূর	dur	door
নিকট	nikot	nikaT
আধুনিক	adhunik	aadhunik
প্রাচীন	prachin	praachin	pracheen
তরুণ	torun	tarun
জীবন্ত	jibonto	jibanta	jeebonto
মৃত	mrito	mrita
জীবিত	jibito	jibita	jeebito
মুক্ত	mukto	mukta
দরকারি	dorkari	darkari
প্রয়োজনীয়	proyojoniyo	prayojaniya	proyojonio
গুরুত্বপূর্ণ	gurutwopurno	gurutbopurno	guruttopurno
সাধারণ	shadharon	sadharon	sadharan
অসাধারণ	oshadharon	asadharan
বিশেষ	bishesh	bises	bishes
পবিত্র	pobitro	pabitra
মহান	mohan	mahan
বিশাল	bishal	bisaal	bishaal
প্রকাণ্ড	prokando	prakanda	prokanDo
সূক্ষ্ম	shukkho	suksmo	sukkhmo
গোল	gol	gOl
চ্যাপ্টা	chapta	chyapta
ভীষণ	bhishon	vishon	bheeshon
ভয়ঙ্কর	bhoyongkor	voyongkor	bhoyankor
চমৎকার	chomotkar	chamatkar
মজার	mojar	majar
বিরক্তিকর	biroktikor	biraktikar
আরামদায়ক	aramdayok	aaramdayok
নিরাপদ	nirapod	nirapad
বিপজ্জনক	bipojjonok	bipajjanak
কোমল	komol	komal	kOmol
কড়া	kora	kaRa
উদার	udar	udaar
কৃপণ	kripon	kripan
দয়ালু	doyalu	dayalu
নিষ্ঠুর	nishthur	nisthur	nishThur
ভদ্র	bhodro	vodro	bhadra
নম্র	nomro	namra
অহংকারী	ohongkari	ahankari
সৎ	shot	sot
অসৎ	oshot	asot
বিশ্বস্ত	bishoshto	biswasto	bishshosto
দুষ্টু	dushtu	dustu	dushTu
রঙিন	rongin	rangin
ফাঁকা	phaka	faka	phaMka
ঘন	ghon	ghono
তরল	torol	taral
কঠোর	kothor	kaThor
মধুর	modhur	madhur
তিক্ত	tikto	tikta
অধম	odhom	adham
সজীব	shojib	sojib
নিস্তেজ	nistej	nishtej
ফরসা	phorsha	forsa	phorsa
শ্যামলা	shamla	syamla
মলিন	molin	malin
ঝকঝকে	jhokjhoke
ভিন্ন	bhinno	vinno	bhinna
একই	eki
সমান	shoman	soman	samaan
পুরো	puro	purO	puroo
অর্ধেক	ordhek	ardhek
আসল	ashol	asol	aasol
নকল	nokol	nakol
খাঁটি	khati	khaMti	khanti
ভেজাল	bhejal	vejal	bhejaal
জরুরি	joruri	jaruri
আজব	ajob	aajob
তাড়াতাড়ি	taratari	taratari	taaratari
আস্তে	aste	aaste
ধীরে	dhire	dheere
জোরে	jore	jOre
আবার	abar	aabar	abaar
তখন	tokhon	takhon
সবসময়	shobshomoy	sobsomoy
মাঝেমাঝে	majhemajhe	majhe majhe	majhemajhe
প্রায়	prai	pray	praay
একদম	ekdom
খুব	khub	khoob	khub
বেশ	besh	bes	besh
অনেক	onek	anek
কম	kom
বেশি	beshi	besi	beshee
একটু	ektu	ekTu
হঠাৎ	hothat	hathat
হয়তো	hoyto	hoyeto
অবশ্যই	oboshshoi	obosshoi	abashyai
চুপচাপ	chupchap	supchap	chupchaap
ঠিক	thik	Thik
সত্যি	sotti	shotti	satti
সরকার	sorkar	sarkar	shorkar
নাগরিক	nagorik	nagrik	nagoric
নাগরিকত্ব	nagoriktto	nagoriktwo	nagorikotto
আদালত	adalot	adalat	aadalot
বিচারক	bicharok	bicharak	bicharoc
অপরাধ	oporadh	aparadh	apradh
শাস্তি	shasti	shashti	sasti
পুলিশ	pulish	police	polish
মামলা	mamla	mamlaa	maamla
নির্বাচন	nirbachon	nirbachan	nirbacon
ভোট	vot	bhot	vote
প্রার্থী	prarthi	prarthee	prarthii
দল	dol	dal	dool
সংসদ	shongshod	songsod	sangsad
মন্ত্রী	montri	mantri	montree
প্রধানমন্ত্রী	prodhanmontri	pradhanmantri	prodhan montri
রাষ্ট্রপতি	rastropoti	rashtropoti	rastrapati
মন্ত্রণালয়	montronaloy	mantronaloy	montronalay
রাজনৈতিক	rajnoitik	rajnoitic	rajnoitk
নেতা	neta	netaa	netha
জনগণ	jonogon	janagan	jongon
জনসংখ্যা	jonoshongkha	jonosonkha	janasankhya
সামাজিক	shamajik	samajik	shamajic
সম্প্রদায়	shomproday	somproday	sampraday
ধর্ম	dhormo	dharma	dhorm
জাতি	jati	jaati	jathi
জাতীয়	jatiyo	jatio	jaatiyo
দেশ	desh	des	desho
উন্নত	unnoto	unnot	unnata
দারিদ্র্য	daridro	daridrya	daridro
বেকারত্ব	bekartto	bekartwo	bekarotto
কর্মসংস্থান	kormoshongsthan	kormosongsthan	karmasansthan
অর্থনৈতিক	orthonoitik	arthonoitik	orthonoitic
বাজেট	bajet	baajet	budget
কর	kor	kar	koro
রাজস্ব	rajossho	rajosso	rajaswa
মুদ্রা	mudra	mudraa	mudro
মূল্যস্ফীতি	mullosfiti	mulyosfiti	mullosphiti
বাণিজ্য	banijjo	banijjho	banijya
রপ্তানি	roptani	raptani	roptaani
আমদানি	amdani	aamdani	amodani
কৃষি	krishi	kirshi	krisi
কৃষক	krishok	krishak	krisok
শ্রম	shrom	srom	shram
মজুরি	mojuri	majuri	mojoori
ছাত্রী	chatri	chhatri	chatrii
স্কুল	skul	school	iskul
কলেজ	kolej	college	collej
বিশ্ববিদ্যালয়	bishshobiddaloy	bissobidyaloy	bishwabidyalay
মাদ্রাসা	madrasa	madrasha	maadrasa
পাঠ	path	paath	patho
পাঠ্যক্রম	pathokrom	pathyokrom	pathacrom
শিক্ষাব্যবস্থা	shikkhabebostha	sikkhabyabostha	shikshabyabostha
বৃত্তি	britti	bririti	brritti
সাক্ষরতা	shakkhorota	sakkhorota	shakshorota
প্রশিক্ষণ	proshikkhon	prosikkhon	proshikshon
ডিগ্রি	digri	degree	digree
চিকিৎসা	chikitsa	chikitsha	cikitsa
চিকিৎসক	chikitsok	chikitshok	cikitsok
ডাক্তার	daktar	doctor	daaktar
হাসপাতাল	haspatal	hashpatal	hospital
রোগ	rog	roog	rogo
রোগী	rogi	rogee	roogi
ওষুধ	oshudh	osudh	oushodh
চিকিৎসাসেবা	chikitsaseba	chikitshaseba	cikitsaseba
টিকা	tika	teeka	tikaa
সংক্রমণ	shongkromon	songkromon	sankraman
মহামারি	mohamari	mahamari	mohamaari
স্বাস্থ্যসেবা	shasthoseba	sasthoseba	swasthyaseba
পুষ্টি	pushti	pusti	pushty
অপারেশন	operation	apareshon	oporeshon
নার্স	nars	nurse	naars
মানসিক	manoshik	manosik	maanoshik
শারীরিক	sharirik	shariric	saririk
জ্বর	jor	jwor	jbor
সংবাদ	shongbad	songbad	sambad
খবর	khobor	khabor	khobr
সাংবাদিক	shangbadik	sangbadik	shangbadic
সংবাদপত্র	shongbadpotro	songbadpotro	sambadpatra
পত্রিকা	potrika	patrika	potrikaa
প্রতিবেদন	protibedon	pratibedan	protibedn
গণমাধ্যম	gonomaddhom	gonomadhyom	ganamadhyam
সম্প্রচার	shomprochar	somprochar	samprachar
সাংবাদিকতা	shangbadikota	sangbadikota	shangbadicota
প্রকাশ	prokash	prakash	prokas
ঘোষণা	ghoshona	ghosona	ghoshonaa
সাক্ষাৎকার	shakkhatkar	sakkhatkar	shakhatkar
সেবা	seba	sheba	sebaa
সহায়তা	shohayota	sohayota	shahayata
সাহায্য	shahajjo	sahajjo	shahayya
কর্মকর্তা	kormokorta	karmakarta	kormokortaa
দপ্তর	doptor	daptar	doptor
আবেদন	abedon	aabedon	abedan
অনুমতি	onumoti	anumati	onumoty
নিবন্ধন	nibondhon	nibandhan	nibondhn
পরিচয়পত্র	porichoypotro	parichaypatra	porichoy potro
পাসপোর্ট	passport	pasport	paasport
ভিসা	visa	bhisa	veesa
কর্মসূচি	kormoshuchi	kormosuchi	karmasuchi
প্রকল্প	prokolpo	prakalpo	prokolp
বরাদ্দ	boraddo	baraddo	boradda
অনুদান	onudan	anudan	onudaan
ভর্তুকি	vortuki	bhortuki	vortuci
বিনিয়োগ	biniyog	biniog	biniyoog
অবকাঠামো	obokathamo	abakathamo	obokathaamo
সড়ক	sorok	sarak	shorok
পরিবহন	poribohon	paribahan	poribhon
পরিবেশ	poribesh	paribesh	poribes
দূষণ	dushon	dusan	dushn
জলবায়ু	jolobayu	jalabayu	jolobayoo
দুর্যোগ	durjog	duryog	durjoog
ভূমিকম্প	bhumikompo	vumikompo	bhumikomp
ত্রাণ	tran	traan	tran
নিরাপত্তা	nirapotta	niraapotta	nirapatta
সন্ত্রাস	sontras	shontras	santras
সেনাবাহিনী	senabahini	shenabahini	senabahinee
সীমান্ত	shimanto	simanto	seemanto
শান্তি	shanti	santi	shaanti
সংঘাত	shonghat	songhat	sanghat
বিক্ষোভ	bikkhov	bikkhob	bikshov
ধর্মঘট	dhormoghot	dharmaghat	dhormoghot
প্রতিবাদ	protibad	pratibad	protibaad
দাবি	dabi	daabi	daby
সমাবেশ	shomabesh	somabesh	samabesh
সংগঠন	shongothon	songothon	sangathan
সংস্থা	shongstha	songstha	sanstha
সমিতি	shomiti	somiti	samiti
পরিষদ	porishod	parishad	porisod
কমিটি	komiti	committee	komitee
ইউনিয়ন	union	iuniyon	unien
পৌরসভা	pouroshova	paurashava	pouroshobha
সিটি	city	siti	sity
গ্রাম	gram	graam	grm
শহর	shohor	sohor	shahar
জেলা	jela	jelaa	jila
উপজেলা	upojela	upajela	upojelaa
বিভাগ	bibhag	bivag	bibhaag
কল্যাণ	kollan	kalyan	kollyan
নারী	nari	naari	nary
শিশু	shishu	sishu	shishoo
যুবক	jubok	yubak	jubak
প্রতিবন্ধী	protibondhi	pratibandhi	protibondhee
অভিবাসী	ovibashi	abhibasi	ovibasi
শরণার্থী	shoronarthi	soronarthi	sharanarthi
বেসরকারি	besorkari	besarkari	beshorkari
সরকারি	sorkari	sarkari	shorkari
নথি	nothi	nathi	nothy
তদন্ত	todonto	tadanta	todonto
অভিযোগ	ovijog	abhijog	ovijoog
রায়	ray	raay	rai
আদেশ	adesh	aadesh	ades
স্মারক	smarok	smaarok	smarak
চুক্তি	chukti	chukty	cukti
সংশোধন	shongshodhon	songsodhon	sanshodhan
আলোচনা	alochona	aalochona	alocona
ভালোবাসা	bhalobasha	valobasha	bhalobasa	valobasa
আনন্দ	anondo	ananda	anondho
সুখ	sukh	shukh	sukho
দুঃখ	dukkho	dukho	dukkha
রাগ	rag	raag
ভয়	bhoy	voy	bhoi
ঘৃণা	ghrina	ghrinna	grina
হিংসা	hingsha	hingsa	hinsha
মায়া	maya	maaya	maya
স্নেহ	sneho	sneha	snehho
আদর	ador	adar	aador
দুশ্চিন্তা	dushchinta	dushcinta	duscinta
গর্ব	gorbo	garba	gorbho
বিরক্তি	birokti	birakti	birrokti
অশান্তি	oshanti	ashanti	asanti
আবেগ	abeg	aabeg	abheg
স্বস্তি	sosti	swasti	sasti
নিরাশা	nirasha	nirasa	niraasha
অবাক	obak	abak	obaak
একা	eka	aeka	ekaa
তৃপ্তি	tripti	triptee	tirpti
হাসি	hashi	hasi	hashee
কান্না	kanna	kaanna	kanaa
চুমু	chumu	cumu	chumoo
আলিঙ্গন	alingon	alingan	aalingon
অনুভব	onubhob	anubhab	onuvob
করুণা	koruna	karuna	korunaa
অসম্মান	oshomman	asamman	osomman
মিলন	milon	milan	milone
বিরহ	biroho	biraha	biroha
অভিমান	obhiman	abhiman	ovviman
ঝগড়া	jhogra	jhagra	jhogora
মারামারি	maramari	maaramaari
উত্তেজনা	uttejona	uttejana	uttejonaa
মুগ্ধ	mugdho	mugdha	mugddho
আফসোস	afsosh	afsos	aphsos
মেজাজ	mejaj	mejaz	mejaaj
ভরসা	bhorsha	vorsa	bhorosa
আগ্রহ	agroho	agraha	agroho
অভ্যাস	obhyash	abhyas	ovvash
প্রিয়	priyo	prio	priya
বান্ধবী	bandhobi	bandhabi	bandhobee
দিদি	didi	deedee	didee
চাচি	chachi	caci	chachee
মামি	mami	maami	mamee
খালু	khalu	khaalu	khaloo
সন্তান	shontan	santan	sontan
আত্মীয়	attiyo	atmiyo	attio
প্রতিবেশী	protibeshi	pratibeshi	protibesi
প্রেম	prem	praem	premo
প্রেমিক	premik	premic	premick
প্রেমিকা	premika	premica	premikaa
বিয়ে	biye	biya	bie
বিবাহ	bibaho	bibaha	bivaho
সঙ্গী	shongi	sangi	songi
সাথী	sathi	saathi	sathee
মানুষ	manush	manus	manush
লোক	lok	loke	lokk
অতিথি	otithi	atithi	otithee
আপন	apon	aapon	aponn
সালাম	salam	salaam	sallam
আদাব	adab	adaab	aadab
নমস্কার	nomoshkar	namaskar	nomoskar
স্বাগতম	shagotom	swagatam	sagotom
ধন্যবাদ	dhonnobad	dhonnobaad	dhannyabad
শুভেচ্ছা	shubhechcha	suveccha	shuveccha
অভিনন্দন	obhinondon	abhinandan	ovinondon
দোয়া	doa	dua	doya
আশীর্বাদ	ashirbad	asirbad	ashirbaad
বিদায়	biday	bidai	bidae
দুঃখিত	dukkhito	dukhito	dukkhit
মাফ	maf	maaf	maff
শুভ	shubho	shuvo	subho
সুপ্রভাত	shuprobhat	suprabhat	shuprovat
শুভরাত্রি	shubhoratri	suvoratri	shuvoratri
শুভকামনা	shubhokamona	subhakamana	shuvokamona
অনুরোধ	onurodh	anurodh	onurodho
হ্যাঁ	hae	ha	hyan
না	na	naa
আচ্ছা	achcha	accha	acha
কেমন	kemon	kaemon	kemn
কী	ki	kee	kii
কেন	keno	kano	kenno
কোথায়	kothay	kothai	kuthay
কখন	kokhon	kakhan	kokhn
কে	ke	kee
আগামীকাল	agamikal	agamikaal	aagamikal
গতকাল	gotokal	gatokal	gotokaal
জল	jol	jal	joll
কথা	kotha	katha	kothaa
গল্প	golpo	galpo	galpa
জীবন	jibon	jiban	jeebon
মন	mon	man	monn
প্রাণ	pran	praan	prann
আত্মা	atma	aatma	attma
দেহ	deho	deha	dehho
নাম	nam	naam	namm
বয়স	boyosh	boyos	bayas
ভাষা	bhasha	vasha	bhasa
আপনি	apni	aapni	apnee
তুমি	tumi	tumee	tumii
তুই	tui	tuii	tooi
আমি	ami	amee	amii
আমরা	amra	amraa	amora
তোমরা	tomra	tomraa	tomora
সে	she	se
তারা	tara	taaraa	taara
ব্যতিক্রম	betikrom	byatikrom
জ্যোৎস্না	jotsna	jyotsna	jotshna
র্যাব	rab	ryab
