খবর	23327
বিজ্ঞানচিন্তা	18955
সংবাদ	17026
ছবি	16487
ভিডিও	13328
আলো	12960
সাক্ষাৎকার	12549
ফুটবল	11903
সর্বশেষ	11886
করে	10501
করুন	10444
আজকের	10103
প্রথম	9077
কিআ	8757
ভিজিট	8751
থেকে	8588
বিশ্লেষণ	8434
এর	8433
খেলা	8359
প্রতিবেদন	8244
লেখা	8150
২০২৬	8110
সম্পর্কিত	7937
এবং	7926
না	7681
বাংলাদেশ	7665
পত্রিকা	7617
জেলা	7240
আপডেট	7046
শিরোনাম	7004
হবে	6792
বিশ্বকাপ	6758
এই	6597
বিজ্ঞান	6160
বিনোদন	6020
রাজনীতি	5994
বিশেষ	5968
হয়	5926
বাণিজ্য	5827
ইসলামিক	5806
করা	5650
জন্য	5622
নগদ	5356
এক	5356
বিশ্ব	5344
অর্থনীতি	5161
পড়তে	5104
একটি	5089
আন্দোলন	5063
বাহিনী	4638
সঙ্গে	4607
সময়	4603
মেসি	4533
নিয়ে	4458
ঢাকা	4457
অপরাধ	4452
যুদ্ধ	4360
দল	4304
টাকা	4293
শিক্ষা	4275
বাংলা	4248
অন্য	4206
বিভাগ	4180
সব	4101
ফিচার	4028
অন্যান্য	4001
হয়েছে	3972
ইসলাম	3971
চাকরি	3926
কার্যক্রম	3924
চট্টগ্রাম	3883
কিশোর	3849
সরকার	3843
সাত	3823
যুক্তরাষ্ট্র	3793
নিয়োগ	3770
জানা	3756
তথ্য	3750
ব্যাংক	3699
রং	3680
আয়োজন	3671
বিভাগের	3669
করতে	3650
আরও	3592
গুরুত্বপূর্ণ	3578
হতে	3575
অজানা	3373
জেলার	3307
করোনাভাইরাস	3274
পর	3262
জাতীয়	3259
মতামত	3247
বলিউড	3241
মো	3212
বিজ্ঞানী	3196
তিনি	3146
বিভিন্ন	3117
ফ্যাশন	3116
পুলিশ	3115
পেতে	3110
জুলাই	3100
মাধ্যমে	3067
আমরা	3049
জীবনযাপন	3035
বা	3023
নাম	2984
মেসির	2970
পবিত্র	2968
আন্তর্জাতিক	2967
পরীক্ষা	2947
তার	2937
বাংলাদেশের	2910
প্রযুক্তি	2891
দিবস	2881
যে	2854
নতুন	2849
বরিশাল	2841
রহমান	2812
চলচ্চিত্র	2812
কোনো	2804
যাকাত	2800
ব্যবহার	2775
আর	2715
ইরান	2677
১৯৭১	2652
পানি	2643
তহবিল	2642
চিরন্তন	2638
খেলার	2637
ভারত	2632
করেন	2612
চাকরির	2581
ভ্রমণ	2576
অভিজ্ঞতা	2572
জানতে	2567
টেলিভিশন	2566
সম্পর্কে	2562
নির্বাচন	2550
ক্রিকেট	2525
আমাদের	2472
হয়ে	2450
বছর	2446
অ্যাপে	2418
ঘটনা	2409
উত্তর	2409
রয়েছে	2388
সরাসরি	2384
একজন	2347
লিওনেল	2324
পাঠকের	2320
প্রশ্ন	2317
তারকা	2310
মার্চ	2305
বেতার	2295
আপনার	2290
চিঠি	2266
বলেন	2247
ধর্ম	2239
আর্জেন্টিনা	2230
গল্প	2228
মোবাইল	2217
বাজেট	2202
জীবন	2187
১৩	2168
পড়ুন	2164
মধ্যে	2162
সেক্টর	2159
হাতে	2142
সদস্য	2142
রাজধানী	2124
চীন	2118
দেশের	2115
হিসেবে	2100
প্রধানমন্ত্রী	2098
তাঁর	2098
নিজের	2095
যায়	2092
ফিফা	2090
দেখতে	2082
ভিডিওসহ	2080
পরামর্শ	2080
দিয়ে	2075
নিউজ	2072
উন্নয়ন	2064
উদ্যোক্তা	2059
আল্লাহ	2042
দিন	2031
ইরানের	2015
সাথে	2009
পাঠাতে	2007
বিবিধ	2000
তোমার	2000
পরিবেশ	1986
শিল্প	1974
কাছে	1966
সবাই	1962
বেশি	1945
সিদ্ধান্ত	1940
ছিল	1930
বন্যা	1926
মানি	1923
তবে	1920
সদর	1906
স্মরণ	1892
মুক্তিযোদ্ধাদের	1887
দোয়া	1881
থাকুন	1879
কলাম	1872
খুব	1843
ঠিকানা	1840
তালিকা	1829
সাহিত্য	1827
কথা	1815
ফোর্স	1810
চাই	1807
আলোর	1800
এশিয়া	1793
স্বাস্থ্য	1785
রাজা	1785
উচ্চশিক্ষা	1783
রাজনৈতিক	1772
সর্বোচ্চ	1771
করেছে	1770
খুন	1761
সেই	1760
কবিতা	1753
সিনেমা	1749
কলমে	1747
কল্পকাহিনী	1746
বিজ্ঞপ্তি	1743
যেভাবে	1738
কিন্তু	1736
মামলা	1735
উৎসব	1729
সম্পাদকীয়	1717
যা	1717
নয়	1709
হোসেন	1703
হচ্ছে	1703
হলিউড	1697
কিছু	1694
যাবে	1690
মুক্তিযুদ্ধের	1689
দুর্ঘটনা	1688
সহজেই	1686
বৃত্তি	1686
আছে	1678
টেনিস	1676
গণমাধ্যম	1666
শুরু	1653
মধ্যপ্রাচ্য	1645
পাকিস্তান	1645
কার্ড	1642
ক্লাব	1635
তা	1633
তারেক	1626
ক্যাম্পাস	1616
আগে	1608
প্রচ্ছদ	1604
স্থানীয়	1598
তারা	1577
হলো	1576
বিষয়ক	1553
ব্রাজিল	1552
গান	1549
যেকোনো	1548
প্রতিক্রিয়া	1547
রূপচর্চা	1545
হিন্দি	1539
মানুষের	1538
বিশ্ববাণিজ্য	1530
গেছে	1529
ধারাভাষ্য	1528
শেয়ারবাজার	1525
ঢালিউড	1521
আফ্রিকা	1520
দেওয়া	1517
করার	1516
পারবেন	1495
সম্পর্ক	1487
ভর্তি	1481
বিজয়	1477
মুজিব	1469
আমেরিকা	1468
নাটক	1467
করপোরেট	1466
কমিকস	1461
ফেসবুক	1454
বইপত্র	1452
হাদিস	1440
শহীদ	1429
সহিহ	1423
প্রয়োজনীয়	1420
কোটি	1419
দেশ	1417
তথ্যকণা	1413
দুই	1408
ইউরোপ	1407
পড়াশোনা	1403
রাব্বুল	1399
তাদের	1399
টিপস	1394
সকল	1393
টালিউড	1392
ওটিটি	1386
কর্মকর্তা	1384
ইতিহাস	1378
১৬	1376
পারে	1374
সংখ্যা	1372
পাঠাব	1365
জনপদের	1364
জন	1364
দিনে	1355
হাজার	1349
তথ্যচিত্র	1326
ছয়	1325
সুস্থতা	1321
নাগরিক	1316
এইচএসসি	1316
স্টাইল	1314
প্রতিদিনের	1308
মৃত্যু	1306
সালে	1300
নম্বর	1297
পত্রিকায়	1295
২৫	1294
শেষ	1286
বলে	1280
নেই	1280
আলাপন	1276
ট্রাস্ট	1275
স্বাধীন	1272
ফটো	1272
সহায়তা	1269
বয়স	1265
ভাষা	1256
লাতিন	1255
উপজেলার	1255
গণিত	1252
ওপর	1239
ক্রোড়পত্র	1238
আবেদন	1237
সংস্থা	1233
প্রতি	1233
পূর্ণ	1231
ব্যবস্থা	1229
কী	1228
স্বাধীনতার	1224
সরকারি	1224
বিজ্ঞাপন	1224
অপারেশন	1216
সময়সূচি	1215
রেকর্ড	1214
ফ্লাইট	1214
সংস্কৃতি	1211
কুরআন	1210
লগইন	1208
উদ্যোগ	1208
নথি	1202
মোড	1200
আলামিনের	1200
কেন	1194
কাদেরিয়া	1194
অডিও	1188
স্বাধীনতা	1186
সিআইডি	1177
নামাজের	1174
পারো	1173
সোমবার	1171
যুক্তরাষ্ট্রের	1170
বৌদ্ধ	1169
৭০	1161
পর্যন্ত	1158
বুদ্ধিজীবী	1156
ছাত্র	1155
স্ত্রী	1151
৫৪	1150
ভারতীয়	1150
দূর	1149
রোকুজ্জো	1145
গণ	1143
এআই	1140
অর্থ	1140
শিশু	1139
পাওয়া	1138
হাসান	1137
খেলাধুলা	1136
ছুটির	1134
অনলাইন	1134
দফা	1133
৬২	1132
নানা	1125
পরিচিত	1124
গ্যাজেট	1124
তিন	1123
৬৯	1120
সনাতন	1117
নৌবাহিনী	1116
কুইজ	1115
সারা	1111
ধরনের	1107
সংস্করণ	1106
লাখ	1102
ডোনেশন	1100
বিমানবাহিনী	1099
সাময়িকী	1096
বিচার	1093
সে	1092
ষড়যন্ত্র	1092
নিয়মিত	1090
জ্যাকপট	1090
কিলো	1090
আহবান	1090
৭১	1089
প্রকাশিত	1089
নোবেল	1087
কাজ	1087
বাংলাদেশী	1084
গণহত্যা	1084
আগরতলা	1082
বিষয়	1081
অসহযোগ	1080
অভ্যুতথান	1080
এখন	1074
গেমস	1069
নামাজ	1068
বিজ্ঞানে	1064
জয়বাংলা	1064
আনন্দবাজার	1063
থাকে	1062
আর্কাইভ	1062
অটোমোবাইল	1061
পরিস্থিতি	1059
বিশ্বকাপের	1054
দেখা	1052
শুধু	1051
মানুষ	1050
প্রায়	1048
বড়	1047
বেসরকারি	1045
ফ্রিল্যান্সিং	1042
প্রতিটি	1039
বিএনপি	1037
নিন	1032
সালের	1031
বই	1030
দাবি	1027
২০	1023
প্রশাসনিক	1023
গ্রাহক	1020
সুযোগ	1019
এম	1016
লিখে	1015
পরবাস	1015
পরিবারে	1014
হত্যা	1006
রাসুলের	1004
বন্ধুসভা	1002
লাইভ	1001
ত্রাণ	1001
আল	1001
ফিচারে	1000
অর্থসহ	1000
জায়গায়	997
গ্রেপ্তার	995
আজ	995
খ্রিষ্টান	994
গাজীপুর	991
এলাকায়	991
বছরের	986
রিভিউ	980
দিবে	977
নিহত	976
তথ্যগুলো	975
মুক্তিযোদ্ধা	974
আহমেদ	972
মার্কিন	970
অনেক	967
আগ্রহ	966
এখানে	960
যোগাযোগ	953
হাল	951
একই	950
হক	944
অনুবাদ	943
করেছেন	937
আলম	937
দক্ষিণ	936
বিরুদ্ধে	934
সাবেক	927
যদি	927
পরে	927
কলকাতা	925
১৭	924
আমার	922
প্রধান	920
ইবাদত	919
পাঠক	916
মোহাম্মদ	912
ফলে	912
কলেজ	912
সফলতা	911
লাইফস্টাইল	911
কারণে	908
আইন	908
ক্যারিয়ার	906
যেকোন	904
আলোচনা	904
মুসলিম	903
জীবনের	903
বৃষ্টি	902
অথবা	901
সেন্ড	900
ক্যালকুলেটর	899
নদী	897
শ্রেণি	896
শরণার্থী	896
লেখার	895
মুখোমুখি	893
ব্যক্তি	890
কৃষি	886
কেন্দ্র	883
অদ্বিতীয়া	878
হামলা	874
রস	871
উদ্ধার	870
যুদ্ধাপরাধ	865
কিংবা	865
বার্তা	863
প্রকাশ	862
পত্রিকার	862
কুমিল্লা	857
প্রবাস	848
অঞ্চল	847
হলে	843
তদন্ত	839
২৭	838
সচেতন	838
নেওয়া	838
এমন	836
জানান	831
গত	830
পরিমাণ	829
মুক্তিবাহিনী	825
গোল	823
তৈরি	822
১২	821
গোলের	821
কোরআন	821
সবশেষ	820
মা	820
কোনও	820
মতো	816
বিশেষজ্ঞ	815
প্রশাসন	815
অভিযোগ	814
জেনে	812
নারীদের	810
দিতে	810
পাশাপাশি	805
মাদকবিরোধী	804
রিচার্জ	802
স্বাস্থ্যমন্ত্রী	799
পাঠানো	799
অ্যাড	799
রেজিস্ট্রেশন	793
তোমাকে	791
সংগঠক	785
কি	785
ইসলামী	784
গৃহসজ্জা	783
পেজে	782
করছে	782
প্রদান	781
দলের	781
সবচেয়ে	780
দেখে	780
গবেষক	780
কে	779
প্রাথমিক	778
এটি	778
আবহাওয়া	778
বিশাল	776
মন্ত্রিপরিষদ	774
সভার	773
রাশি	773
ম্যাচের	773
নীতি	773
চৌধুরী	773
২৬	772
আগস্ট	771
সহায়ক	769
ধরে	768
মেধাবী	760
একাত্তরের	760
গাইবান্ধা	759
বীরত্বসূচক	758
খেতাবপ্রাপ্তদের	756
ছিলেন	755
প্রত্যক্ষদর্শী	752
বিষয়ে	750
ক্ষতিগ্রস্থ	749
আরো	747
ত্রিপুরা	746
যাচ্ছে	744
মিত্রপক্ষ	744
শত্রুপক্ষ	743
মে	742
অ্যাপ	741
হন	740
সমৃদ্ধ	739
২৮	735
পটভূমি	735
বলা	734
স্কুল	731
কারণ	730
প্রয়োজনে	729
পাবে	729
আহ্বান	729
ট্রেন্ড	728
নিতে	725
পাবনা	724
আদায়	724
সবকিছুই	717
ব্যবসা	717
দেন	717
ঘোষণা	717
সা	713
স্মৃতি	712
আমল	712
শেখ	710
উপজেলা	710
সামাজিক	709
সামনে	709
ছড়া	708
বাবা	705
অপরাজেয়	704
কেনাকাটা	703
মডেল	701
সৃষ্টিজগতের	700
শরণাপন্ন	700
মুখাপেক্ষী	700
বস্তুত	700
নিশ্চিত	700
কয়েক	699
অর্থাৎ	695
ডিসেম্বর	694
পাঠানোর	692
অদম্য	691
ঠিকানায়	690
সরকারের	689
সময়মতো	688
রসনা	688
অনুযায়ী	686
যাপন	685
দেশে	684
সাভার	683
বন্যার	683
পেপার	682
বয়সে	681
চাইলে	677
১০	672
প্রবন্ধ	670
উল্লেখ	668
থেকেই	666
অবশ্যই	665
ঘিরে	664
খেলাধুলার	664
কোন	663
ডেস্ক	662
স্পোর্টস	659
যাতে	656
সংসদ	654
মহাকাশ	654
দ্বীন	653
দীর্ঘ	653
বিদেশে	651
পল্লী	651
সামরিক	649
সংক্রান্ত	646
পদার্থবিজ্ঞান	645
নির্দেশ	645
আল্লাহর	645
মৃত্যুর	644
পড়া	644
অ্যাসিডদগ্ধ	644
বিশ্বের	641
গভীর	641
সেপ্টেম্বর	640
সাইবারজগত	639
এপ্রিল	638
জীববিজ্ঞান	637
কার্যকারণ	637
কল্পগল্প	637
বিজ্ঞানরম্য	634
প্রাকৃতিক	633
পাশে	633
ম্যাচ	630
যখন	629
করবে	628
মুখে	627
কম	627
সম্পাদক	626
দিয়েছেন	625
ফরিদপুর	624
খুলনা	621
আনা	620
রেসিপি	618
থাকা	618
১১	616
সংগৃহীত	616
মনে	616
রসায়ন	614
পড়ে	614
সাদত	613
ডে	610
ছাড়া	610
চট্টগ্রামের	610
আমি	609
নাইট	608
জানানো	605
আসল	605
হয়েছিল	602
ফিচারটি	602
যাকাতের	600
পাঠিয়ে	599
দিনলিপি	599
ক্ষেত্রে	598
করি	595
ওই	594
পৌঁছে	593
সারাদেশ	591
এসব	590
বন্ধুদের	588
বাজার	587
পথে	587
ঢল	587
বিএনপির	585
তাকে	585
খরচ	585
এলাকার	585
পাঁচ	583
হওয়ার	581
গ্রেফতার	581
প্রধানমন্ত্রীর	580
কাজের	580
ইসলামি	577
হাসপাতাল	576
স্ত্রীর	576
সহজ	576
জন্ম	575
অনুষ্ঠিত	575
অংশ	575
বাবার	574
ছাড়াই	572
ঢাকায়	571
যার	570
বেড়ানো	570
কখনো	570
কালাম	568
সড়ক	566
পেয়ে	564
দিকে	564
ট্রাম্প	564
আবেগঘন	564
যুব	558
ছাড়াও	558
ফটোফিচার	556
কেন্দ্রে	554
হত্যার	553
শিশুর	553
কমিটি	552
জীবনধারা	551
রংপুর	550
চিকিৎসা	550
হিসাব	549
পরিবর্তন	549
একঝলক	547
হাসপাতালে	546
একটু	543
বন্ধ	541
জাগো	540
চলমান	539
তিনটি	538
রাসুলুল্লাহ	537
এরপর	537
আনতে	537
বাড়ির	533
জানিয়েছে	533
চূড়ান্ত	533
বিস্তারিত	532
প্রতিষ্ঠানের	532
টানা	532
স্কোর	531
লিখতে	530
প্রস্তুতি	530
সাধারণ	529
টাকার	529
প্রকল্পের	527
আলোচিত	527
লা	526
গোলটেবিল	526
তথা	525
জায়গা	524
এতে	524
স্কুলে	523
চার্জ	522
খান	522
ইনকিলাব	522
কাটাতে	521
ভারী	520
খাওয়াদাওয়া	520
আদালত	519
থাকায়	518
অভিযোগে	518
অভিযানে	518
দিনের	517
মানবজাতির	516
নেয়	516
অসহায়	516
ধরা	513
ছাপা	513
নম্বরে	512
৫০	511
তাআলা	511
রোববার	510
আর্জেন্টিনার	509
তীব্র	507
কক্সবাজার	507
ঢাকার	506
সাইবার	505
ব্যাংকিং	505
২১	504
সকাল	502
সওয়াব	501
শোনার	501
বিখ্যাত	501
পথনির্দেশনা	501
ইরশাদ	501
হেদায়েত	500
সুবহানাহু	500
সদকাস্বরূপ	500
সদকার	500
বুখারী	500
প্রিয়জনকে	500
এতেও	500
৪০০৬	499
তথ্যপ্রযুক্তি	499
তত্ত্বাবধায়ক	499
ক্ষতিগ্রস্ত	499
যদিও	497
নথিপত্র	497
জনগণের	497
বৃষ্টির	496
মেসিকে	494
দেওয়ার	493
মুজিবনগর	492
উপকূলীয়	492
ইমেইল	491
প্রয়োজন	489
পুলিশের	488
দুটি	488
ইশকুল	488
যত্ন	487
যেন	486
মন্তব্য	486
একটা	486
করেই	484
এবার	484
উদ্দিন	483
পাঠশালা	481
হয়নি	480
লিগ	480
নিজস্ব	479
এমএফএস	479
মাহমুদ	477
পথ	474
রাজশাহী	472
যেসব	472
মুক্ত	472
মাছ	472
ঐতিহাসিক	472
ভিসা	471
কেউ	471
বেশ	470
বিষয়টি	470
বর্তমান	469
পারেন	469
দেবে	469
কর	469
রায়	468
তালিকায়	468
অনুসন্ধান	468
জেলায়	467
মূল	466
পরিচালক	466
নেতা	463
জীবনযাত্রা	463
সেরা	462
দিলেন	462
গেল	462
কুমার	462
পাহাড়ি	461
বিল	460
পানিতে	460
মৌসুমী	459
অবস্থান	459
পাবেন	458
মানুষদের	457
তখন	455
ঘটে	455
খাল	455
আলী	454
ময়মনসিংহ	452
নারী	452
পারি	451
তোমাদের	451
জেলাগুলো	451
দিয়েছে	450
কোচ	450
যুক্ত	449
চেয়ারম্যান	448
পর্যটন	447
নকল	447
দ্রুত	447
রাঙামাটি	446
পোর্টফোলিও	446
জগৎ	446
সারাদেশের	445
প্রকল্প	445
লিংক	444
জড়িয়ে	444
গুরুত্ব	444
২০১৮	443
বাণিজ্যিক	442
করলেন	442
মিলিতভাবে	441
শিখিয়েছেন	440
খোঁজ	440
কোথাও	440
কয়েকটি	440
সতর্ক	437
দৈনিক	437
জলাবদ্ধতা	436
চিঠিপত্র	436
গদ্য	436
যাওয়া	435
অধিকার	435
যোগাযোগের	434
প্রতিবেদক	434
স্রোতে	432
পাস	430
মুহূর্তেই	429
তাই	429
মৌসুমে	428
ইপেপার	428
আসা	428
আক্রান্ত	428
সময়ে	427
মামলায়	427
গিয়ে	427
এন্ড	427
করছেন	425
পদ্মার	424
কোরআনে	424
নামে	423
জরুরি	423
সন্তান	422
বাতিল	421
দাম	421
ইভেন্ট	421
প্রতিদিন	420
গড়ে	420
এরই	420
হরিদাস	419
গেছেন	419
যেখানে	418
থামুন	418
তোমরা	417
কূটনৈতিক	417
প্রতিষ্ঠান	416
মেকআপ	415
বৃষ্টিতে	415
পানির	415
জুয়া	415
সার্ভিস	414
বৃষ্টিপাত	414
পেমেন্ট	414
খুশি	413
বিচিত্র	412
ভিন্ন	411
প্রতিষ্ঠানসহ	411
কিভাবে	411
হয়েছেন	409
পঠিত	409
নিরাপত্তা	409
তুলে	409
সংকট	408
শিখে	408
গ্রহণ	408
মন্ত্রী	407
কনভার্টার	407
আসে	407
এলাকা	406
বিপক্ষে	405
দেয়া	405
এত	404
ইউটিলিটি	404
সেখানে	403
সুতরাং	403
ম্যাচে	403
ভালো	403
নিত্যদিনের	403
গাইবান্ধার	403
প্রতিমন্ত্রী	402
চাইতে	401
হলেও	400
সুদবিহীন	400
সম্পদ	400
মাস্টারকার্ড	400
বন্যায়	400
পরিদর্শন	400
দোয়াসমূহ	400
দোআ	400
কেনাকাটার	400
এসে	400
এছাড়া	400
জিকির	399
ইংল্যান্ড	399
আদালতে	398
রাখা	397
হয়েছিলেন	396
রাজধানীর	394
পান	394
জামালপুর	394
অভিযান	394
বোন	393
পাঠাবে	393
চেষ্টা	393
১৯	392
মধ্যেই	392
পেজের	392
থাকো	392
হাসপাতালের	391
মডেলিং	391
নিয়ম	391
কিশোরদের	391
উরুগুয়ের	391
স্ট্যাটাসে	390
সেনাবাহিনীর	390
লেখাসহ	390
মিটিংয়ে	390
ভার্সিটির	390
পোষাকে	390
খামের	390
ওয়াল	390
ইনবক্সে	390
আইডির	390
ভলান্টিয়ার	389
২৯	388
বডি	388
অন্তত	385
দায়িত্ব	384
গঠিত	383
লিগায়	382
বাড়ি	382
ফের	382
গোলদাতার	382
অঞ্চলের	381
বিদ্যুৎ	380
ছেলে	380
ইউনিকোড	380
ইউএস	380
হওয়া	379
সৃষ্টি	379
লোক	379
বিদায়ের	379
আবার	379
সাম্প্রতিক	378
শিক্ষার্থীদের	378
বরং	378
ধর্মীয়	378
আস্থা	377
সূচি	376
থাকতে	376
অতিরিক্ত	376
যান	375
ব্রেকিং	375
ইউরোপিয়ান	375
আরব	375
আগামী	375
২০২৫	374
আদর্শ	374
তাঁকে	373
এখনো	372
আছেন	372
মাত্র	371
ব্যবসায়ী	371
নানান	371
থাকবে	371
কমিটির	368
০০	367
শহরের	367
অনুষঙ্গ	367
সৌন্দর্য	366
মনোবন্ধু	365
পরিচালিত	365
মারা	364
নদীর	364
কাপ্তাই	364
তাঁদের	360
চলাচল	360
ওমর	360
স্প্যানিশ	359
রেখে	359
মিডিয়া	358
প্রক্রিয়া	358
প্রতিষ্ঠিত	357
চীনের	357
যেতে	356
দেয়	356
যমুনা	355
মধ্যপ্রাচ্যের	355
ভেন্যু	354
ফ্যামিলি	353
ফলো	353
প্রতিবন্ধী	353
নেত্রী	353
অর্থনীতির	353
টিকা	352
বিভাগে	351
শঙ্কা	350
মায়ের	350
বিশ্বকাপে	350
পিরোজপুর	350
নজরুল	350
বর্ষণ	349
পুনরায়	349
চ্যানেল	349
চান	349
পদে	348
গৌরনদী	348
কর্মসূচি	348
নির্বাহী	347
১৫	346
শিবির	346
সাড়ে	345
সহ	345
সংশ্লিষ্ট	345
বরিশালের	345
জানিয়েছেন	345
গতকাল	345
সিটি	344
ভাষায়	343
ভারতের	343
পরিবার	343
আসুন	343
আদ্	343
হত্যাকাণ্ড	342
সমন্বয়ে	342
কার্যকর	342
দেখুন	341
সেনাবাহিনী	340
পারবে	340
মরদেহ	339
প্রাণ	339
নামের	339
শতাংশ	338
মাদক	338
একমাত্র	338
এএম	338
আহসান	338
সম্পদে	337
সম্ভব	336
কেবল	336
শেষে	335
খাদ্য	335
আয়াত	335
বের	334
এটা	334
অত্যন্ত	333
শিশুদের	332
প্রতিচিন্তা	332
পড়েছে	332
জয়া	332
আবুল	332
আগেই	332
প্রতিষ্ঠানে	331
কাজী	331
এসেছে	331
মেডিকেল	330
মেইল	330
বিপৎসীমার	330
বর্তমানে	330
কাগজ	330
আসতে	330
পরিবারের	329
কুপিয়ে	329
ইকবাল	329
রাখতে	328
অভ্যন্তরীণ	328
লড়াইয়ের	327
রাত	327
খামেনির	327
নিউজলেটার	326
ফোরলান	325
প্রশিক্ষণ	325
পাসেই	325
১৪	324
দেখানো	324
প্রতিশ্রুতি	323
নিবন্ধ	323
নদীবেষ্টিত	323
প্রধানমন্ত্রীকে	322
পরিকল্পনা	322
ঘটনায়	322
বিশ্বসেরা	321
বলেছেন	321
ফেসবুকে	321
সংবিধানের	320
আবু	320
হাল্যান্ডের	319
যায়নি	318
ফরজ	318
প্রাণী	318
প্রতিষ্ঠাবার্ষিকী	318
ছোড়া	318
গ্যালারি	318
অব	318
গুগল	317
এছাড়াও	317
শর্ত	316
ভেঙে	316
পরিচালনা	316
ফিরে	315
পরিস্থিতির	315
জুন	315
ওপরে	315
আদ	315
বাসে	314
নেতাকে	314
এলো	314
স্বামীর	313
যেকোনও	313
সফরকে	312
প্রতিনিধি	312
আবশ্যক	312
পেলো	311
জনের	311
জনপ্রিয়	311
অবস্থায়	311
স্বাভাবিক	310
তাও	310
কর্মী	310
অনুষ্ঠান	310
বিমা	309
নামিয়ে	309
কমলেই	309
সাংস্কৃতিক	308
অন্যতম	308
ফল	307
খনন	307
কৃষিনির্ভর	307
আষাঢ়	307
আলোচনার	307
১৪৩৩	305
সমসাময়িক	305
যথাযথভাবে	305
মেয়াদ	305
বিএসবি	304
বন্দর	304
নির্ণয়ের	304
অনুমতি	304
বিনিময়	303
পড়ি	303
ধস	303
হিসেব	302
ব্যাপক	302
ফেরত	302
ফিচারের	302
নিষিদ্ধ	302
অনেকে	302
সংস্কৃতিকে	301
প্রকৃতি	301
পেলাম	301
অ্যান্ড	301
স্নাতক	300
শুভেচ্ছা	300
ব্যাপী	300
প্রাত্যহিক	300
পড়াও	300
ধনীদের	300
তোলা	300
কুরআনের	300
ওয়াক্ত	300
আহযাব	300
আলোচনায়	300
আবশ্যকীয়	300
আদায়যোগ্য	300
আদায়কারীর	300
২৪	299
ছাত্রলীগ	299
চেয়ে	299
গরীবদের	299
ইবাদাত	299
মেনে	298
ছবিতে	298
জানুন	297
চন্দ্র	297
ইসরাইলি	297
আসার	297
আনন্দের	297
সার্কুলেশন	296
শিল্পকলা	296
ব্যক্তিগত	296
নেমে	296
সৃজনশীল	295
পিএম	295
পয়েন্টে	295
এল	295
ইউরোপের	295
পড়লে	294
গ্লোবালের	294
সংযুক্ত	293
পটুয়াখালী	293
একসাথে	293
জুটিদের	292
করলেও	292
ইংল্যান্ডের	292
ব্যবস্থাপনা	291
নির্বাচিত	291
খালার	291
চমক	290
কমে	290
উপেক্ষা	290
যমজ	289
মালিকের	289
কষ্টের	289
কন্ডাক্টর	289
উঠতে	289
মুক্তিযুদ্ধ	288
পরীক্ষার্থীরা	288
নির্দেশনা	288
জমি	288
লাশ	287
বিশ্ববিদ্যালয়	287
দ্বিতীয়	287
ক্রোকের	287
উঠেছে	286
বাঘ	285
পুরো	285
স্থাপনা	284
সংরক্ষিত	284
চলে	284
ইংলিশ	284
আটক	284
যাত্রীবেশে	283
মাড়িয়ে	283
ভবিষ্যতে	283
শিক্ষার্থী	282
ভাংতি	282
বাণিজ্যের	282
প্রবাসী	282
দেখালো	282
জনতার	282
ঐতিহ্যবাহী	282
বিমান	281
পক্ষে	281
জানালেন	281
সেতু	280
সংস্থার	280
হামলার	279
সংশোধনী	279
যুবদল	279
ব্যাংকের	279
নেতাকর্মীদের	279
ধীরে	279
দ্য	279
সুবিধা	278
পয়েন্ট	278
নরসিংদী	278
গাজায়	278
কেয়া	278
পেরিয়ে	277
খুঁজুন	277
কবি	277
ছড়িয়ে	276
সময়ের	275
স্পেন	274
সু	272
ভেতরে	272
এগিয়ে	272
৫১	271
মতে	271
ভোট	271
চার	271
মোট	270
মিলন	270
প্রেসিডেন্ট	270
আধুনিক	270
৩০	269
হরমুজ	269
মুহাম্মদ	269
বান্দরবান	269
পর্বে	269
কানাডা	269
সাল	268
বিশ্ববিদ্যালয়ের	268
বিয়ে	268
প্রভাব	268
তাহলে	268
আনোয়ার	268
বিমানবন্দর	267
খুঁজতে	267
আহত	267
সমস্যা	266
সন্দেহ	266
শাহ	266
লাইফ	266
ভারপ্রাপ্ত	266
বাড়িতে	266
বক্তব্য	266
গোলাম	266
সেগুলো	265
যেত	265
প্রবেশ	265
ধরন	265
অনন্য	265
সুরমা	264
মাথা	264
ফলাফল	264
ক্ষতি	264
সাপের	263
যেমন	263
মাদারীপুর	263
বাড়ছে	263
ছোট	263
কিশোরগঞ্জ	263
বন	262
নারায়ণগঞ্জ	262
দর্শন	262
অভিনয়	262
পদ	261
সোনা	260
মন্ত্রণালয়	260
কর্মশালা	260
আর্থিক	260
প্রবল	259
যাওয়ার	258
মানিকগঞ্জ	258
মসজিদ	258
পাহাড়	258
রহমানের	257
মাস	257
পৃথিবীর	257
নিয়েছে	257
ডিবি	257
উৎপাদন	257
হচ্ছিল	256
ভোলা	256
বিদ্যালয়ে	256
আঙিনা	256
স্কুলের	255
শান্তি	255
মুন্সিগঞ্জ	255
মাটিচাপা	255
বৃষ্টিকে	255
নেওয়ার	255
শনিবার	254
নিরাপদ	254
চুক্তির	253
রোড	252
মুখ	252
পরবর্তী	252
দলকে	252
দক্ষিণাঞ্চলের	252
ট্রান্সফার	252
সেতুর	251
যত	251
খুলনায়	251
কামড়ে	251
উচিত	251
হার	250
সহায়তার	250
সংবিধান	250
মিয়া	249
ফুলেল	249
সমস্যার	248
ভাঙন	248
ভয়াবহ	248
বিতরণ	248
পদ্মাসেতু	248
দেশজুড়ে	248
অর	248
সেসব	247
পিছিয়ে	247
পরীক্ষার	247
পঞ্চদশ	247
ঘণ্টা	247
কেন্দ্রীয়	247
অন্যের	247
সমবেদনা	246
লাগবে	246
অর্থনৈতিক	246
বিসিএস	245
ফুটবলে	245
পূর্বশত্রুতার	245
পরিদর্শনের	245
টিভিতে	245
অঞ্চলে	245
প্রেমের	244
পরীক্ষার্থীর	244
করতেই	244
সরকারব্যবস্থা	243
বিশ্বে	243
বরগুনা	243
টেবিল	243
ইউরোপীয়	243
লক্ষ্যবস্তু	242
মহানগর	242
বললেন	242
স্থগিত	241
মাদারীপুরে	241
কত	241
ইজিবাইক	241
হুমকির	240
সমালোচনা	240
সমন্বয়	240
সমঝোতা	240
বাংলাদেশে	240
নেতৃত্ব	240
দিক	240
চালককে	240
গোপনীয়তার	240
করল	240
ইউনিয়নের	240
২০১৭	239
শোক	239
শিখন	239
রাতে	239
বিলীন	239
ফ্রান্স	239
পারছেন	239
পদ্মা	239
কুশিয়ারার	239
হতো	238
সশস্ত্র	238
বেড়ে	238
ডি	238
হোম	237
সেমিফাইনালে	237
একার	237
অসন্তোষ	237
সময়সূচী	236
বিশ্লেষণমূলক	236
বাইরে	236
টাঙ্গাইলে	236
গ্রহণযোগ্য	236
আমিরাতের	236
২০১২	235
০২	235
স্টাইলিশ	235
বাংলাদেশসহ	235
ঝালকাঠি	235
করোনার	235
মোবাইলে	234
ঠিক	234
জবস	234
জমে	233
চিতা	233
কারওয়ান	233
অভিভাবকদের	233
সকালে	232
খামেনি	232
উত্থান	232
আলোয়	232
১০০	231
শিক্ষার	231
রবিবার	231
বিন	231
তুমি	231
ডা	231
ইমাম	231
অধ্যাপক	231
সম্প্রতি	230
শৈশবে	230
ভ্যাকসিনসহ	230
গেলে	230
শ্রমিক	229
ঘণ্টার	229
কবির	229
রহস্য	228
ছুটি	228
আমিন	228
শব্দকাহন	227
যেহেতু	227
ক্ষেপণাস্ত্র	227
আবারও	227
আতঙ্কে	227
যুক্তরাষ্ট্রকে	226
বছরে	226
পুরোনো	226
ট্রিবিউন	226
করানো	226
হওয়ায়	225
যুদ্ধবিরতির	225
মানার	225
ফেস	225
করলে	225
আনসার	225
আইনের	225
হোসাইন	224
মুগ্ধ	224
ফাঁস	224
উপজেলায়	224
আত্মহত্যা	224
হামলায়	223
সোহেল	223
প্রাণহানিতে	223
প্রাইভেট	223
প্রচলিত	223
নববর্ষ	223
কৌশলগত	223
কমানো	223
হাতের	222
থানার	222
জুনে	222
চুরি	222
কাটেনি	222
ইউনিসেফ	222
সংঘটিত	221
বারবার	221
প্রকাশনা	221
জনকে	221
করো	221
একাডেমির	221
উপস্থিত	221
অধিদপ্তর	221
পাচার	220
নিচে	220
গণ্য	220
একাধিক	220
আক্রমণ	220
আওয়ামী	220
ম্যাগাজিন	219
ফুল	219
প্রেসক্লাবের	219
নিষেধাজ্ঞার	219
খাবার	219
ক্যানসারের	219
আক্তার	219
২০০৪	218
সেবার	218
সাজানো	218
মসজিদে	218
বোর্ডের	218
বেতন	218
বাঁধে	218
নাকি	218
তত্ত্বাবধানে	218
গলায়	218
এতটাই	218
অ্যাকাউন্ট	218
মোকাবিলায়	217
নির্ঘুম	217
আপিল	217
২০২৪	216
শিক্ষার্থীরা	216
মানবিক	216
ফিরোজ	216
তীর	216
ডুবে	216
ঘটনার	216
একুশে	216
আবেদনের	216
৬০০	215
ব্যয়বহুল	215
বিতর্কের	215
ফোনের	215
পঞ্চগড়ে	215
দীর্ঘদিন	215
জের	215
গিয়েছিলেন	215
১৮	214
সাপ্তাহিক	214
শশুর	214
বিক্রেতাদের	214
পটিয়ায়	214
নিবন্ধন	214
দুর্যোগ	214
চাওয়া	214
চলছে	214
ওঠে	214
একাডেমিতে	214
২০০৬	213
সাহা	213
ভূমিকায়	213
বেসামরিক	213
ফিন্যান্সিয়াল	213
তথ্যের	213
চাবুক	213
আইসিটি	213
সমৃদ্ধির	212
মূলত	212
পাবলো	212
নীতিমালা	212
তীররক্ষা	212
স্থানে	211
লন্ডারিং	211
বাজারে	211
প্রকাশ্য	211
দুজনের	211
দম্পতির	211
তলিয়ে	211
অফিসের	211
অন্তর্ভুক্ত	211
সি	210
লুটের	210
লক্ষ্মীপুর	210
ম্যাক্রোঁসহ	210
মেলোনি	210
বিশ্বনেতার	210
বিরল	210
পাঁচবিবিতে	210
ধামরাইয়ে	210
দিচ্ছে	210
জাহান	210
গ্রাহকরা	210
কাঠালিয়ায়	210
অ্যাকাউন্টের	210
অভিনেত্রী	210
সেলিম	209
সানিকে	209
সভাপতি	209
পড়শীর	209
তারকারা	209
অ্যাপের	209
সাহেব	208
লৌহজংয়ে	208
মিশন	208
পদ্মাপাড়ের	208
নবনির্মিত	208
ডোনাল্ড	208
চেনা	208
চলতি	208
আত্মীয়তার	208
অর্ডার	208
অভিশাপ	208
অনেকেই	208
রড	207
বিনিয়োগ	207
কবিতার	207
ইটের	207
আপনি	207
আনন্দে	207
আকৃষ্ট	207
২০১৫	206
দোষী	206
ঘাঁটি	206
কোরআনের	206
কর্তৃক	206
আগ্রহের	206
শুধুই	205
মারতেন	205
বাছাই	205
খেলোয়াড়ের	205
ক্যারিয়ারে	205
এয়ারলাইন্সে	205
আব্দুল	205
২০০৭	204
সমস্যায়	204
রাখবেন	204
প্রশ্নোত্তর	204
পশ্চিম	204
নদীতীরের	204
জমা	204
গালি	204
অপশন	204
হরমোন	203
স্পেনে	203
বিনোদনের	203
বর্ষসেরা	203
পলাশবাড়ী	203
পর্বের	203
৭৩	202
১২০৩	202
সিলেট	202
সঙ্গেই	202
শর্তাবলী	202
শত	202
মৎস্য	202
মাসের	202
বাবুগঞ্জ	202
বন্যাকবলিত	202
জুয়ার	202
ইসলামাবাদ	202
আমির	202
৩৫	201
সাব্যস্ত	201
লিখুন	201
ভিত্তিতে	201
বান্ধবীকে	201
পার্বত্য	201
নেননি	201
জিয়াউল	201
ক্লাবের	201
স্পটলাইট	200
সেবা	200
সূরা	200
সুপারভাইজারি	200
সঙ্গেও	200
সংঘাত	200
শরিয়াহসম্মত	200
শরিয়াহ	200
লি	200
রূপ	200
মজার	200
পাবলিকেশন্স	200
পক্ষ	200
কূটনীতি	200
করিম	200
একাউন্ট	200
উপরে	200
আলামীনের	200
ব্যালন	199
পূর্ণাঙ্গ	199
দেশটির	199
তরণী	199
ঘণ্টায়	199
অভিজ্ঞতাও	199
লক্ষ্য	198
মিড	198
বাংলায়	198
তখনকার	198
ডাকযোগে	198
চাও	198
চরম	198
গ্যাস	198
ইংরেজি	198
অক্টোবরে	198
১২১৫	197
বি	197
নিউজে	197
কপি	197
হাত	196
লং	196
বৈঠক	196
বন্য	196
ফেলে	196
তারকাখ্যাতি	196
ছবিগুলোর	196
করবেন	196
কথাটি	196
এটার	196
ইভেন্টের	196
আয়াতুল্লাহ	196
৪০	195
২২	195
হিব্রুসহ	195
হিংলিশ	195
স্বাচ্ছন্দ্যবোধ	195
সেসবও	195
সেভাবে	195
সাবজেক্ট	195
সাইড	195
লিখলেও	195
যতোভাবে	195
মিটিংয়ের	195
বার্সেলোনার	195
বাংলিশ	195
প্রতিমাসেই	195
প্রতিভার	195
পাঠাও	195
পড়ো	195
নিয়মাবলী	195
নকলকারীর	195
ছাপানো	195
ছবিও	195
কিআতে	195
উৎপাদনের	195
ইমেইলের	195
ইমেইলে	195
হিজলা	194
হাফ	194
রেকর্ডও	194
মোটামুটি	194
মেহেন্দীগঞ্জ	194
মুলাদী	194
বানারীপাড়া	194
বাকেরগঞ্জ	194
ফারুক	194
নিয়মও	194
তাঁরা	194
ছড়াই	194
গ্রোথ	194
গুরুত্বপুর্ণ	194
খবরের	194
কেন্দ্রের	194
কই	194
এক্সক্লুসিভ	194
উজিরপুর	194
ইনবক্সেই	194
আমদানি	194
বিশ্বজুড়ে	193
ফেলেছিলেন	193
নেন	193
চিনতেন	193
খেলোয়াড়দেরও	193
ক্লোজ	193
২০২৩	192
রাঙামাটির	192
রহমানকে	192
ফেরার	192
জ্বালানি	192
চালু	192
অ্যাসিস্টের	192
শৈশবেই	191
লিগেরও	191
রোকুজ্জোকে	191
রেফারিতে	191
রুমালে	191
মেহেদী	191
মাতেও	191
ভূমিকাতেই	191
ভুগছিলেন	191
ব্রাহ্মণবাড়িয়া	191
বৃক্ষরোপণ	191
বার্সেলোনা	191
বর্ষপঞ্জিতে	191
ফাঁকির	191
প্লেমেকার	191
নিল	191
দাতব্য	191
থিয়াগো	191
তিনে	191
ট্রায়ালে	191
জাদুতে	191
জাগোনিউজ২৪	191
চুক্তিপত্র	191
চিরো	191
খাগড়াছড়ি	191
ক্লাসিকোতে	191
ক্লাবকে	191
কর্তৃপক্ষ	191
এগিয়েছেন	191
আন্তোনেয়া	191
অভিষিক্ত	191
ফাউন্ডেশনসহ	190
পরিবেশের	190
নিয়ন্ত্রণে	190
নিজেদের	190
নষ্ট	190
ডাকবাক্স	190
সোশ্যাল	189
সপ্তাহের	189
মুজাহিদ	189
মাসে	189
বেড়েছে	189
বাকি	189
নোয়াখালী	189
আনন্দ	189
অব্যাহত	189
ধারণা	188
সবার	187
ভূমিকা	187
পরিচিতি	187
কেটে	187
করেছিলেন	187
আটকে	187
পালন	186
পর্যায়ের	186
অনলাইনে	186
প্রথমা	185
আগের	185
অনুষ্ঠানে	185
হারিয়ে	184
হলেন	184
রাজধানীতে	184
ভ্যাস	184
বিক্রি	184
নির্ভরযোগ্য	184
অধিদপ্তরের	184
স্বামী	183
নেরুদা	183
নেবে	183
কষ্ট	183
কর্মসূচির	183
করতেন	183
ঈদ	183
আফ্রিকান	183
অন্যদিকে	183
সুপরিচিত	182
সাংবিধানিক	182
সর্বাধিক	182
শ্রীপুর	182
মাসুদ	182
বহন	182
নগরী	182
জাতীয়তাবাদী	182
আশঙ্কা	182
রায়ের	181
জানায়	181
চোখ	181
গ্রামের	181
মাদকদ্রব্য	180
উপদেষ্টা	180
হামের	179
হামে	179
স্থায়ী	179
সিনিয়র	179
মানসিক	179
বৃহত্তম	179
বলতে	179
তৃতীয়	179
ঝুঁকি	179
স্বপ্ন	178
বৃদ্ধি	178
প্রতীক	178
আমেরিকার	178
সুরা	177
রাষ্ট্র	177
বহু	177
ফেনী	177
ইসরায়েল	177
স্পেনের	176
বয়সী	176
ট্রাম্পের	176
চাঁদপুর	176
মাটিতে	175
বোর্ড	175
বলছেন	175
থাকলেও	175
তুলতে	175
আগুন	175
আখতার	175
মাঠে	174
ব্রিটিশ	174
চিকিৎসক	174
চারটি	174
গ্রাম	174
গবেষণা	174
উঠে	174
আয়	174
আজিজ	174
বরাদ্দ	173
গাড়ি	173
আগ্রহী	173
স্বাস্থ্যকর্মীদের	172
সম্পূর্ণ	172
লীগ	172
বেগম	172
চাল	172
সেটি	171
সভায়	171
জার্সি	171
কিছুটা	171
কঠিন	171
আয়কর	171
শীর্ষ	170
মামলার	170
গোপনীয়তা	170
এমনকি	170
অতি	170
স্থান	169
শিক্ষক	169
বৈশ্বিক	169
বিধান	169
বিজ্ঞানের	169
চুয়াডাঙ্গা	169
শিক্ষামন্ত্রী	168
মেলা	168
পোশাক	168
পলাশবাড়ীর	168
ড্রোন	168
আদিবাসী	168
শুভেন্দু	167
রাখার	167
বাস	167
প্রার্থীরা	167
দুবাই	167
গ্রুপ	167
কৌশল	167
কাজে	167
শক্তিশালী	166
ব্রিগেড	166
ফাইনালে	166
পূর্বাঞ্চলের	166
গণবাহিনী	166
গঠন	166
অভ্যন্তরের	166
লিমিটেডের	165
রেজিমেন্ট	165
প্রদর্শন	165
তো	165
চাপ	165
কেজি	165
কাছ	165
ইস্টবেঙ্গল	165
ইপিআর	165
হয়তো	164
শামীম	164
ফুট	164
প্রকাশক	164
এদিকে	164
সাদিয়া	163
মিলিমিটার	163
পঞ্চগড়	163
সমকাল	162
যারা	162
বিদেশি	162
বিকল্প	162
বলছে	162
নিষেধাজ্ঞা	161
দুর্যোগে	161
কৃষির	161
এস	161
আমানত	161
রান্নার	160
বিস্ফোরক	160
বাসিন্দা	160
বসে	160
টাঙ্গাইল	160
অবনতি	160
শিকার	159
রাষ্ট্রের	159
প্রমাণ	159
পেয়েছে	159
জুস	159
চোখে	159
কবিতায়	159
শহর	158
যোগ	158
রাস্তায়	157
প্রতীকী	157
প্রকৃত	157
পায়েল	157
পর্ষদ	157
পরিণত	157
থাকলে	157
চড়ে	157
ঘরে	157
ক্ষমতা	157
বিজিবি	156
পরিচয়	156
দাবির	156
জাহাঙ্গীর	156
চায়	156
অবদান	156
হাসিনা	155
সরবরাহ	155
দুপুরে	155
ঢলে	155
জহির	155
খালেদা	155
স্যাম	154
সংসদের	154
ব্যয়	154
বন্দরনগরী	154
কীভাবে	154
কিংবদন্তি	154
আঞ্চলিক	154
মামুন	153
বর্ষণে	153
দুর্ঘটনায়	153
আলাদা	153
অর্জন	153
সক্ষমতা	152
রক্ষার	152
যাত্রীর	152
প্রতিষ্ঠানটি	152
প্রতিরোধ	152
দৈনন্দিন	152
জিয়া	152
কর্মকাণ্ড	152
আঘাত	152
শরীয়তপুর	151
মনজুরুল	151
ভুল	151
ফাইল	151
তেলের	151
জামান	151
গৌরনদীর	151
আবদুল	151
বিমানবন্দরে	150
পরীক্ষার্থী	150
ধারা	150
জানুয়ারি	150
চুক্তি	150
কাপ	150
সম্মেলনে	149
সম্পন্ন	149
রিটার্ন	149
যোগাযোগমাধ্যমে	149
মৌলিক	149
বাহিনীর	149
পরিশোধ	149
পদসংখ্যা	149
ত্রয়োদশ	149
ডলার	149
করেছিল	149
সূত্র	148
ব্যর্থ	148
বিয়ের	148
বিনা	148
ফুটবলার	148
প্রস্তুতির	148
চৌধুরীর	148
কর্মকর্তারা	148
আওতায়	148
২০০	147
হঠাৎ	147
রিপোর্ট	147
রাশেদুল	147
রক্ষা	147
মেয়ে	147
ফেরদৌস	147
পাবলিক	147
পরও	147
আশা	147
লাল	146
মহিউদ্দিন	146
পানিবন্দি	146
দীপিকা	146
ডিজিটাল	146
খ্রিস্টান	146
উল্লাহ	146
আমাকে	146
সংস্কৃতির	145
যোগ্যতা	145
মোস্তফা	145
বসবাস	145
ফাঁদ	145
পরিস্থিতিতে	145
পরিবহন	145
আদালতের	145
অধীনে	145
ভবিষ্যৎ	144
ফয়সাল	144
নির্ধারিত	144
চি	144
আলোকে	144
সুন্দরবন	143
সাজসজ্জা	143
সাইফুল	143
সর্বস্বত্ব	143
বাগেরহাট	143
ধরণের	143
২৩	142
১৩টি	142
সালিসে	142
সফরে	142
ফিরিয়ে	142
পদক্ষেপ	142
দশমিক	142
থাকছে	142
তে	142
উপহার	142
শাওন	141
মেট্রোপলিটন	141
মানিক	141
বাধা	141
প্রস্তাব	141
থাকার	141
অভিনেতা	141
স্মৃতিচারণ	140
সাউন্ড	140
সহযোগিতা	140
সজীব	140
বলেও	140
প্রতিরক্ষা	140
পোস্ট	140
নওগাঁ	140
উত্তেজনা	140
অবৈধ	140
সৈয়দ	139
নিয়োগের	139
জয়	139
ছবিঘর	139
চক্রের	139
এশিয়ার	139
৯টা	138
সক্রিয়	138
লিখেছেন	138
পরিষ্কার	138
খরচে	138
আট	138
আঘাতে	138
আইনি	138
রানা	137
পেজ	137
পূর্ব	137
পা	137
টন	137
ছেড়ে	137
গ্রেনেড	137
অংশে	137
সূত্রে	136
সম্মান	136
সদস্যদের	136
যৌথ	136
মধ্য	136
দক্ষতা	136
তলা	136
অমর	136
হাম	135
স্বাস্থ্যসেবা	135
শামসুল	135
রাজবাড়ী	135
নিয়ন্ত্রণ	135
জলাবদ্ধতার	135
এলেন	135
ইঙ্গিত	135
৬টি	134
সাইফুল্লাহ	134
সফল	134
রাখুন	134
ময়লা	134
ভোরের	134
বৈঠকে	134
ফ্রান্সের	134
তরুণ	134
ড্রেন	134
গুরুতর	134
আহ্বায়ক	134
সুন্দর	133
সংশোধন	133
শাড়ির	133
রপ্তানি	133
মেক্সিকো	133
পলিসি	133
নজরে	133
দাস	133
থানা	133
জ্যেষ্ঠ	133
চিন	133
ঘুরে	133
কাতারের	133
আকাশ	133
অবস্থা	133
অনুসরণ	133
সংরক্ষণ	132
পেছনে	132
ট্যাগ	132
জাহিদুল	132
গোপালগঞ্জ	132
আফ্রিকার	132
হাব	131
স্থাপন	131
শক্তি	131
রক্ষায়	131
মাহবুব	131
মন্ত্রণালয়ের	131
মতবিনিময়	131
বাস্তবায়ন	131
বাসা	131
উৎস	131
সিআইডির	130
লেখক	130
রাষ্ট্রীয়	130
পশ্চিমাঞ্চলের	130
নৌকায়	130
১১টি	129
স্বীকৃতি	129
শুক্রবার	129
শিল্পী	129
প্রেস	129
প্রতারণা	129
প্রণালি	129
পড়ল	129
তেল	129
কামাল	129
উপায়	129
আশিক	129
অথচ	129
সুস্থ	128
লিমিটেড	128
লাইসেন্স	128
বিদেশের	128
বন্ধুসভায়	128
প্রিমিয়ার	128
পড়ার	128
গঠনতন্ত্র	128
সেনাসদস্যদের	127
বাম	127
পারিবারিক	127
দায়	127
দক্ষিণাঞ্চল	127
জাপান	127
ক্যানসার	127
উদ্বেগ	127
আম	127
রাঙ্গামাটি	126
যুদ্ধাপরাধীদের	126
ভাসমান	126
বিজ্ঞপ্তিতে	126
বিচারপতি	126
ফোন	126
ফুটবলসহ	126
প্রথমবারের	126
পিএবিএক্স	126
পাওয়ার	126
দুর্বল	126
এসিআই	126
একে	126
ইন্তেকাল	126
আনিস	126
সৌন্দর্যের	125
বনে	125
বগুড়া	125
বইমেলা	125
নাসরিন	125
নারীর	125
ধাপে	125
তাসনিম	125
টপিক	125
ক্রিস্টিয়ানো	125
অফিসার	125
হোয়াটসঅ্যাপ	124
সমর্থন	124
সংযোগ	124
শিশুকে	124
লেনদেন	124
লড়াই	124
মিজানুর	124
বোনাস	124
ফ্রি	124
ফ্যাক্স	124
নির্মাণ	124
নভেম্বর	124
ডিয়েগো	124
টিকিট	124
জার্নি	124
জানিয়ে	124
চালিয়ে	124
অফিস	124
সেন্টার	123
সাংস্কৃতি	123
লাইফস্টাইলের	123
যাত্রা	123
মূল্য	123
মাথায়	123
পোড়াবাড়ীর	123
পর্ব	123
নিজেকে	123
তাঁতের	123
ডিরেক্টর	123
চ্যালেঞ্জ	123
চমচম	123
গতকালের	123
আইনগত	123
অতিক্রম	123
৬০	122
শুনানি	122
ব্যবসায়	122
নিদর্শনের	122
দ্বীপ	122
তারিখ	122
ঝিনাইদহ	122
জনগণ	122
চ্যাম্পিয়নস	122
একসঙ্গে	122
উৎসাহিত	122
উপমহাদেশে	122
উদ্দেশ্য	122
উজ্জ্বল	122
আয়োজিত	122
স্টেডিয়াম	121
যাওয়ায়	121
মার্কেটিং	121
বাস্তব	121
ফাতেমা	121
প্রাইম	121
নিয়েছেন	121
নগর	121
জার্মানির	121
জরিমানা	121
চিত্র	121
গ্রাহকের	121
খাতে	121
হাসনাত	120
সহকারী	120
সড়কে	120
শহরে	120
যশোর	120
প্রণব	120
পানিপ্রবাহ	120
ঢুকে	120
টপ	120
ঘুম	120
ইফতেখার	120
আসছে	120
আরেকটি	120
সাথেই	119
সাঈদ	119
সবাইকে	119
সচিব	119
শাবান	119
লিগা	119
বেলুচিস্তানে	119
বিবেচনা	119
বাংলাদেশি	119
পর্যটনের	119
পরের	119
কোর্ট	119
৮৮	118
৫৮	118
সদস্যরা	118
প্রশান্ত	118
নির্দিষ্ট	118
নির্দলীয়	118
নিজ	118
নিউইয়র্ক	118
তিস্তা	118
জব	118
গাছের	118
কাস্টমস	118
কাতার	118
উভয়	118
হত্যাচেষ্টা	117
সংস্কার	117
বাংলাদেশিদের	117
পারমাণবিক	117
পায়	117
পরীক্ষায়	117
জাপানের	117
কৃষিখাতকে	117
কর্মীদের	117
আসিফ	117
অপেক্ষা	117
৫ম	116
পর্যাপ্ত	116
দিনেই	116
দরকার	116
তদন্তে	116
টিকাদান	116
এনসিপি	116
এনএসআই	116
আদিবাসীদের	116
হেলথ	115
সাখাওয়াত	115
সমাধান	115
সংবাদপত্র	115
মূর্তি	115
ব্যাহত	115
ব্যক্তিকে	115
পুষ্টি	115
নির্ধারণ	115
থুসিডাইডিস	115
ঘর	115
কোয়ার্টার	115
কিশোরীকে	115
কঠোর	115
ইরাক	115
আসনের	115
আব্দুর	115
আইনে	115
অবকাঠামো	115
মহড়া	114
বিজয়ের	114
বদলে	114
দাঁড়িয়ে	114
দলগুলোর	114
জনবল	114
খুঁজে	114
খন্দকার	114
কাউন্সিল	114
শারীরিক	113
মৃত্যুতে	113
বল	113
কাণ্ডে	113
অস্ত্র	113
সই	112
শেয়ার	112
লঞ্চ	112
বিশ্বাস	112
বর্ষণের	112
পেজটি	112
পর্যবেক্ষণ	112
পড়েন	112
গাছ	112
কমাতে	112
ঋণ	112
উন্নয়নে	112
ইসলামের	112
আজও	112
অনুরোধ	112
সাধারণত	111
সর্বসত্ব	111
সফরের	111
সংস্কৃতিতে	111
সংবাদও	111
লক্ষ্যে	111
রান্নাবান্না	111
রাখে	111
ভাইরাল	111
ব্যাখ্যা	111
ফারজানা	111
প্রশাসক	111
নীল	111
নির্মাণের	111
নির্বাচনের	111
ধ্বংস	111
দেখানোর	111
থানায়	111
তোলার	111
জেরে	111
জানি	111
কোথায়	111
উত্তরবঙ্গের	111
ইসরায়েলি	111
অভিজ্ঞতার	111
১০৯	110
সুপ্রিম	110
সন্তানের	110
সংগঠন	110
যানজট	110
মিয়ানমার	110
ভূমিকম্প	110
ব্যবস্থার	110
বাসায়	110
পেয়েছেন	110
পর্যায়ে	110
দাশ	110
টেলিভিশনের	110
খেতে	110
কারাগারে	110
কর্মসূচী	110
এগুলো	110
আলিম	110
৩০০	109
২০২২	109
হোক	109
হাতেই	109
সাহায্য	109
সমাজ	109
রোগ	109
বৃহস্পতিবার	109
বিয়েবাড়ি	109
পারভেজ	109
পণ্য	109
নির্বাচনী	109
দয়া	109
চাকমা	109
কার্যালয়ে	109
কমপ্লেক্স	109
কতটা	109
উল্লেখযোগ্য	109
আশরাফ	109
২১টি	108
সম্ভাব্য	108
সংলগ্ন	108
সংগ্রহ	108
লেক	108
মহিলা	108
পুরোপুরি	108
পিং	108
থালাপতি	108
কর্পোরেশন	108
কয়েকজন	108
১৩৬	107
সুরক্ষা	107
সম্পর্কের	107
রোনালদো	107
রিলিজ	107
মিয়ানমারের	107
মাসুম	107
মাঝে	107
বিদ্যালয়	107
টেন	107
জোকস	107
চালানো	107
ওষুধ	107
এসএসসি	107
আত্মীয়স্বজনের	107
আগৈলঝাড়া	107
স্পষ্ট	106
সৌদি	106
মুসলমানদের	106
মঙ্গলবার	106
বিতর্ক	106
প্রশাসনের	106
পড়েছেন	106
গোপন	106
খালবেষ্টিত	106
আশ্রয়	106
অবস্থিত	106
স্বর্ণের	105
সরণি	105
সরকারী	105
রেফারি	105
ভূমিধস	105
বেসরকারী	105
পেয়ারা	105
পাঁচটি	105
নৌকা	105
নেতার	105
তাহের	105
চাঁপাইনবাবগঞ্জ	105
চট্টগ্রামে	105
এএফপি	105
আদেশ	105
আজহার	105
অভিমত	105
১৩০	104
সৈকত	104
সুজন	104
মাহমুদুল	104
মতোই	104
বঙ্গোপসাগরে	104
প্রতিবেদনে	104
প্রজাতির	104
পৌরসভা	104
নিজে	104
জরায়ুমুখ	104
জব্দ	104
গোলে	104
কর্মকার	104
উন্মুক্ত	104
সাদরে	103
যাচ্ছেন	103
মোহাম্মাদ	103
ভবন	103
বরিশালে	103
প্রিয়	103
প্রগতি	103
পার্ক	103
পর্তুগাল	103
পডকাস্ট	103
দুর্ভোগ	103
ট্রিবিউনের	103
জবাবে	103
ঘরের	103
খুবই	103
কুরুচিপূর্ণ	103
কুড়িগ্রাম	103
করেছি	103
আসেনি	103
অশালীন	103
অন্তর্বর্তী	103
রাজস্ব	102
মান	102
পারেনি	102
পায়েলের	102
পরিচ্ছন্ন	102
পদ্ধতি	102
নীলফামারী	102
নির্বাচনে	102
ক্যাম্পেইন	102
কাপের	102
ঐতিহ্য	102
আইনত	102
অধিকারী	102
৩৮	101
হাওলাদার	101
রুটিন	101
রশীদ	101
যাচাই	101
মুদ্রিত	101
ভূঁইয়া	101
বকেয়া	101
পাতায়	101
পরিহার	101
নিঃসঙ্গ	101
দাঁড়িয়েছে	101
টি	101
জুতাপেটা	101
চতুর্থ	101
খবরও	101
উদ্ধারের	101
অসংখ্য	101
সেকশনস	100
সরদার	100
সভ্যতায়	100
রাসেল	100
ম্যাচগুলো	100
মিলিয়ে	100
বিচ	100
বাহাউদ্দীন	100
প্রোডাক্টস	100
নদ	100
দিয়েই	100
দণ্ডনীয়	100
থাকেনা	100
তন্ময়	100
টফি	100
জে	100
জীবনে	100
গ্রামে	100
খুজুন	100
ক্লিনিং	100
ক্যাশব্যাক	100
ওসি	100
এন্টারপ্রাইজ	100
উদিসা	100
উদাহরণ	100
অফারে	100
সীমান্তবর্তী	99
সীমান্ত	99
সাতকানিয়া	99
সমুদ্র	99
রাজনীতির	99
মিনিট	99
বার্ষিক	99
বঙ্গাব্দ	99
পাল্টা	99
নবাবগঞ্জ	99
ড্রেনেজ	99
কুমিল্লায়	99
কমিশন	99
এখনও	99
৩১	98
হরিদাসের	98
সানাউল্লাহ	98
রকম	98
মৃত	98
মাহি	98
মামুনুর	98
বুধবার	98
বিপর্যস্ত	98
বাংলাদেশকে	98
পোর্টাল	98
নেত্রকোনা	98
দীর্ঘতম	98
দিয়েছিলেন	98
চালিয়েছে	98
কুমিল্লার	98
ইতিহাসের	98
আসামি	98
আয়ের	98
আপনিও	98
২২২২৬২৬৮৯	97
১২১২	97
সুমন	97
শেরে	97
লেখকের	97
মাছটি	97
মধ্যবাড্ডা	97
ভাঙচুর	97
ভবনের	97
ব্যক্তিদের	97
বিদেশ	97
বিএম	97
বলেছিলেন	97
প্রাইভেসি	97
পশ্চিমবঙ্গ	97
পদত্যাগ	97
নদীতে	97
দুর্গাসাগর	97
দিঘি	97
দপদপিয়া	97
ঢামেক	97
জালে	97
জাগোনিউজের	97
গ্রহণের	97
গুঠিয়া	97
খুঁজছেন	97
কীর্তনখোলা	97
কাঠামো	97
কমফোর্ট	97
একেসি	97
ইসরায়েলের	97
আজাদ	97
আজই	97
০৯৬১২১১২২০০	96
সমুদ্রসৈকতের	96
সঠিক	96
লেখেন	96
রসমালাই	96
মুখ্যমন্ত্রী	96
বিকাশ	96
পাট	96
দুর্নীতি	96
তেহরান	96
টঙ্গী	96
জেনারেল	96
গিয়েছিল	96
করব	96
উত্তরাঞ্চলের	96
আলতাফ	96
আবেদনযোগ্য	96
অনৈতিক	96
হাতি	95
হাজির	95
লেখাটি	95
রয়টার্স	95
পাঠকপ্রিয়	95
নাহিদ	95
দুর্গম	95
জাকারিয়া	95
চিলির	95
চলতে	95
খাতের	95
কেরানি	95
কর্মস্থল	95
করছি	95
উড়োজাহাজ	95
স্বাগত	94
শুরুতে	94
মাধ্যম	94
মধ্যপ্রাচ্যে	94
ব্রহ্মপুত্র	94
ব্যবহৃত	94
বহরে	94
পৌরসভার	94
পথের	94
নিরাপত্তার	94
দায়ের	94
জলবায়ু	94
কামরুল	94
কর্মকর্তার	94
আন্দোলনের	94
২০টি	93
স্বপ্নে	93
স্বজনেরা	93
লুকিয়ে	93
ম্যাক	93
মাছের	93
পরিবর্তনের	93
নেরুদার	93
তাতে	93
ছাড়	93
চিকিৎসার	93
কিশোরী	93
করায়	93
আরেক	93
৩৪	92
বিপুল	92
প্রকৃতির	92
নিজেই	92
দীর্ঘদিনের	92
দিয়েছিল	92
টঙ্গীতে	92
ছাড়িয়েছে	92
খাবারদাবার	92
অর্থের	92
৫৩	91
হ্রদ	91
সাঁথিয়া	91
সহযোগিতায়	91
শুভ্র	91
রোমান্টিক	91
রান্না	91
রয়েছেন	91
যুগ্ম	91
মৌসুমি	91
মিলে	91
প্রভাবশালী	91
পারভীন	91
তুলনায়	91
জনস্বাস্থ্য	91
চির	91
ঘোষ	91
গড়	91
উদ্বোধন	91
১০টার	90
০৯	90
সাতক্ষীরা	90
সন্দেহজনক	90
সনদ	90
রিয়াজ	90
মর্যাদা	90
ভাঙ্গা	90
বেঁচে	90
প্রতিযোগিতা	90
পূর্বাভাস	90
পিএমও	90
তৈরির	90
জীবনযাপনের	90
জানাজায়	90
কোম্পানি	90
কালো	90
উৎসে	90
উজ্জল	90
আমের	90
০৮	89
স্থগিতের	89
সোনার	89
সামুদ্রিক	89
সবকিছু	89
র্যাব	89
রশিদ	89
মুজাম্মিল	89
মানুষকে	89
বৈদেশিক	89
বিশেষজ্ঞদের	89
বাস্তবতা	89
বহাল	89
ফিফার	89
পৌঁছাতে	89
পেনাল্টি	89
পাতা	89
ধারার	89
দুর্ভোগে	89
জলাবদ্ধতায়	89
চা	89
কিশিদা	89
কারিগরি	89
কল্যাণ	89
ওকাই	89
ইস্যুতে	89
১০টি	88
সম্ভাবনা	88
মধ্যাঞ্চলের	88
ভাই	88
ব্র্যাক	88
বিশ্ববিদ্যালয়ে	88
ফি	88
প্রজাতন্ত্র	88
পার্টির	88
পরিচালনার	88
নিউজকে	88
নড়াইল	88
দুধ	88
দিলে	88
দশ	88
জুরাসিক	88
চলা	88
খোলা	88
কার্যক্রমের	88
কারাদণ্ড	88
ঐতিহ্যের	88
আবহাওয়ার	88
অস্ট্রেলিয়া	88
অভাব	88
সিংহ	87
সারফুদ্দিন	87
সান	87
সফর	87
লাগে	87
রিফাত	87
রাস্তা	87
ব্যক্তির	87
প্রাচীন	87
প্রতিবাদ	87
ধর্মের	87
দিনাজপুর	87
চন্দনাইশ	87
ঘাটতি	87
খুলে	87
কর্মসূচিতে	87
আইনজীবী	87
অভিযুক্ত	87
অনুচ্ছেদ	87
অনিয়ম	87
অংশগ্রহণ	87
সক্ষম	86
শফিকুল	86
রেফারির	86
মেট্রিক	86
মানে	86
প্রকল্পে	86
পেলেন	86
পায়জামার	86
নাই	86
জানাজা	86
কান্তি	86
এএসএম	86
উর	86
উপস্থিতি	86
ইন	86
আসেন	86
আইআরজিসি	86
সরকারকে	85
শনাক্ত	85
লাভ	85
বিবৃতিতে	85
বিপণন	85
নেতাদের	85
নিকোল	85
নিউজিল্যান্ড	85
দীর্ঘমেয়াদি	85
চলবে	85
আবর্জনা	85
আন্দোলনে	85
অস্ট্রেলিয়ার	85
হস্তান্তর	84
সুপার	84
মিনিটে	84
মন্দির	84
ভেসে	84
বোয়িং	84
প্রশ্নের	84
প্রয়োগ	84
দ্বারা	84
দেশটি	84
দেশকে	84
দেব	84
দীপিকার	84
থই	84
জামালপুরের	84
কৃত্রিম	84
করপোরেশন	84
ইলিশের	84
ইত্যাদি	84
আশ্রয়কেন্দ্র	84
স্বেচ্ছাসেবক	83
সামনের	83
সম্মেলন	83
সপ্তাহ	83
লালমনিরহাট	83
রোগে	83
মঈনুল	83
ভিজে	83
বাসিন্দাদের	83
পদের	83
নেতৃত্বে	83
ধারণ	83
চিফ	83
চিড়িয়াখানা	83
ক্ষোভ	83
কিডম্যান	83
ইতিহাসে	83
আমিনুল	83
অ্যালিস্টার	83
অবশেষে	83
হেলথকেয়ার	82
সমালোচনার	82
শব্দ	82
লোকজন	82
রাজ্যের	82
মুক্তি	82
মালিক	82
মহব্বত	82
বৈধ	82
বিজেপি	82
বাধ্য	82
বজায়	82
গুলশান	82
কোম্পানির	82
কুষ্টিয়া	82
উত্তোলন	82
আসলে	82
আলমগীর	82
অধিকাংশ	82
অং	82
সুস্বাদু	81
সাগর	81
শুভ	81
মেহেরপুর	81
মেঘনা	81
বাঁশখালী	81
প্রস্তুত	81
পক্ষের	81
ধর্ষণ	81
দোকান	81
দাবিতে	81
দর্শকদের	81
চলাকালে	81
ঘাট	81
গালিব	81
গার্ড	81
গরু	81
এজাজ	81
উদ্দেশে	81
আর্জেন্টাইন	81
অভিনয়ের	81
৩২	80
শ্রমিকদের	80
রায়ে	80
ভোগান্তি	80
বোমা	80
বৃত্তির	80
বঞ্চিত	80
পছন্দ	80
দেওয়ান	80
তারকার	80
টিম	80
ঝুঁকিপূর্ণ	80
উচ্চ	80
ইউনিয়ন	80
সন্ধ্যায়	79
সড়কের	79
রোহিঙ্গা	79
যুবকের	79
মিলল	79
মনিরুল	79
ভৌগোলিক	79
বিমানবন্দরের	79
বাড়ানো	79
ধরার	79
ধরতে	79
দূষণ	79
দলীয়	79
জটিল	79
ঘটেছে	79
গন্তব্য	79
কোয়েল	79
কারণেই	79
এসআই	79
ঋণের	79
উদ্যোগে	79
৪৩	78
০১	78
হাসিনার	78
স্বজনদের	78
সেনা	78
সরোয়ার	78
শ্রেণির	78
ভেজা	78
বৈরী	78
বিপরীতে	78
বাতিলের	78
ফেব্রুয়ারি	78
ফাইন্যান্সিয়াল	78
দৃশ্য	78
ডলারের	78
ঠাকুরগাঁও	78
টিকে	78
ছোট্ট	78
গোয়েন্দা	78
খসরু	78
কোলা	78
কোকা	78
কিছুদিন	78
কার্ডের	78
কারও	78
করপোরেশনের	78
আশীষ	78
অল্প	78
৪৮	77
স্থলবন্দর	77
সৌম্য	77
সেলস	77
সারাদেশে	77
সরিকল	77
সংসদে	77
শিমুল	77
শামিমা	77
রাঙামাটিতে	77
মাগুরা	77
মহানিয়ন্ত্রকের	77
ভয়	77
বিসিএসে	77
বিক্ষোভ	77
বাড়িয়ে	77
ফরিদপুরে	77
প্রত্যাহার	77
নুসরাত	77
টিপু	77
জাহিদ	77
জয়পুরহাট	77
চরিত্রে	77
ওরফে	77
উন্নয়নের	77
উজান	77
আসাদুজ্জামান	77
আশ্রয়কেন্দ্রে	77
আনুগত্য	77
অবৈধভাবে	77
৪১	76
৪০০	76
সিরিয়াল	76
সাফল্য	76
সাংগঠনিক	76
সমুদ্রবন্দর	76
সঞ্জীব	76
সংসারের	76
সংসার	76
সংঘর্ষ	76
শুরুর	76
যুদ্ধের	76
মানবে	76
বিশুদ্ধ	76
বিদ্যমান	76
ফেলতে	76
নাজমুল	76
দেখি	76
দিচ্ছেন	76
ডিজিএফআই	76
গাইড	76
একদিন	76
উন্নত	76
উঠছে	76
ইন্টারনেট	76
আশপাশের	76
আবদুর	76
আতঙ্ক	76
০৩	75
হাটহাজারী	75
হাজারের	75
সোহরাব	75
সেটা	75
সাকিব	75
সদস্যের	75
যাত্রী	75
মারধর	75
বিরোধী	75
বিজিবির	75
বিচ্ছিন্ন	75
বিগত	75
বাড়ানোর	75
বগুড়ার	75
ফাহিম	75
পুরস্কার	75
পুনর্বহাল	75
পাচ্ছে	75
নিয়েও	75
দেখেন	75
দত্ত	75
জারি	75
গ্রাহকদের	75
আঙুল	75
অন্ধকার	75
অনুভূত	75
সুজয়	74
সাদা	74
সপ্তাহে	74
রোগী	74
রেলওয়ে	74
মাদরাসায়	74
মন্ডল	74
ভোর	74
বাড়তি	74
বন্ধু	74
ফুটবলারের	74
ফটিকছড়ি	74
প্রেম	74
পুরুষ	74
পশ্চিমা	74
দূরে	74
গণতান্ত্রিক	74
কেনার	74
এক্সপার্টের	74
উচ্চমাধ্যমিক	74
আবহ	74
আপনাদের	74
অনেকের	74
৫২	73
৪৪	73
৪টি	73
সীমিত	73
লুক	73
রোপণ	73
মোঃ	73
মুদ্রা	73
মাঠ	73
ভিড়	73
ভবিষ্যতের	73
বিলিয়ন	73
বাঁচতে	73
বক্তব্যের	73
প্রসিদ্ধ	73
প্রত্যেক	73
প্রজন্মের	73
পৌর	73
পেছনের	73
পরিবারকে	73
পড়ছে	73
পটিয়া	73
নিষ্কাশনের	73
চলাচলে	73
খাবারের	73
কুয়াকাটা	73
কর্মসংস্থান	73
কক্সবাজারে	73
এনবিআর	73
এক্সিকিউটিভ	73
ইরানে	73
অ্যাকাউন্টে	73
অস্ত্রের	73
অবস্থার	73
অনুসন্ধানে	73
অতিভারী	73
৫০০	72
৩৩	72
হু	72
হিট	72
সেল	72
সাদ্দাম	72
সমমান	72
রাব্বানী	72
রাজিউল	72
যাদের	72
ম্যানেজার	72
মুনির	72
বিষাক্ত	72
বাটাজোর	72
বাঁধ	72
বর্ষার	72
বর্ষা	72
প্রাদুর্ভাব	72
পল্লব	72
নুরুল	72
নাদিয়া	72
দেখার	72
থাকেন	72
তৎকালীন	72
তেলবাজার	72
জমির	72
চাম্বুগং	72
গেলেন	72
গার্মেন্টস	72
কাউখালী	72
কলেজের	72
কমিয়ে	72
এবারের	72
আশিকুজ্জামান	72
আন্তরিক	72
অসুস্থ	72
অপারেশন্স	72
২০১১	71
হাজারো	71
স্বত্ব	71
মেয়েকে	71
ভাগ	71
ব্যাংকে	71
বিদ্যালয়ের	71
পবিত্রতা	71
নাজিম	71
ধর্ষণচেষ্টা	71
দেবেন	71
দুবাইফেরত	71
দুপুর	71
দশক	71
জাহাজ	71
গ্রামীণ	71
ক্ষমতার	71
কিলোমিটার	71
কার্যক্রমসহ	71
করলেই	71
এমপি	71
আসবে	71
অগ্রাধিকার	71
অক্টোবর	71
হুমকি	70
স্মরণসভা	70
স্বীকার	70
সত্ত্বেও	70
সংশোধনীর	70
মোনাজাতের	70
ভারতে	70
বেল্টে	70
বিস্তৃত	70
বইয়ে	70
ফার্মা	70
ফাটিয়ে	70
পোস্টে	70
পার্থ	70
পরিত্যক্ত	70
নেতারা	70
ধারালো	70
ধরেন	70
দিকনির্দেশনা	70
দিই	70
তোপের	70
ঢুকল	70
জড়িত	70
ছাতা	70
ছত্রভঙ্গের	70
গঠনের	70
এটাই	70
এজেন্ট	70
একের	70
একসময়	70
ইন্স্যুরেন্স	70
হ্রদের	69
হবেন	69
হজ	69
হচ্ছেন	69
স্পেশাল	69
সার্বিক	69
সামান্য	69
সময়সীমা	69
সমন্বিত	69
মারধরের	69
মাটির	69
বেটিং	69
বিলাইছড়ি	69
বিভাগীয়	69
প্রতিষ্ঠা	69
প্রতিফলন	69
পৌঁছান	69
নির্ভর	69
ধানমন্ডি	69
দেশি	69
দেড়	69
দিয়েছি	69
দক্ষিণের	69
তোলে	69
ডিএমপি	69
টাকায়	69
ঝুঁকিতে	69
ঘনিষ্ঠ	69
কিশোরীর	69
করেনি	69
এনজিও	69
উপলক্ষে	69
উচ্চতা	69
আভাস	69
অফিসে	69
অদ্ভুত	69
হুসাইন	68
হামাদ	68
সিদ্ধান্তেই	68
শিশুরা	68
শিল্পের	68
শক্তির	68
যুবক	68
মোকাবিলা	68
মির্জাপুর	68
ভাড়া	68
ব্যাপারে	68
বেশির	68
প্রকাশের	68
পৃথক	68
পাকা	68
পরেশ	68
ধরেই	68
দোহার	68
তেমন	68
তুলনামূলক	68
ডায়ালাইসিস	68
জয়ের	68
গ্রিন	68
গাজীপুরের	68
খুলনার	68
কর্তৃপক্ষের	68
কক্ষে	68
উন্নতি	68
উদ্যোগের	68
উঁচিয়ে	68
আয়েশা	68
আগামীকাল	68
অটোগ্রাফ	68
হিসাবে	67
সৃষ্ট	67
সুলতানা	67
সাংবাদিক	67
রোগের	67
মুহূর্তে	67
ভেতর	67
ভাতের	67
বিজনেসের	67
বিকেলে	67
বিকেল	67
বালাসী	67
বাঘিনীটিকে	67
বলেছে	67
ফ্রেন্ডশিপ	67
প্রতিদিনই	67
দৃষ্টান্ত	67
দিবসে	67
দিগন্ত	67
তুজ	67
জোহরা	67
জনগোষ্ঠীর	67
কৃষক	67
কার্যালয়	67
কাঠামোর	67
ওকাইয়ের	67
সার্বভৌমত্বের	66
সবুজ	66
সত্যিই	66
সংগঠনের	66
সংখ্যালঘু	66
শিল্পাঞ্চল	66
যতক্ষণ	66
ভাষার	66
ভালোভাবে	66
বিপ্লব	66
পিএলসি	66
ধসে	66
তালুকদার	66
তল্লাশি	66
তদন্তের	66
জার্মানি	66
জানাল	66
জাকির	66
গেলেও	66
খালের	66
কবরস্থানে	66
ওয়াশিংটন	66
এলে	66
একদিকে	66
আব্দুল্লাহ	66
অবহেলা	66
অপু	66
অপরিসীম	66
স্থানীয়রা	65
সেন্ট্রাল	65
সুসংবাদের	65
সরিয়ে	65
সংশোধনের	65
শ্রম	65
যথেষ্ট	65
মেয়াদে	65
মুহূর্তের	65
ভালোবাসা	65
বেড়া	65
ফাইনাল	65
ফতোয়া	65
প্রথমে	65
পূরণ	65
পারফরম্যান্স	65
পর্যালোচনা	65
ধামরাই	65
দিল	65
দক্ষ	65
টেকসই	65
টিকার	65
জবাব	65
চারা	65
গৌতম	65
ক্রীড়া	65
এসেছিল	65
এনে	65
একধরনের	65
উদ্দেশ্যে	65
অভিযোগের	65
স্ত্রীকে	64
সেটিই	64
সুনামগঞ্জ	64
সাজেশন	64
সন্তানকে	64
সংবিধানে	64
শিল্পায়ন	64
লেনদেনের	64
রেঞ্জের	64
রিজার্ভ	64
রাষ্ট্রপতি	64
মূল্যায়ন	64
মাকে	64
মহাপরিচালক	64
মনযূরুল	64
বাড়াতে	64
বাঘাইছড়ি	64
নিরাপদে	64
নগরীর	64
দেশটাকে	64
দেয়াল	64
তীরে	64
জোর	64
খাওয়া	64
ক্ষমতায়	64
কাটা	64
আলীপুর	64
আজেকের	64
০২১৬১	63
হে	63
হল	63
স্বর্ণ	63
স্টুডেন্ট	63
সেমিফাইনালের	63
সুন্দরবনে	63
সাংবাদিকদের	63
শিক্ষামূলক	63
শাহরিয়ার	63
রঙিন	63
মাধ্যমিক	63
মহানগরীর	63
ভূমিকম্পের	63
ব্যর্থতার	63
বাহরাইনে	63
ফাঁদে	63
পারেননি	63
নিচ্ছে	63
দাসকে	63
তামিলনাড়ু	63
তখনই	63
ডিগ্রি	63
জানাতে	63
চীনা	63
ঘন	63
ক্ষুদ্র	63
কাদের	63
একনজরে	63
উপকারভোগীদের	63
ইরানি	63
আইনশৃঙ্খলা	63
৮০	62
সংকটের	62
রাজনীতিতে	62
রফতানি	62
রক্ত	62
মুরাদ	62
ভরসা	62
বোঝা	62
বিশেষভাবে	62
বর্ষাকাল	62
পারস্য	62
দেখেছেন	62
দারুণ	62
দাদির	62
দাঁড়ানোর	62
দশকে	62
গ্রুপে	62
খারাপ	62
কেরানীগঞ্জ	62
কেপ	62
কাছেই	62
কাছাকাছি	62
কর্ণফুলী	62
করদাতার	62
করছিলেন	62
ওঠা	62
উপযোগী	62
উপ	62
উদ্বেগের	62
ঈশ্বরদী	62
ইরাকের	62
অর্থপাচার	62
অনুচ্ছেদে	62
অতিবৃষ্টি	62
৭০০	61
৬টা	61
৫৬	61
সৌরভ	61
সাময়িক	61
সাজ্জাদ	61
সরঞ্জাম	61
সমিতি	61
সন্তানেরাই	61
শেরপুর	61
রোকেয়া	61
রিয়াদ	61
রামমূর্তি	61
রবিউল	61
মেয়ের	61
মনোযোগ	61
ব্রাজিলের	61
প্রচারণা	61
নেবেন	61
নীতিগত	61
নরওয়ের	61
ট্রেড	61
ছবির	61
আংশিক	61
৯০	60
হেরে	60
হাতিয়ার	60
হলেই	60
স্থানীয়দের	60
স্থানান্তর	60
সামর্থ্য	60
সহায়তায়	60
সর্ববৃহৎ	60
সমান	60
সতর্কবার্তা	60
শফিক	60
শওকত	60
লক্ষ	60
রূপবটিকা	60
রাশিয়ার	60
যত্নআত্তি	60
ম্যাজিস্ট্রেট	60
মিয়ার	60
মালয়েশিয়ায়	60
মামলাটি	60
মানবাধিকার	60
ভারসাম্য	60
বেলা	60
বিহার	60
বিস্তীর্ণ	60
বাসার	60
বায়ু	60
বাধাই	60
বাইরের	60
বকশীগঞ্জ	60
ফ্যাক্টচেক	60
ফিশ	60
পাওয়ায়	60
পলাতক	60
নদের	60
দৃষ্টিভঙ্গি	60
দাউদকান্দি	60
তেমনি	60
জুয়েল	60
জুনের	60
জান্তা	60
চরিত্র	60
ঘটনাপ্রবাহের	60
ক্যামেরা	60
কেড়ে	60
করিয়ে	60
আয়মান	60
আবাসিক	60
আকিজ	60
অঙ্গীকার	60
হলের	59
সুন্দরবনের	59
সাক্ষাৎ	59
সভা	59
শীর্ষে	59
লুকা	59
রিকশা	59
রঙের	59
যাবতীয়	59
মাজার	59
ব্যবস্থাও	59
ফল্ট	59
প্রেক্ষাপটে	59
প্রযোজক	59
প্রকাশ্যে	59
পাল্টাপাল্টি	59
পার্টি	59
দুর্গত	59
টাইমস	59
জীবন্ত	59
জামাল	59
চিকিৎসকের	59
গবেষণায়	59
খানম	59
খাত	59
কোমরসমান	59
কার্যালয়ের	59
এহছানুল	59
উঠিয়ে	59
ইউসুফ	59
আফরোজা	59
আচরণ	59
অনুমোদন	59
অচেতন	59
৮টি	58
হাইকোর্টের	58
সুপারকম্পিউটার	58
সীমাবদ্ধ	58
সাজার	58
সহযোগী	58
সমিতির	58
শালবন	58
লোহাগাড়া	58
লালমাই	58
লাভের	58
লাকসাম	58
লাইফে	58
রাজ্জাক	58
রাজস্থলী	58
রয়া	58
মুক্তা	58
মিরাজ	58
মাইকেল	58
মন	58
ভিত্তি	58
ভার্চুয়াল	58
ভাওয়াল	58
বেছে	58
বেঙ্গল	58
বিপাশা	58
বায়েজিদ	58
বাদ	58
বাড়ীয়া	58
প্রাথমিকে	58
পুনর্বাসন	58
পিরুজালী	58
পরিশোধের	58
নাফিউর	58
নানিয়ারচর	58
নবীজি	58
দেশগুলোর	58
দর্শনীয়	58
তুরস্ক	58
তিতাস	58
ঢাকাসহ	58
টু	58
জোরদার	58
চৌদ্দগ্রাম	58
চিকিৎসাধীন	58
গ্রেড	58
ক্যানসারে	58
কাপ্তাইয়ের	58
ওয়াইল্ড	58
উপকরণ	58
ইয়াসমিন	58
আকস্মিক	58
৭২	57
৪২	57
৩৯	57
২০২১	57
হিন্দু	57
সুনামগঞ্জে	57
সিদ্দিক	57
সমাহিত	57
সদরের	57
সচল	57
সংস্থাটি	57
শিশির	57
শিরোপা	57
রেখেছে	57
রওনা	57
যুক্তি	57
মোছা	57
মেডিক্যাল	57
ভোগান্তিতে	57
ব্যর্থতা	57
বালোগান	57
বাজারের	57
ফিল্ড	57
পূর্বে	57
পায়ে	57
নন	57
নগরবাসী	57
তৎপরতা	57
তবুও	57
ঢাবি	57
ঘরবাড়ি	57
গুচ্ছভুক্ত	57
ইতিবাচক	57
সুইজারল্যান্ডের	56
শুভংকর	56
শীল	56
শাহজাহান	56
লায়নফিশ	56
রক্তাক্ত	56
ম্যাপ	56
মেরে	56
মালয়েশিয়া	56
মানসিকভাবে	56
মধ্যেও	56
ভাষ্য	56
ব্যস্ত	56
বিস্ফোরণ	56
বিদ্রোহী	56
বাঘের	56
বাংলার	56
ফরাসি	56
প্লাবিত	56
প্রতিবছর	56
প্রতিনিধিরা	56
পটুয়াখালীর	56
নয়া	56
ডেভেলপমেন্ট	56
টিকিটের	56
ঝড়	56
ছাদ	56
খায়রুল	56
কেয়ার	56
কাউন্সিলের	56
কর্মকাণ্ডের	56
কর্মকর্তাদের	56
করবো	56
এটিকে	56
উষ্ণ	56
আপনারা	56
অ্যাসোসিয়েশন	56
অস্বাভাবিক	56
অধিনায়ক	56
৪৫	55
২০১০	55
স্বস্তি	55
সমর্থকদের	55
সংকটে	55
শহিদুল	55
লিখিত	55
রেখেছেন	55
রিমান্ডে	55
যথাযথ	55
মেগাওয়াট	55
মিডফিল্ডার	55
ভ্যাকসিন	55
ভাইস	55
ব্যক্তিত্ব	55
বেইজিং	55
বিশ্বজিৎ	55
বিশেষায়িত	55
বাস্তবায়নের	55
প্রায়ই	55
প্রবেশপত্র	55
পারছে	55
পরিকল্পনার	55
পড়ায়	55
নুর	55
দলে	55
তৌহিদুল	55
তীব্রতা	55
তানজিন	55
ডিআইজি	55
জেলে	55
ছাত্রীরা	55
চাপে	55
গেলো	55
গাজী	55
গতি	55
কাউকে	55
কাঁচা	55
উজ	55
ইনস্টিটিউট	55
অবমুক্ত	55
অন্তঃসত্ত্বা	55
অনিশ্চিত	55
৩৭	54
২০২০	54
সেন্টারে	54
সুত্রধর	54
সরে	54
সমাজের	54
শরীরের	54
লীগের	54
রানী	54
রাতের	54
রাকিব	54
রন্ধনশিল্পী	54
যাবেন	54
মিলবে	54
মিরসরাই	54
মহাজন	54
ভারি	54
বস্তি	54
বলেছিল	54
পোর্ট	54
পুনরুজ্জীবিত	54
পশ্চিমাঞ্চল	54
পলাশ	54
দেশটিতে	54
দেলোয়ার	54
দু	54
জন্মদিন	54
গোপাল	54
খাঁ	54
কুয়েত	54
কিস্তি	54
ইরাকি	54
আবদুল্লাহ	54
অর্থমন্ত্রী	54
অগ্রিম	54
সেখান	53
শৈশবের	53
শান্ত	53
লক্ষ্যবস্তুতে	53
রাশেদ	53
রাজু	53
মাহফুজ	53
মঞ্চে	53
বৈচিত্র্য	53
বিদায়	53
বিজ্ঞানীরা	53
বিঘ্ন	53
বন্ধের	53
প্রতিরোধযোগ্য	53
পরিপ্রেক্ষিতে	53
পঞ্চম	53
ন্যূনতম	53
নোটিশ	53
নিজস্বপ্রতিবেদক	53
নাঈম	53
দায়ে	53
জামিল	53
খেয়ে	53
এফ	53
ঊর্ধ্বতন	53
ইশতিয়াক	53
আহমাদ	53
আশ্বাস	53
আমানতের	53
আনার	53
আটকা	53
অ্যাওয়ে	53
অভিনেত্রীর	53
৪৭তম	52
হোসেইন	52
হৃদয়ে	52
হামিদ	52
সুজানগর	52
সিস্টেম	52
সাদিকুর	52
সমতলের	52
শ্রীপুরে	52
শাকিল	52
লিপি	52
লতিফুল	52
রেলস্টেশন	52
রেজা	52
রাজীব	52
মিরপুর	52
মাহবুবা	52
মানের	52
মনজুর	52
ভ্রাম্যমাণ	52
ব্যবহারের	52
বোতল	52
বিস্ট	52
বিশেষজ্ঞরা	52
বাস্তবে	52
বাজেটে	52
বাগদাদ	52
বড়াল	52
বক্তব্যে	52
ফ্ল্যাট	52
প্ল্যাটফর্মের	52
প্রথমবার	52
পতেঙ্গা	52
ধাক্কা	52
দ্রং	52
দৃষ্টি	52
দীপ্ত	52
ড্রেসডেন	52
ডিএমপির	52
ট্রেন্ডিং	52
ট্রাকের	52
জিনিয়া	52
জানালেও	52
জসিম	52
জনসংখ্যা	52
চমকে	52
ঘাঁটিতে	52
ঘরোয়া	52
গাফফার	52
খলিফা	52
ক্ষুব্ধ	52
ক্লাস	52
কৌশিক	52
করদাতা	52
করত	52
একইসঙ্গে	52
ইউনিটের	52
আসছেন	52
আরাফাত	52
অঙ্গনে	52
৭৮	51
৫৭	51
২২৫	51
১০টা	51
০২১৩৯	51
হাওর	51
স্বাবলম্বী	51
সেবনের	51
সুলতান	51
সরওয়ার	51
সংবাদমাধ্যম	51
শ্যামল	51
শরীর	51
রোমেল	51
রোডে	51
রইল	51
মোল্লা	51
মেয়েদের	51
মিলাদ	51
মাহমুদুর	51
মানেই	51
মহিবুজ	51
ভূরাজনৈতিক	51
বুঝতে	51
বিল্লাহ	51
বলার	51
ফোলারিন	51
ফিরল	51
প্রতিরোধের	51
পারব	51
পারছি	51
নেটওয়ার্ক	51
নিশাত	51
নিয়ামত	51
নিখুঁত	51
নজর	51
তানিম	51
ঘটনাস্থলে	51
গোষ্ঠীগুলোর	51
খালেক	51
ক্ষয়ক্ষতি	51
কায়সার	51
কানিজ	51
কাদির	51
কমিউনিটি	51
ওয়াদুদ	51
এমপির	51
এড়াতে	51
উরুগুয়ে	51
আরেফিন	51
আরএফএল	51
আনুষ্ঠানিক	51
আটলান্টায়	51
আটটি	51
অবশ্য	51
অফিশিয়াল	51
অপর	51
অধীন	51
৬৪	50
১৯৯৬	50
হেড	50
স্বাক্ষরিত	50
সেখানকার	50
সিরাজগঞ্জ	50
সাবমেরিন	50
সতর্কতা	50
সকলে	50
শোয়েব	50
রেখেই	50
রিমান্ড	50
রাজিব	50
যুদ্ধক্ষেত্র	50
যানবাহন	50
মুনতাসির	50
মিয়ানমারে	50
মহান	50
মধ্যকার	50
ভাসছে	50
বিবেচনায়	50
বাস্তবতার	50
বাঘিনীটির	50
বাঘিনীটি	50
বাঘিনী	50
বন্দ্যোপাধ্যায়	50
প্রার্থিতা	50
প্রান্তের	50
প্রসঙ্গে	50
প্রবণতা	50
পেল	50
পায়নি	50
পানিবন্দী	50
পরীক্ষার্থীদের	50
নো	50
নেতাকর্মী	50
নিরসনে	50
নাটোর	50
দেখলে	50
দাফন	50
দরজা	50
ত্রাণসামগ্রী	50
তাৎক্ষণিক	50
তামিলনাড়ুতে	50
ডেপুটি	50
ডট	50
জবাই	50
ছেলের	50
চ্যাম্পিয়ন	50
চিহ্নিত	50
ঘানা	50
গ্রুপের	50
গ্রীষ্মকালীন	50
কবর	50
ওটি	50
একইভাবে	50
উৎপল	50
আহমদ	50
আশ্রয়ে	50
আনোয়ারা	50
অস্থায়ী	50
অস্তিত্ব	50
অপরিকল্পিত	50
অনিয়মের	50
হারুন	49
স্পিকার	49
সিইও	49
সাবিহা	49
সাজ্জাদুর	49
সদস্যকে	49
শুভ্রা	49
শুভা	49
লক্ষ্মী	49
রোজারিও	49
রয়ে	49
যুক্তরাষ্ট্রে	49
মেগাওয়াটের	49
মাধ্যমিকে	49
মাদ্রাসা	49
মফিজুল	49
ভূমিধসে	49
ভাঙ্গুড়া	49
বৈশিষ্ট্য	49
বিষয়গুলোয়	49
বালু	49
বাড়ল	49
বাকপ্রতিবন্ধী	49
বর্জ্য	49
ফ্লোরিডা	49
ফ্লাইদুবাইয়ের	49
প্রান্তিক	49
পতন	49
নির্মিত	49
নিয়োগে	49
নিউজিল্যান্ডের	49
দুর্যোগের	49
জ্ঞান	49
জুতার	49
জিলানী	49
জামালপুরে	49
জলবিদ্যুৎ	49
জনপদ	49
চাষ	49
চাটমোহর	49
কার্যকলাপ	49
কলেজে	49
কমেছে	49
কমন	49
কক্সবাজারের	49
একক	49
ইসহাক	49
ইছামতী	49
আমীন	49
আটঘরিয়া	49
আকর্ষণীয়	49
অভিভাবক	49
৬০৩৮৮	48
৬০০৮৪	48
৫৮৩১৩০১৩	48
৪৬৩	48
২০০৩৭	48
২০০৩৬	48
০৭	48
০৩০৬৬	48
০২৩০৮	48
০২৩০৬	48
হেনা	48
হুরাইরাহ্	48
হালান্ড	48
হারূন	48
সোলায়মান	48
সেন্টিমিটার	48
সুহাদা	48
সালমা	48
সামছুর	48
সাবের	48
সাজিদ	48
সাইফুল্লাহ্	48
সাইফুর	48
সত্য	48
সংক্রমণ	48
শেফ	48
শাহনেওয়াজ	48
শাসন	48
শারমীন	48
শাবাব	48
শাকিলা	48
শাকিব	48
শরীরে	48
শপথ	48
শখ	48
শংকর	48
লাজ্জাত	48
রুহুল	48
রিয়াদুল	48
রাহিদ	48
রাশেদুর	48
রাজ্	48
রওশন	48
যুদ্ধবিরতি	48
মোসাব্বের	48
মোসতাকিম	48
মোড়ল	48
মোজাহিদুল	48
মোখলেসুর	48
মেহেদি	48
মূলধন	48
মুহাম্মাদ	48
মুহাইমেন	48
মুহম্মদ	48
মুসলিমা	48
মুদ্দাসসের	48
মিন্টু	48
মাহ্জাবীন	48
মাহফুজুর	48
মাহফুজার	48
মানসুরা	48
মাজেদা	48
মহিতুল	48
মহছি	48
মর্তুজা	48
মধ্যবর্তী	48
মকফুল	48
ভ্রমণের	48
ভৌমিক	48
ভোজনকথা	48
ভূরাজনীতি	48
ভিডিওতে	48
ভার্দে	48
ব্যবধানে	48
বোয়ালখালী	48
বর্মন	48
বর্না	48
বর্ধন	48
বদিউজ্জামান	48
ফাহমিদা	48
ফর	48
ফখরূল	48
প্ল্যাটফর্ম	48
প্রান্তে	48
প্রাতিষ্ঠানিক	48
প্রবাসীর	48
পাভেল	48
পরিবর্তে	48
নির্মাণাধীন	48
নারায়ণ	48
নাদিমা	48
নাজনীন	48
নাইর	48
ধরলা	48
দেখিয়ে	48
দাউদুল	48
তৌহিদ	48
তুহিন	48
তাসনীম	48
তপতী	48
ট্রেকিং	48
টেংকু	48
জুবাইর	48
জিশান	48
জাভেদ	48
জান্নাতুল	48
জাইফ	48
জর্ডান	48
ছাইদুজ্জামান	48
চিকিৎসকদের	48
ঘরেবাইরে	48
গরম	48
খিলগাঁও	48
ক্ষতির	48
ক্রিপ্টোকারেন্সি	48
কুশল	48
কারা	48
কাইয়ুম	48
করিডর	48
ওয়াসিফ	48
ওয়ালিউর	48
এহতেশাম	48
এলাকাবাসী	48
এয়ারলাইন্স	48
এনি	48
এনাব	48
উম্মে	48
উপসাগরের	48
আহম্মেদ	48
আরিফুজ্জামান	48
আরিফা	48
আবৃতি	48
আছি	48
অসম্ভব	48
অর্থবছরে	48
অপেক্ষায়	48
০৬	47
হতেই	47
সেটাই	47
সুদের	47
সীমাবদ্ধতা	47
সবজি	47
সততা	47
শাহজাদপুর	47
শাড়ি	47
রুবেল	47
রাঙ্গুনিয়া	47
রাউজান	47
রচনা	47
মতিউর	47
ভূখণ্ডের	47
বোধ	47
বাড়ে	47
বাগানের	47
বর্ষের	47
বর্ষায়	47
বদলি	47
পাচারের	47
পরবর্তীতে	47
পরপরই	47
নেতিবাচক	47
দেশপ্রেমের	47
দাখিল	47
থেমে	47
তিনতলা	47
ঢলের	47
ড্র্রিঞ্জা	47
জ্বলছে	47
জাতিগত	47
ছাত্রী	47
ছত্রভঙ্গ	47
চলাচলের	47
গায়ে	47
গণতন্ত্রের	47
কিডনি	47
কানাডাপ্রবাসী	47
কল্লোল	47
কমিউনিস্ট	47
কমলো	47
কমতে	47
একা	47
আমিরাত	47
আবর্জনার	47
অপরাধীদের	47
অন্ধ	47
৯৬	46
১৬০	46
হস্তক্ষেপ	46
স্বপন	46
স্বত্বাধিকার	46
সুপারিশ	46
সুইজারল্যান্ড	46
সায়েম	46
সম্প্রসারণ	46
সঞ্চয়পত্র	46
সংরক্ষণের	46
শ্রেণিতে	46
শিক্ষার্থীর	46
শর্তাবলি	46
রায়হান	46
যিনি	46
মৃত্যুদণ্ড	46
ভালোবাসার	46
ভালোই	46
ব্যারিস্টার	46
বোর্ডে	46
বৈজ্ঞানিক	46
বিলুপ্ত	46
বিপজ্জনক	46
বাড়তে	46
বাগান	46
বরকল	46
ফেলা	46
ফুটবলের	46
ফয়েজ	46
পুলিশে	46
পাটের	46
পশ্চিমে	46
পররাষ্ট্রমন্ত্রী	46
পরকীয়া	46
নিয়েই	46
নগরের	46
দেখছেন	46
জাতিগোষ্ঠী	46
জম্মু	46
জনদুর্ভোগ	46
চিকিৎসাসেবা	46
গ্যালারির	46
কাপ্তাইয়ে	46
ওয়াহিদা	46
এভাবে	46
এড়িয়ে	46
এখানেই	46
উপস্থাপন	46
উপপরিদর্শক	46
ইন্ডাস্ট্রিজ	46
ইন্টারন্যাশনাল	46
আপাতত	46
অভিযুক্তকে	46
৭৫	45
৪৬	45
২০০৫	45
হালকা	45
হাইকোর্ট	45
স্বার্থে	45
স্ট্যান্ডিং	45
সীতাকুণ্ড	45
সামলাতে	45
সন্ধ্যা	45
সন্দ্বীপ	45
সদরপুর	45
শ্রমিকের	45
শ্রদ্ধা	45
লোহার	45
লাখের	45
রাফসান	45
রাজ্য	45
মিটার	45
মাস্ক	45
ভ্যান	45
ভর্তির	45
ব্যাংককের	45
বাঘিনীকে	45
বন্দুকের	45
ফিলিস্তিনি	45
প্রেমিক	45
প্রেক্ষাপট	45
প্রবীণদের	45
পাবনার	45
পররাষ্ট্র	45
পড়শী	45
নোংরা	45
নিলো	45
ধারাবাহিক	45
তেহরানকে	45
তীরবর্তী	45
তবু	45
ডেটা	45
ডাকাত	45
জেলের	45
জুয়ায়	45
জটিলতা	45
ছয়টি	45
চারজন	45
ক্ষমতাচ্যুত	45
কোর্তোয়া	45
করেও	45
কমবে	45
ওয়ার্ডের	45
এফজেড	45
আমেরিকান	45
আগুনে	45
অর্থবছরের	45
অনলাইনের	45
৪৫তম	44
হাতেনাতে	44
হাউ	44
স্বাক্ষর	44
সাড়া	44
শৈশব	44
শুকনো	44
শিক্ষাগত	44
রাখেন	44
মুখ্য	44
মানিলন্ডারিং	44
ভিটামিন	44
বৃহৎ	44
বৃষ্টিপাতের	44
বীর	44
বিজনেস	44
বাসিন্দারা	44
বাসযোগ্য	44
বাড়িঘর	44
প্রদেশের	44
প্রদীপ	44
প্রত্যাশা	44
প্রতিষ্ঠানটিতে	44
পেশাগত	44
পাহাড়ের	44
পাড়িয়ে	44
নেতৃত্বাধীন	44
ধ্বংসের	44
দৃশ্যে	44
দুর্গন্ধে	44
দফায়	44
দপ্তরের	44
তুলেছেন	44
তথ্যসূত্র	44
ডিজাইন	44
জামায়াত	44
চাটগাঁ	44
ঘোষিত	44
ঘটিয়েছে	44
গলা	44
খেলবে	44
ক্যারিয়ারের	44
কেমন	44
করুণ	44
কমপক্ষে	44
কবিতাকে	44
উপসাগরীয়	44
ইসলামপুর	44
ইউনিয়নে	44
আরবের	44
আরএসএফ	44
আমিরের	44
আগেও	44
অতিথি	44
৩৭০	43
হত্যাকাণ্ডের	43
স্বতন্ত্র	43
সুরাইয়া	43
সংখ্যাগরিষ্ঠতার	43
শুনে	43
শহীদুল	43
যৌথভাবে	43
বাস্তবায়নে	43
ফুঁ	43
ফাইনালের	43
প্রাধান্য	43
পরিষদের	43
নেপাল	43
নলের	43
দেখিনি	43
দুজনকে	43
ডেকে	43
টাইম	43
টমাস	43
জেলেরা	43
জুলাইয়ের	43
জন্যই	43
চিড়িয়াখানায়	43
গৌরনদীতে	43
গল্পের	43
খেলোয়াড়দের	43
খেলেছিলেন	43
কালিয়াকৈর	43
কার্যত	43
করের	43
ইলিশ	43
ইচ্ছা	43
ইউজিসি	43
আফগানিস্তান	43
আনে	43
আনছে	43
অধ্যায়	43
অচল	43
হারাতে	42
স্মরণীয়	42
স্বাস্থ্যকর	42
স্থাপত্য	42
স্টেশনের	42
সোপর্দ	42
সমাজে	42
সন্ত্রাসী	42
সংগ্রামের	42
শুল্ক	42
শাখার	42
লড়াইয়ে	42
রেজাউল	42
মেসিদের	42
মেট্রোরেল	42
মিনিটের	42
মানুষটা	42
মহাসড়কের	42
মহাদেবপুর	42
মন্ত্রীর	42
মঞ্জুর	42
মজুরি	42
ভরাট	42
বুঝে	42
বিষয়গুলো	42
বিনিয়োগের	42
বিচারক	42
বিচরণ	42
বাধার	42
বাটাজোরে	42
ফ্লাইটে	42
প্রসিকিউটর	42
প্রভাবে	42
প্রত্যাখ্যান	42
প্রতিষ্ঠানটির	42
প্রতিনিয়ত	42
পেশাদার	42
পার	42
পানীয়	42
পাননি	42
পাড়ুকোন	42
পরিবেশক	42
পরান	42
নিচু	42
নিখোঁজ	42
নারীকে	42
নলকূপের	42
দোষারোপের	42
দেশবাসীর	42
দেখিয়েছে	42
দুইজনকে	42
তাজা	42
ঢাকাই	42
টেস্ট	42
জিতবে	42
জার্মান	42
জঙ্গলের	42
চাঁদপুরে	42
চরভদ্রাসন	42
গ্রাম্য	42
খেলোয়াড়	42
খেলতে	42
কোলে	42
কুলি	42
কান্না	42
করদাতারা	42
কটূক্তি	42
কখনোই	42
এসি	42
উৎসবমুখর	42
আস্থার	42
আদেশে	42
আজিমপুর	42
অর্জনের	42
অভিনয়ে	42
অবাক	42
অগ্রগতি	42
হোসেনের	41
স্মারক	41
সেদিন	41
সাইদুল	41
সমুদ্রের	41
সংগীত	41
ষষ্ঠ	41
রাখছেন	41
রংপুরের	41
মুদ্রার	41
মালিবাগ	41
মাদারগঞ্জ	41
মত	41
ভোগ	41
ভবনে	41
বোনের	41
বিষয়ের	41
বাস্তবতায়	41
বারে	41
বাগেরহাটের	41
বাংলাবান্ধা	41
বর্ষাকালে	41
বরকত	41
প্রেমিকা	41
প্রশংসা	41
প্রবাসীদের	41
প্রণালিতে	41
পিটিয়ে	41
পর্তুগালের	41
নীরব	41
নাতি	41
নাচের	41
ধর্ষণচেষ্টার	41
দিলেও	41
তিশাকে	41
ছাত্রশক্তির	41
চিকিৎসায়	41
চাহিদা	41
চলেছে	41
গ্রেপ্তারের	41
গুরুত্বের	41
ক্ষেপণাস্ত্রের	41
ক্ষেত্রেও	41
কুদ্দুস	41
কাস্পিয়ান	41
কাপড়ে	41
কাটিয়ে	41
কর্মকর্তাকে	41
কমই	41
এসেছেন	41
একেবারে	41
ইউনিট	41
ইউএনও	41
আসন্ন	41
আধা	41
অলিগলি	41
অনেকটাই	41
অতিষ্ঠ	41
হাজী	40
স্থাপনের	40
সিরিজ	40
সালমান	40
সাক্ষাৎকারে	40
সাংপো	40
সরিষাবাড়ী	40
সরিষা	40
সম্প্রদায়ের	40
সমুদ্রে	40
সমাধানে	40
সক্ষমতার	40
শেখানো	40
শেওড়াপাড়া	40
শাখা	40
লিপন	40
রিট	40
রাশিয়া	40
রাজ	40
রহস্যময়	40
মোড়	40
মেলান্দহ	40
মাটি	40
মদ	40
বীমা	40
বিবেচিত	40
বিপর্যয়	40
বাশার	40
বান্দরবানে	40
বস্তাবন্দী	40
বর্ডার	40
বন্যাদুর্গত	40
বংশোদ্ভূত	40
ফিড	40
প্রাণীর	40
পিঠালি	40
পারস্পরিক	40
পায়ের	40
পাবনায়	40
পরিবর্তিত	40
পরম	40
পরই	40
নির্জনা	40
নিচ্ছেন	40
নকশি	40
নকআউট	40
ধারায়	40
দেওয়ানগঞ্জ	40
দুজন	40
দায়িত্বপ্রাপ্ত	40
দশকের	40
দলটির	40
তিব্বতের	40
টুখেল	40
জেইডেন	40
জলাভূমির	40
ছাত্রদলের	40
চিকিৎসাকর্মীদের	40
গোষ্ঠী	40
গানের	40
খোঁজখবর	40
খিচুড়ি	40
ক্লিক	40
কাঁথা	40
এনসিপির	40
এখনই	40
ইয়ারলুং	40
আরফানা	40
আমাদেরই	40
আখ	40
আকাশে	40
অ্যাডামস	40
অডিট	40
অজ্ঞাত	40
৮২	39
৭৫০	39
২৫০	39
০২০৮৫	39
স্বাস্থ্যের	39
স্বজনরা	39
সোসাইটি	39
সেমিফাইনাল	39
সেন্টকম	39
সিদ্ধান্তের	39
সত্যতা	39
সংখ্যাগরিষ্ঠ	39
সংক্ষিপ্ত	39
শুটিং	39
শিশুসহ	39
শিক্ষাপ্রতিষ্ঠান	39
শাসিত	39
লালবাগে	39
রোগটি	39
রেলস্টেশনে	39
রাব্বি	39
রাজনীতিবিদ	39
রাখছে	39
মৌমিতা	39
মোজতবা	39
মাসিক	39
মায়েদের	39
মাঠের	39
মল্লিক	39
ভূমি	39
ভাইয়ের	39
ব্রিজ	39
ব্যালেস্টিক	39
ব্যাবসা	39
বেহাল	39
বিষয়বস্তু	39
বিলম্ব	39
বাড়লে	39
বহর	39
বর্ষ	39
বছরেই	39
বইয়ের	39
প্রবৃদ্ধি	39
প্রতিষ্ঠার	39
প্রণোদনা	39
প্রকৌশলী	39
পাকিস্তানের	39
নেতৃবৃন্দ	39
নিশি	39
নিচ	39
নামলেও	39
দুঃখ	39
তারপরও	39
তাকিয়ে	39
তরুণদের	39
তথাকথিত	39
ডিজিএফআইয়ের	39
টঙ্গীর	39
জানেন	39
জাতিসংঘ	39
জমিদার	39
চাকা	39
গ্রেনেডের	39
গাইবান্ধায়	39
গড়ার	39
কুখ্যাত	39
কালের	39
কানে	39
কাজটি	39
করোনা	39
কনটেন্ট	39
ওরা	39
ওমরাহ	39
ওজন	39
একবার	39
উনি	39
উদযাপনের	39
ইউনিভার্সিটির	39
আলি	39
আতুকেই	39
অস্থিতিশীল	39
অভিযুক্তরা	39
অবহিত	39
অধ্যায়ে	39
৮টা	38
স্তরে	38
স্টাফ	38
সুদ	38
সিনেমার	38
সংবাদদাতা	38
শুটিংয়ের	38
শান্তিতে	38
শতাধিক	38
লাইন	38
রীতিমতো	38
রিজভী	38
রাস্তার	38
রাস্তাঘাট	38
মিস	38
মাদকাসক্ত	38
মাঝারি	38
মহামারির	38
মহড়ার	38
ভূরাজনীতিতে	38
ভূমধ্যসাগরীয়	38
বৈদ্যুতিক	38
বেলজিয়ামের	38
বিনিময়ে	38
বিতর্কিত	38
ফ্যালকন	38
প্রাথমিকের	38
প্রবাহিত	38
পেরে	38
পুলিশি	38
পাসে	38
পরিচালনায়	38
নেতানিয়াহু	38
নেতাকর্মীরা	38
দেননি	38
দে	38
দুর্ভোগের	38
দিবাগত	38
দায়িত্বশীল	38
দখল	38
ডায়াগনস্টিক	38
ট্রাভেল	38
ট্রাক	38
ঝুঁকির	38
ঝগড়ার	38
জাজিরা	38
জহুরুল	38
জনজীবনের	38
ছাপ	38
ছক	38
চালান	38
চাইলেন	38
ঘোষণায়	38
গুণগত	38
খেয়া	38
খাবেন	38
ক্ষয়ক্ষতির	38
কোর্স	38
কর্মরত	38
করেননি	38
একাধিকবার	38
উত্তরা	38
ইব্রাহিম	38
আবাসন	38
অ্যাসোসিয়েশনের	38
অভিবাসন	38
অবাধ	38
অধিদপ্তরে	38
৬৫	37
৫৫	37
২০১৪	37
১৮০	37
১২টার	37
হ্রদে	37
হারানোর	37
স্বপ্নের	37
স্থাপনার	37
সেকেন্ড	37
সুস্পষ্ট	37
সীমা	37
সাঁওতাল	37
সম্পদের	37
সন্তানদের	37
সংবাদে	37
শ্রী	37
লার্নিং	37
রেশম	37
রেজাল্ট	37
রুনি	37
রফিক	37
যৌক্তিক	37
যাত্রায়	37
যশোরে	37
মোশতাক	37
মোবাইলের	37
মান্নান	37
ভূমিকম্পে	37
ভিসায়	37
বৈধতা	37
বৃহত্তর	37
বিপন্ন	37
বয়সসীমা	37
বক্তারা	37
ফুটে	37
প্রধানের	37
প্রণালির	37
প্রণালিকে	37
প্রণয়ন	37
পারলে	37
পাঠ্যবই	37
পাঠকেরা	37
পাইপস	37
পল	37
পর্যটকদের	37
পরিচ্ছেদ	37
পড়েছিল	37
ন্যাশনাল	37
নৈতিক	37
নেইমার	37
নাগরিকদের	37
নং	37
ধাপের	37
দেশীয়	37
দেবাশীষ	37
দায়ী	37
ত্যাগ	37
তৈরিতে	37
টোটকা	37
টেলিটক	37
ঝুলন্ত	37
জোড়া	37
জেলেদের	37
জীবিকা	37
জন্যও	37
ঘাটতির	37
গুলি	37
গণহত্যার	37
গণপ্রজাতন্ত্রী	37
খোরশেদ	37
খেলে	37
ক্যামেরার	37
ক্যান্সারে	37
কেনা	37
কিউবায়	37
কলা	37
করতোয়া	37
ওয়াসার	37
এমনভাবে	37
উৎসবের	37
উদ্দীন	37
আমলে	37
অসাধারণ	37
অর্থনৈতিকভাবে	37
অভ্যুত্থানের	37
অফিসগামী	37
অপরাধী	37
অনার্স	37
অদৃশ্য	37
অংশীদারত্বের	37
৯৯	36
৮১	36
৫৯	36
২০১৯	36
হাসতে	36
হলুদ	36
সৌরচালিত	36
সুষ্ঠু	36
সুরক্ষার	36
সাপেক্ষে	36
সহ্য	36
সহযোগিতার	36
সমুদ্রপৃষ্ঠের	36
সমর্থক	36
সমমানের	36
শিরোনামে	36
শতাব্দীর	36
শতাংশের	36
লোডশেডিংয়ের	36
রাজ্যে	36
রাখলো	36
যোগ্য	36
যাক	36
মোংলা	36
মালিকদের	36
মাত্রায়	36
ভিউ	36
ভগ্নিপতি	36
ব্যাপার	36
ব্যয়ের	36
বুড়িমারী	36
বিস্তার	36
বিধিমালা	36
বাঙালি	36
বটে	36
ফিরবে	36
প্রাণহানি	36
প্রতিষ্ঠাতা	36
পালিয়ে	36
পর্যটনসমৃদ্ধ	36
নির্যাতনের	36
নিরীক্ষা	36
নিয়েছিলেন	36
নাছিমার	36
নাইছ	36
নবজাতকের	36
ধাপ	36
ধাক্কায়	36
দেশব্যাপী	36
দেওয়ায়	36
দিল্লি	36
দাম্পত্য	36
দলই	36
থেকেও	36
তৎপরতার	36
তেলবাজারের	36
তুলেছে	36
ট্রাম্পকে	36
ট্রাফিক	36
টাইলসের	36
জোট	36
জামিন	36
চেক	36
চাপের	36
ঘুমের	36
ঘানার	36
গোষ্ঠীগুলো	36
গেট	36
গণি	36
খেলাপি	36
কৃষকদের	36
কিয়ারা	36
কিম	36
কাদা	36
কাজীপাড়া	36
কলহের	36
এক্সপার্ট	36
উন্নীত	36
উদ্যোগকে	36
ইনস্টিটিউশন	36
আসামির	36
আরিফুর	36
আদায়ের	36
আদভানি	36
আজকে	36
আচরণের	36
আইনপ্রণেতাকে	36
আই	36
অস্থিরতা	36
অষ্টম	36
অপরাধের	36
১২টা	35
হেফাজত	35
হাফিজুর	35
হানিফ	35
হলিউডের	35
স্বাস্থ্যমন্ত্রীর	35
স্বজন	35
স্টেশনে	35
সেমির	35
সার্কুলার	35
সাঘাটা	35
সরকারপ্রধান	35
সমাধানের	35
সময়ই	35
সমন্বয়ের	35
সঞ্চয়পত্রের	35
সকলের	35
শুরুতেই	35
শট	35
লাইনে	35
লঙ্ঘন	35
রোনালদোর	35
রোগীর	35
রাজকীয়	35
রা	35
যোগাযোগমাধ্যম	35
মেলে	35
মুনাফার	35
মুদ্রণ	35
মানববন্ধন	35
মরিচের	35
ভৈরব	35
ভুলে	35
ভাতা	35
ভরি	35
ব্যায়াম	35
বোঝার	35
বৈঠকের	35
বেটিংয়ের	35
বুদ্ধিমত্তা	35
বিপদে	35
বিদ্যুৎস্পৃষ্টে	35
বাড়বে	35
প্রাণঘাতী	35
প্রযুক্তির	35
প্রতিরোধে	35
পালনের	35
পরিসরে	35
পদক্ষেপের	35
পটুয়াখালীতে	35
নিয়ন্ত্রিত	35
নিট	35
নামতে	35
নাটকে	35
দেখেছি	35
দীপু	35
দিলো	35
দাদা	35
তামিলনাড়ুর	35
তাড়িয়ে	35
ঢেকে	35
ড্রোনবহর	35
ট্র্যাপ	35
জাতিগোষ্ঠীর	35
জনস্বাস্থ্যের	35
জখম	35
ছাড়িয়ে	35
ছবিটি	35
ঘোষণার	35
গণঅভ্যুত্থানের	35
খাওয়ার	35
খবরগুলো	35
ক্রাইম	35
ক্রমবর্ধমান	35
কোনোভাবেই	35
কাগজপত্র	35
কবলে	35
কন্ট্রোল	35
ওঠেনি	35
এলবে	35
উল্লেখ্য	35
ইউরোপে	35
আব্বাস	35
আবহাওয়াবিদ	35
অশান্তি	35
৫৭৫	34
৩টি	34
০২২৯২	34
০২২৯১	34
হিসেবেও	34
হিমালয়	34
হাড়িভাঙ্গা	34
সেটেলাররা	34
সূর্য	34
সিম	34
সিদ্ধান্তে	34
সার্জন	34
সাময়িকভাবে	34
সাবিনা	34
সহসভাপতি	34
সরকারব্যবস্থার	34
সচেতনতা	34
শ্রীপুরের	34
শাস্তি	34
শাসনব্যবস্থা	34
লাগাতে	34
রাসুল	34
রাজনৈতিকভাবে	34
রপ্তানিতে	34
মোস্তাফিজুর	34
মেক্সিকোর	34
মুসলমান	34
মিত্র	34
মারাত্মক	34
মাংস	34
ভরিতে	34
ব্যারেজ	34
বেলিংহামদের	34
বেয়ে	34
বেড	34
বিশ্বখ্যাত	34
বন্যাপ্রবণ	34
বন্দরে	34
বঙ্গোপসাগর	34
ফিরতে	34
প্রশ্নে	34
প্রতিযোগিতামূলক	34
পিতা	34
পাখি	34
পর্যটনকে	34
পরীক্ষাকেন্দ্রে	34
নীতির	34
নিষিদ্ধের	34
নিলে	34
নিদর্শন	34
নিচ্ছি	34
নদীবিধৌত	34
নজরদারি	34
দেয়নি	34
দূরের	34
দিচ্ছিলেন	34
দরে	34
তাপমাত্রা	34
তাজহাট	34
ট্রাইব্যুনাল	34
জামে	34
জমেছে	34
চক্রবর্তী	34
গ্রাফিকস	34
গাঁজা	34
গণপরিবহন	34
গড়তে	34
খালপাড়ে	34
ক্ষেপণাস্ত্রটি	34
কার	34
কান্তজিউ	34
করণীয়	34
ওয়েবসাইটে	34
এভার	34
একপর্যায়ে	34
এককালীন	34
উৎসবে	34
উপস্থিতিতে	34
উপর	34
ইল্যান্ড	34
ইনজামামুল	34
আর্জেন্টিনাকে	34
আমদানির	34
অর্জিত	34
অভিযানের	34
অবকাঠামোগত	34
অপরাধে	34
অনেকটা	34
অধিক	34
১৯৯৮	33
১২০	33
১১০	33
০৪	33
হাসি	33
হারিয়েও	33
হারানো	33
স্লুইস	33
সৃষ্টির	33
সূচক	33
সহজে	33
সন্নিবেশিত	33
সংস্কৃতিসহ	33
সংগ্রাম	33
শিল্পনগরী	33
শাপলা	33
লুইস	33
লায়লা	33
রোমেরো	33
যাঁরা	33
মোশারফ	33
মেথিকান্দা	33
মালদ্বীপের	33
মফিজুর	33
ভাঙেনি	33
ব্ল্যাকহোলের	33
ব্যথা	33
বৃদ্ধির	33
বিষয়টিকে	33
বিশ্লেষকদের	33
বিশ্বব্যাপী	33
বিশিষ্ট	33
বার্লিন	33
বানালো	33
বাজারদর	33
বন্দী	33
ফেডারেল	33
ফুটবলারদের	33
ফরহাদ	33
প্রাথমিকভাবে	33
প্রচার	33
পেলে	33
পূর্বাচল	33
পুনর্গঠনের	33
পশু	33
পরিশ্রম	33
নিষ্পাপ	33
নিযুক্ত	33
নিয়েছি	33
নিক্ষেপ	33
নাসির	33
নামবে	33
নাচ	33
দেখছে	33
দূরপাল্লার	33
দুর্ঘটনার	33
দুপুরের	33
দলিল	33
দরিদ্র	33
দমন	33
থানির	33
ড্রেনের	33
টিকাবিরোধী	33
টিকাদানের	33
ঝগড়াঝাঁটি	33
জাহাজে	33
জানে	33
চেনেন	33
চালানোর	33
চারদিকে	33
চলছিল	33
চলচ্চিত্রের	33
গ্রাহাম	33
গোষ্ঠীর	33
ক্যান্সার	33
কালীগঞ্জ	33
কাব্য	33
কাটছিল	33
কসম	33
করাই	33
কমিশনের	33
ওয়ান	33
ওকে	33
এপিইউবি	33
একদল	33
উদ্বোধনী	33
উত্তম	33
আশরাফুল	33
আয়োজনের	33
আবারো	33
আবরার	33
আনাস	33
অমিত	33
অভ্যাস	33
অবিলম্বে	33
অবসান	33
অনুচ্ছেদের	33
অতীতের	33
৭৬	32
৪৭	32
১৬৭	32
০৫	32
হামাদের	32
হাই	32
স্যার	32
স্প্যানিশশৈলীর	32
স্পষ্টভাবে	32
স্টেট	32
স্টাকো	32
সুদানে	32
সিরিজে	32
সিঙ্গাপুর	32
সাজেক	32
সমানভাবে	32
সত্যজিৎ	32
সংঘাতের	32
শুনানির	32
শিক্ষকদের	32
শর্তে	32
শব্দের	32
লুঙ্গি	32
রেল	32
রেফারিকে	32
রেজিস্ট্যান্স	32
রাষ্ট্রপতির	32
রাশিয়ান	32
রফিকুল	32
মোস্তাফিজার	32
মীর	32
মাহশাহর	32
মাসায়েল	32
মালাকার	32
মাতৃত্ব	32
বৃদ্ধ	32
বিশ্লেষক	32
বিশ্ববাজারে	32
বিবরণ	32
বাদীর	32
বাদী	32
বাঁচাতে	32
বনানী	32
বক্স	32
ফুটপাতে	32
ফিরেছে	32
প্রেমিকার	32
প্রজন্ম	32
পৌরবাসী	32
পোয়েমস	32
পূর্ণবয়স্ক	32
পাঠ্যক্রমে	32
পাই	32
পর্যটক	32
পরিশোধে	32
পণ্যের	32
নিহতের	32
নিয়ন্ত্রক	32
ধুনটে	32
ধারাবাহিকতায়	32
দোকানে	32
দেরি	32
দুর্বলতা	32
দিনব্যাপী	32
দরপত্র	32
তিমিরা	32
তারপর	32
তারকাদের	32
ট্রলারের	32
টেনে	32
টিনের	32
ঝিনাইদহে	32
জিদানের	32
জি	32
জাল	32
জাতির	32
জসীম	32
চালায়	32
গুলিতে	32
গিয়াস	32
গাজা	32
গবেষকদের	32
খুজেস্তান	32
খলিলুর	32
কোষ্ঠকাঠিন্যের	32
কাটে	32
কর্মীরা	32
এসময়	32
এলেও	32
এলিফ্যান্ট	32
উঠেছিল	32
ইসি	32
ইব্রাহীম	32
ইন্টেরিয়র	32
ইংল্যান্ডকে	32
আনিসুর	32
আড্ডা	32
অর্থনীতিবিদ	32
অভাবে	32
অপূর্ব	32
অনুষ্ঠানের	32
৭৩৭	31
৪৬তম	31
২০২৭	31
হৃদয়	31
হিউম্যান	31
হালান্ডের	31
হকের	31
স্রোত	31
সোভিয়েত	31
সূচকে	31
সুপারিশপ্রাপ্ত	31
সিনার	31
সিএমপি	31
সারজিস	31
সম্প্রসারণের	31
সদস্যসচিব	31
সংসদীয়	31
সংঘবদ্ধ	31
সংকেত	31
শিল্পীর	31
শিব্বির	31
রোডের	31
রুম	31
মৌখিক	31
মোরশেদ	31
মেগা	31
মিলেছে	31
মার্চেন্ট	31
মার্কেট	31
মারুফ	31
মদের	31
ভুয়া	31
ভিক্টোরিয়া	31
ভাঙল	31
ভরপুর	31
ব্লগার	31
ব্যতীত	31
বুনো	31
বিদ্যুৎস্পৃষ্ট	31
বিচারিক	31
বাদে	31
বাঁশের	31
বহুমাত্রিক	31
বসার	31
বসছে	31
বর্ণবাদী	31
বয়ে	31
বকুল	31
ফেলেছে	31
ফেলার	31
ফুটপাত	31
ফিলিস্তিন	31
ফখরুল	31
প্রার্থীর	31
প্রয়াত	31
প্রথমার্ধে	31
প্রত্যাহারের	31
পুনরাবৃত্তি	31
পিলখানা	31
পিএসসি	31
পাহাড়ধসে	31
পাথর	31
পরদিন	31
পতাকা	31
পড়াশোনার	31
ন্যায়সংগত	31
ধনসম্পদ	31
দিলীপ	31
তোলেন	31
তানভীর	31
তনু	31
ডিসেম্বরে	31
ঝরনা	31
জানালো	31
ছুটিসহ	31
ছাপাখানা	31
চ্যাম্পিয়নশিপ	31
চিড়িয়াখানার	31
গভীরভাবে	31
খাতুন	31
কোঠায়	31
কৃতজ্ঞতা	31
কিছুই	31
কলাপাড়া	31
কয়েকদিন	31
ওয়েব	31
ওপরও	31
এদিন	31
উচ্চশিক্ষায়	31
ইমন	31
ইতোমধ্যে	31
আবেদীন	31
আড়াই	31
অবিরাম	31
অপচয়	31
অনুশীলন	31
অনিবার্য	31
২০০৯	30
২০০১	30
০২০৮৭	30
হ্যান্ড	30
হালাল	30
হারে	30
হাট	30
হাঁটুপানি	30
স্মার্টফোন	30
স্কেল	30
সেবন	30
সি৯১৯	30
সিলেটে	30
সাজেদুল	30
সম্ভবত	30
সন্ধিক্ষণে	30
শীর্ষক	30
শিল্পকারখানা	30
শিপিং	30
শাহিন	30
শরিফ	30
শক্তিগুলোর	30
লেবুর	30
লংগদু	30
মোটরসাইকেল	30
মুখের	30
মুক্তির	30
মাহিয়া	30
মহেশপুরে	30
মহাখালী	30
ভোরে	30
ভাঙা	30
ভাগ্যশ্রী	30
ভরা	30
বৈচিত্র্যময়	30
বেরিয়ে	30
বার্টন	30
বায়ুর	30
বাটাজোড়	30
বাই	30
বলুন	30
বন্যার্তদের	30
ফেলেছিল	30
ফাউন্ডেশন	30
প্লট	30
প্রিমিয়াম	30
প্রার্থীদের	30
প্রভাবিত	30
প্রজন্মকে	30
প্রচণ্ড	30
প্রক্রিয়ায়	30
পেটে	30
পুনরুদ্ধার	30
পর্যায়ক্রমে	30
পরিবেশে	30
পরিদর্শক	30
পড়বে	30
নেয়ামত	30
নেড়ে	30
নিবন্ধিত	30
নিঃস্ব	30
নামছে	30
নরওয়ে	30
ধার্য	30
দ্রুতই	30
দুর্যোগপূর্ণ	30
দিনার	30
দাপট	30
দপ্তর	30
ডিএসএম	30
ঠেকাতে	30
ট্রেডার্স	30
জোরালো	30
জটিলতায়	30
চিন্তা	30
চিঠিতে	30
গুলশানে	30
খুতবা	30
খাঁকে	30
ক্লান্তি	30
কোম্পানিটি	30
কাপাসিয়া	30
করদাতাদের	30
কমান্ড	30
কমল	30
কবে	30
এফবিসিসিআইয়ের	30
উপদেষ্টাদের	30
ইভান	30
আশার	30
আশপাশে	30
আর্জেন্টাইনরা	30
আরোপিত	30
আবেদনময়ী	30
আধিপত্য	30
আতাউর	30
আকাঙ্ক্ষার	30
আকর্ষণ	30
অ্যান্টিভেনম	30
অ্যাডভোকেট	30
অশ্বিনী	30
অর্থে	30
অবশিষ্ট	30
অনুভব	30
৮০০	29
৫টি	29
হোমনা	29
স্বার্থ	29
স্তূপ	29
সেনানিবাস	29
সেখানেই	29
সীমান্তে	29
সার্বক্ষণিক	29
সাক্ষ্যপ্রমাণ	29
সমগ্র	29
সদ্য	29
শূন্যের	29
শুভলং	29
শারমিন	29
রোল	29
রেভল্যুশনারি	29
রাজধানীসহ	29
যুক্তরাজ্য	29
যাতায়াত	29
যশোরের	29
মোর্শেদ	29
মুহূর্ত	29
মুরাদনগর	29
মিস্টার	29
মাহমুদের	29
মারণাস্ত্র	29
মানা	29
মানবসম্পদ	29
মাঠেই	29
ময়নামতি	29
মনোহরগঞ্জ	29
মতিঝিল	29
মজুত	29
ভ্যালি	29
ভোগান্তির	29
ভুলতে	29
ভিসার	29
ভঙ্গুর	29
ব্রাহ্মণপাড়া	29
ব্যাংকারের	29
বৈষম্যবিরোধী	29
বেঁধে	29
বুড়িচং	29
বিসিএসের	29
বিমার	29
বিউটি	29
বাসস	29
বানানো	29
বাজুস	29
বরুড়া	29
বদিউল	29
ফান্ড	29
প্রোগ্রাম	29
প্রীতি	29
প্রশান্তি	29
প্রত্নতাত্ত্বিক	29
প্রতিযোগিতার	29
প্রতারণার	29
প্রণয়নের	29
পেনাল্টির	29
পূর্ববর্তী	29
পিরোজপুরের	29
পাড়ে	29
পর্যটনকেন্দ্রের	29
পরিবেশবান্ধব	29
পরিকল্পিত	29
ন্যায়বিচার	29
ন্যাটো	29
নৌযান	29
নৈসর্গিক	29
নেয়নি	29
নিঃসন্দেহে	29
নাঙ্গলকোট	29
ধারাবাহিকভাবে	29
দেবিদ্বার	29
দেখায়	29
দুনিয়ায়	29
তলিয়েছে	29
ডিস্যাবিলিটি	29
টেকনাফ	29
টেইলর	29
জ্যোতি	29
জোরে	29
জেলাটি	29
জুরাছড়ি	29
জুড়ে	29
জাইদির	29
জর্ডানের	29
জয়ে	29
জয়ী	29
ছিলাম	29
চ্যালেঞ্জিং	29
চোখের	29
চুপ	29
চারপাশে	29
চান্দিনা	29
চাইছে	29
ঘোরাঘুরি	29
ঘুরতে	29
গৌরী	29
খাদি	29
খবরে	29
ক্ষমতাসম্পন্ন	29
ক্যাডার	29
কোমেলা	29
কোটবাড়ি	29
কুয়েতে	29
কিনে	29
কান	29
কাতারে	29
করলো	29
কমিশনার	29
কথাও	29
এপ্রিলে	29
এটিই	29
উল্লেখযোগ্যভাবে	29
উপচে	29
উপগোষ্ঠীগুলো	29
উড়োজাহাজের	29
ইন্টেরিয়রগুলো	29
ইনক্লুসিভ	29
আলহাজ্ব	29
আলংকারিক	29
আভিজাত্য়ের	29
আফসোস	29
আত্মসাৎ	29
আড়ালে	29
আড়তে	29
আঘাতের	29
আওতাধীন	29
অস্বাস্থ্যকর	29
অস্ত্রোপচারের	29
অর্ধবার্ষিক	29
অবসরপ্রাপ্ত	29
অতিবৃষ্টির	29
অংশের	29
৭৪	28
৪৯	28
৩৬	28
হিজবুল্লাহ	28
হানিমুনে	28
হয়েও	28
স্বরূপকাঠি	28
স্পর্শ	28
সেটিকে	28
সেক্রেটারি	28
সালেহ	28
সান্নিধ্য	28
সাধন	28
সাদেক	28
সাইট	28
সহকর্মী	28
সম্মিলিত	28
সমাবেশ	28
সন্ধান	28
সড়কপথে	28
সংস্থাগুলোর	28
শিশুতোষ	28
শিক্ষাবর্ষের	28
শিকড়	28
শাহজালাল	28
শস্য	28
শতকে	28
লোকেশন	28
লাগানো	28
লাইনসে	28
রূপান্তর	28
রুপি	28
রহিম	28
রক্ষাকারী	28
যুবদলের	28
যতটা	28
ম্যাকডোনাল্ড	28
মোতায়েন	28
মেশিন	28
মেরামতের	28
মূল্যস্ফীতি	28
মুখোশধারী	28
মিমি	28
মালয়েশিয়ার	28
মারধরে	28
মহাসড়ক	28
ভাবতে	28
ব্যবস্থাপনায়	28
বিতরণের	28
বিজিএমইএ	28
বিচ্ছেদ	28
বিক্রির	28
বিএসইসি	28
বাস্তবায়িত	28
বাঘিনীর	28
বলল	28
বলব	28
ফেব্রুয়ারিতে	28
ফুলছড়ি	28
ফলন	28
প্রশ্নটি	28
প্রত্নসম্পদ	28
প্রণালী	28
প্রজাতন্ত্রের	28
প্রচুর	28
পৌঁছাল	28
পুনর্গঠনে	28
পারিনি	28
পাম্পিং	28
পাঠ	28
পরিসংখ্যান	28
নিরাপত্তাকে	28
নাগরিকের	28
নব্বই	28
নদীভাঙন	28
নদীতীরবর্তী	28
নদীগর্ভে	28
দোষ	28
দেখলেও	28
থুইসাপাড়া	28
তৌফিক	28
তেহরানের	28
তুরস্কের	28
ট্রিবিউনকে	28
টিভি	28
জুমায়	28
জাতীয়তাবাদ	28
জন্মগ্রহণ	28
জনপ্রিয়তা	28
ছুরিকাঘাতে	28
চিকে	28
চিকিৎসাসামগ্রী	28
চমৎকার	28
ঘটনাটি	28
গ্রেডে	28
গৌরীপুর	28
গৃহবধূর	28
গুলশানের	28
গম্বুজাকৃতির	28
গবেষণার	28
গণতন্ত্র	28
খ্যাত	28
খেলায়	28
কোর্টের	28
কাতাইব	28
কাঁটা	28
কমপ্লেক্সে	28
কফি	28
এহসান	28
এফবিসিসিআই	28
এক্সাম	28
ঋণাত্মক	28
উত্তরের	28
উঠল	28
উচ্ছ্বসিত	28
ইসলামে	28
ইমতিয়াজ	28
ইউনিভার্সিটি	28
আসিয়ানের	28
আল্ট্রাসাউন্ড	28
আলু	28
আর্তি	28
আরিফুল	28
আমজাদ	28
আনুমানিক	28
আদার	28
আদায়ে	28
আটোয়ারী	28
আইডিতে	28
আঁশ	28
অবস্থানে	28
অন্তর্বাসের	28
অনুভূতি	28
অজুহাতে	28
অচেনা	28
হোয়াইট	27
হেনেছে	27
হিসেবেই	27
হাতির	27
হয়রানি	27
স্বল্প	27
স্নাতকে	27
স্টেডিয়ামে	27
সুন্দরগঞ্জ	27
সুনামগঞ্জের	27
সাহিত্যের	27
সালথা	27
সামগ্রিক	27
সাপ	27
সাদুল্লাপুর	27
সহনীয়	27
সময়ও	27
সফলভাবে	27
সংক্রামক	27
শ্রেষ্ঠ	27
শোনা	27
ল্যাব	27
লিয়াকত	27
রোধে	27
রুমানা	27
রুদ্ধ	27
রাষ্ট্রদূত	27
রাইটস	27
রক্তের	27
যুগ	27
যানবাহনের	27
যতটুকু	27
মোহম্মদ	27
মোদি	27
মেডিকো	27
মুহসিন	27
মুক্তার	27
মু	27
মিলছে	27
মির্জা	27
মিডিয়ার	27
মাহবুবুর	27
মাঠপর্যায়ে	27
মহাসচিব	27
মধুখালী	27
ভুইয়া	27
ভাবছে	27
ভাত	27
ব্যাপকভাবে	27
বোয়ালমারী	27
বেবিচক	27
বৃষ্টিপাতে	27
বিলাসবহুল	27
বিপণনকর্মীরা	27
বাটজোর	27
বলেই	27
বলছিলেন	27
বরখাস্ত	27
বয়ান	27
ববি	27
বন্দরের	27
ফুটবলাররা	27
ফরিদপুরের	27
প্লাস্টিক	27
প্রাপ্ত	27
প্রতিবন্ধকতা	27
পৌঁছানোর	27
পেয়েছিল	27
পুনর্গঠন	27
পরাশক্তির	27
পরশপাথর	27
পতনের	27
নোমান	27
নেমেছিলেন	27
নৃত্য	27
নির্ধারণে	27
নিরপেক্ষ	27
নিয়ন	27
নামলে	27
নদীঘেরা	27
নগরকান্দা	27
দৌলা	27
দৃষ্টিকোণ	27
দৃশ্যমান	27
দিলদারের	27
দালাল	27
দামে	27
থাইল্যান্ডের	27
ত্রিমোহনী	27
তুষার	27
ডিজইনফরমেশন	27
জেমস	27
জামানের	27
জামাত	27
জলবায়ুপ্রবণ	27
জন্মান্ধ	27
ছন্দ	27
চেয়েছেন	27
ঘাঘট	27
গোবিন্দগঞ্জ	27
গার্সিয়া	27
গবেষণাগারে	27
গফুর	27
গণভোটের	27
খেলছেন	27
খালেদ	27
খামারিদের	27
খসড়া	27
কুয়েতের	27
কিনা	27
ওদের	27
এড়ানোর	27
এক্সপ্লেইনার	27
উৎসাহ	27
ইসরাত	27
ইনচার্জ	27
ইংলিশরা	27
ইংরেজিতে	27
আলীমুজ্জামান	27
আলফাডাঙ্গা	27
আরমান	27
আরজ	27
আয়েশার	27
আবহাওয়ায়	27
আগলে	27
অভিনয়শিল্পী	27
অন্যদের	27
অনুষ্ঠানটি	27
অনুমোদিত	27
অনুপস্থিত	27
অজয়	27
অক্ষুণ্ন	27
৪৫০	26
২০২৮	26
২টি	26
১২০১৮৩	26
০৭০৩৬	26
০৭০৩১	26
০৭০২৩	26
০২২৮৯	26
হাসপাতালটির	26
হায়দার	26
হাঁটুসমান	26
স্মৃতির	26
স্বীকৃত	26
স্বাস্থ্যঝুঁকি	26
স্থিতিশীলতা	26
স্থাপনায়	26
স্টোরি	26
স্কালোনি	26
সুপ্রিয়	26
সীমার	26
সালভাদরের	26
সাফল্যের	26
সমাবেশে	26
সঞ্চয়	26
সংস্কারের	26
শরীফুল	26
লিন্ডসে	26
রূপান্তরের	26
রিপন	26
রাজকন্যা	26
যোগ্যতার	26
যুবককে	26
যুদ্ধজাহাজ	26
যুক্তরাজ্যের	26
যত্নে	26
মোমিন	26
মোটর	26
মৈত্রী	26
মেহরীনের	26
মেরামত	26
মেয়াদি	26
মেধাবৃত্তি	26
মূল্যবোধ	26
মীর্জা	26
মিরপুরে	26
মাসেই	26
মারিয়া	26
মানিলন্ডারিংয়ের	26
মাদরাসা	26
মাঝেমধ্যে	26
মহেশখালী	26
মহাসাগরীয়	26
মহামারি	26
ভেনেজুয়েলায়	26
ভূগর্ভস্থ	26
ভুক্তভোগী	26
ভবিষ্যতেও	26
ব্র্যান্ড	26
ব্যবসার	26
বেবিচকের	26
বৃষ্টিতেই	26
বিশ্বমঞ্চে	26
বিশ্বকাপজয়ী	26
বিরতি	26
বিধ্বংসী	26
বান্দরবানের	26
বাঘারপাড়া	26
বলবেন	26
ফ্যাক্ট	26
ফার্স্ট	26
প্রাণিবিদ্যা	26
প্রবীণ	26
প্রধানকে	26
প্রদানকারী	26
প্রতিপক্ষ	26
প্রজনন	26
পাহাড়ধসের	26
পার্থক্য	26
পাথওয়ে	26
পর্যবেক্ষণে	26
পরিবেশগত	26
পরিবারগুলোর	26
নৃগোষ্ঠী	26
নিষ্কাশন	26
নাটোরে	26
দায়িত্বে	26
দান	26
তিনিই	26
তফসিলে	26
তখনো	26
ডোরাকাটা	26
ট্রল	26
জাবের	26
জলসীমায়	26
জবাইয়ের	26
চালুর	26
চকরিয়া	26
গ্র্যান্ড	26
গ্রাফিতি	26
গণমাধ্যমের	26
ক্লাবে	26
কুয়াকাটায়	26
কাশ্মীর	26
কারখানার	26
কাঙ্ক্ষিত	26
কল	26
কর্তব্যরত	26
কতটুকু	26
ওমান	26
ওঠার	26
এসেছি	26
এফইবিডি	26
এনবিআরের	26
এনআইডি	26
এদের	26
এগোতে	26
উপভোগ	26
উপকারিতা	26
উদ্ভিদের	26
উত্ত্যক্ত	26
আষাঢ়ের	26
আফরিন	26
আদনান	26
আকমল	26
অভিশপ্ত	26
অবিশ্বাস্য	26
অবহেলার	26
অবমুক্তি	26
অন্ধকারে	26
অনলাইনভিত্তিক	26
অগ্রাধিকারের	26
অংশীদারত্ব	26
৮৫	25
৬০৪১৫	25
২০০৮	25
১৫০	25
০৭০৩৫	25
০৩০৭২	25
০২৩০৯	25
০২২১৫	25
০২০৫৯	25
হাঁটতে	25
হবিগঞ্জ	25
হংকং	25
স্বাধীনভাবে	25
স্বাতন্ত্র্য	25
সৌভাগ্যের	25
সোনালী	25
সেগুলোর	25
সিভি	25
সামঞ্জস্যপূর্ণ	25
সাতটি	25
সাইটিসের	25
সর্বাগ্রে	25
সরেজমিনে	25
সমন	25
সফলতার	25
সংঘর্ষে	25
শরিক	25
শজারু	25
লালবাগ	25
লাভজনক	25
লাইন্ড	25
লাইনের	25
লঙ্ঘনের	25
মূল্যে	25
মুখস্থ	25
মিশে	25
মাসও	25
মানবাধিকারকে	25
মানব	25
মাঠপর্যায়ের	25
মাওলানা	25
মহসিন	25
মন্তব্যে	25
ভয়ংকর	25
ব্লক	25
ব্যানার	25
বিস্ফোরণের	25
বিষয়কে	25
বিধিনিষেধ	25
বিজয়ী	25
বার্লিনে	25
বাঁচানো	25
বর্তমানের	25
ফরিদ	25
প্রমাণিত	25
প্রবাহ	25
প্রথমত	25
প্রত্যক্ষ	25
প্রচেষ্টা	25
পেলেও	25
পেঁয়াজ	25
পুনর্বিবেচনা	25
পিঠের	25
পিংয়ের	25
পাহাড়ধস	25
পাঠকদের	25
পাচ্ছেন	25
পর্যটককে	25
পরিবারকল্যাণমন্ত্রী	25
পরিচ্ছন্নতা	25
পতকা	25
পড়বেন	25
নেপালের	25
নির্মাতা	25
নিন্দা	25
ধৈর্য	25
ধন্যবাদ	25
দোকানপাট	25
দুলাল	25
দাঁড়	25
দশম	25
দলিলপত্র	25
থামাতে	25
থানি	25
থাকুক	25
তারিখে	25
ডাল	25
ট্রাভিস	25
টুর্নামেন্টের	25
জুঁই	25
জানলে	25
জঙ্গল	25
ছুটে	25
চেয়েও	25
চরিত্রের	25
চত্বরে	25
ঘোরে	25
ঘটনাস্থল	25
গারো	25
খাদ্যসংকটের	25
খতিয়ে	25
ক্ষমা	25
ক্যাফে	25
কাল্পনিক	25
কয়েকদিনের	25
কমান্ডার	25
কখনও	25
এয়ারলাইনস	25
এমটিও	25
এক্স	25
একাদশ	25
উপসম্পাদকীয়	25
ইমিগ্রেশন	25
ইউক্রেনের	25
আসামিসহ	25
আলফি	25
আন্তরিকতা	25
আনুষ্ঠানিকভাবে	25
আত্মবিশ্বাস	25
আইআরজিসির	25
অভিযুক্তের	25
অবমুক্তির	25
অপরূপ	25
অনেকেরই	25
অঝোর	25
৯৯৯৯	24
৯০০৯৮	24
৮৩৩১০৭৪	24
৬১	24
৬০৪৪৫	24
৬০৪৩২	24
৬০৪২৫	24
৬০৪২১	24
৬০৪২০	24
৬০৪১২	24
৬০৩৮৯	24
৬০৩৮৭	24
৬০৩৭৬	24
৬০৩৫৫	24
৬০৩৪৯	24
৬০৩২৬	24
৬০৩২৫	24
৬০৩১১	24
৬০২৯০	24
৬০২৮০	24
৬০২৭১	24
৬০২৭০	24
৬০২৬১	24
৬০২৬০	24
৬০২৫৫	24
৬০২৫৪	24
৬০২১৫	24
৬০২০৩	24
৬০২০১	24
৬০১৭৪	24
৬০১৪৬	24
৬০১৪৪	24
৬০১১৭	24
৬০১১৩	24
৬০১১০	24
৬০১০৩	24
৬০১০১	24
৬০১০০	24
৬০০৯৫	24
৬০০৯৩	24
৬০০৬৪	24
৬০০৬২	24
৬০০৬১	24
৬০০৫৮	24
৬০০৪৬	24
৫৮৩১৬৪৮৩	24
৩৭৮	24
৩য়	24
২২২২২২৭৩৪	24
২২০০৯	24
২০১৩	24
২০০৭৭	24
২০০৭৬	24
২০০৬৯	24
২০০৫৪	24
২০০৫১	24
২০০৫০	24
২০০৪২	24
২০০২৫	24
২০০১৯	24
২০০১৬	24
২০০১৪	24
১২২২০	24
১২১৭	24
১২০৫০৪	24
১২০৪৫৯	24
১২০১৭৩	24
১২০১৫২	24
১২০১২৭	24
১২০১১৪	24
১২০১০০	24
১২০০৮২	24
১১০০০৩	24
০৯০২৫	24
০৯০২২	24
০৯০০৪	24
০৮০২৬	24
০৭০৩৪	24
০৭০৩৩	24
০৭০৩০	24
০৭০২৯	24
০৭০২৭	24
০৭০২৫	24
০৭০২৪	24
০৬০০১	24
০৫০০৩	24
০৪০৩৮	24
০৪০৩৭	24
০৪০৩৪	24
০৪০৩৩	24
০৪০৩১	24
০৪০২৭	24
০৪০২৫	24
০৪০২৪	24
০৪০২২	24
০৪০১৭	24
০৪০১৬	24
০৪০১২	24
০৪০১১	24
০৩১০৮	24
০৩০৯৩	24
০৩০৯১	24
০৩০৯০	24
০৩০৮৯	24
০৩০৮৮	24
০৩০৮৪	24
০৩০৮৩	24
০৩০৮২	24
০৩০৮১	24
০৩০৮০	24
০৩০৭৫	24
০৩০৭৩	24
০৩০৭১	24
০৩০৬৯	24
০৩০৬৭	24
০৩০৬৪	24
০৩০৬১	24
০৩০৬০	24
০৩০৫৮	24
০৩০৫৬	24
০৩০৫৩	24
০৩০৫২	24
০৩০৪৯	24
০৩০৪৮	24
০৩০৩১	24
০৩০২৮	24
০৩০২৫	24
০৩০২৩	24
০২৩২১	24
০২৩২০	24
০২৩১৭	24
০২৩১৬	24
০২৩১২	24
০২৩১১	24
০২৩১০	24
০২৩০৭	24
০২৩০৫	24
০২৩০৪	24
০২৩০২	24
০২৩০১	24
০২২৯৮	24
০২২৯৭	24
০২২৮৮	24
০২২৮৩	24
০২২৭৬	24
০২২৭২	24
০২২৭১	24
০২২৭০	24
০২২৬৯	24
০২২৬৮	24
০২২৬৫	24
০২২৬৪	24
০২২৬৩	24
০২২৬০	24
০২২৫৭	24
০২২৫৪	24
০২২৩৯	24
০২২৩৬	24
০২২৩০	24
০২২২৯	24
০২২২৫	24
০২২২৪	24
০২২২৩	24
০২২২২	24
০২২১৪	24
০২২০৪	24
০২২০৩	24
০২১৯৮	24
০২১৯৭	24
০২১৯৬	24
০২১৯৪	24
০২১৯৩	24
০২১৮৪	24
০২১৭৯	24
০২১৭৭	24
০২১৩৬	24
০২১৩১	24
০২১২৯	24
০২১২৮	24
০২০৯১	24
০২০৯০	24
০২০৮৯	24
০২০৮২	24
০২০৭৩	24
০২০৭০	24
০২০৬৯	24
০২০৬৭	24
০২০৬৪	24
০২০৬২	24
০২০৫৩	24
০২০৫২	24
০২০৫১	24
০২০৪৯	24
০২০৪৫	24
০২০৪৪	24
০২০৪৩	24
০২০৪২	24
০২০৩৯	24
০২০৩৩	24
০২০৩০	24
০২০২৮	24
০২০২৬	24
০১০৩৩	24
০১০৩০	24
০১০১৪	24
০১০১৩	24
০০৮০০	24
্যাব	24
ূর্ণ	24
হোটেল	24
হৃদয়ছোঁয়া	24
হাসানুল	24
হাসমি	24
হারের	24
হারার	24
স্মার্ট	24
স্থগিতকে	24
সৌজন্য	24
সেলিনা	24
সিরাজী	24
সিনেটর	24
সিদ্দিকী	24
সাহিদ	24
সারওয়ার	24
সামাদ	24
সামদানী	24
সাদেকুর	24
সাজেদুর	24
সাগরে	24
সাইয়ান	24
সরবরাহকারী	24
সম্মাননা	24
সম্প্রচারমন্ত্রী	24
সফিউল	24
সনি	24
সতীর্থদের	24
সঙ্গী	24
শুমনা	24
শুভজিৎ	24
শুকিয়ে	24
শাহাবুল	24
শাহাদৎ	24
শামসুজ্জামান	24
শাবু	24
শর্টস	24
শটে	24
লোকজ	24
লেগেছে	24
লিমন	24
লাঞ্চার	24
লাখো	24
লক্ষ্যমাত্রা	24
রোজিনা	24
রাহিতুল	24
রায়টি	24
রাজিউর	24
রব	24
রফিউদ্দিন	24
রনী	24
রতন	24
যুদ্ধে	24
যাচ্ছি	24
যথাসময়ে	24
ম্যাচটি	24
মোহা	24
মোহসীন	24
মোহতাসিম	24
মোদক	24
মেঘ	24
মৃধা	24
মূল্যায়নের	24
মুসতাক	24
মুকিত	24
মিস্ত্রি	24
মিসবাহুল	24
মিলনের	24
মিনহাজুল	24
মিথ্যা	24
মাস্টার্স	24
মালদ্বীপ	24
মাদারীপুরের	24
মাঝি	24
মাইলফলক	24
মহাসড়কে	24
মর্গে	24
মনোজ	24
মনিষা	24
মজিবুল	24
মজিবর	24
ভেবে	24
ভূ	24
ভিডিপির	24
ভিডিপি	24
ভিক্ষা	24
ভট্টাচার্য্য	24
ব্যানার্জি	24
ব্যবসায়ীকে	24
বেলজিয়ামকে	24
বৃক্ষ	24
বুদ্ধ	24
বিলোপ	24
বিলাই	24
বিপ্লবী	24
বিজ্ঞপ্তিটি	24
বাহারুলের	24
বালিকা	24
বালা	24
বার্তায়	24
বান্না	24
বাড়লো	24
বাগচী	24
বসু	24
বরুন	24
বন্দোপাধ্যায়	24
বদর	24
ফ্রন্ট	24
ফুরাত	24
ফুয়াদ	24
ফাহিমুর	24
ফারদীন	24
ফাঁকে	24
ফরম	24
ফয়সল	24
ফয়জুল্লাহ	24
প্রাঙ্গণে	24
প্রসূন	24
প্রবীর	24
প্রতিরোধমূলক	24
পেটের	24
পূর্বের	24
পারলেও	24
পানের	24
পর্তুগিজ	24
পরিস্থিতিকে	24
পররাষ্ট্রমন্ত্রীর	24
পদ্ধতিতে	24
পড়াশোনায়	24
ন্যায্যমূল্য	24
নোয়াখালীর	24
নেরুদাকে	24
নেতৃত্বের	24
নেছার	24
নূরে	24
নুতন	24
নিশ্চয়ই	24
নিয়মে	24
নিপু	24
নিখুঁতভাবে	24
নিকিতা	24
নাহিদুজ্জামান	24
নাজিয়া	24
নন্দিনী	24
নওরিন	24
নঈম	24
ধারণার	24
ধরেছেন	24
দেবারতি	24
দেবনাথ	24
দেখভাল	24
দৃঢ়	24
দুবাইয়ের	24
দিলু	24
দিনগুলোতে	24
দাঁড়ালেন	24
দাঁড়ায়	24
থাকত	24
ত্বকের	24
তৌহিদী	24
তোতা	24
তুর্কি	24
তিমির	24
তাৎক্ষণিকভাবে	24
তাহ্মিনা	24
তাহমিনা	24
তারাও	24
তাফছিলুল	24
তাত্ত্বিক	24
তলদেশে	24
তরফদার	24
ড্রিঞ্জা	24
ডেজার্ট	24
ঠেলে	24
টিস্যু	24
টিটি	24
জুহায়ের	24
জুড	24
জিয়াউলকে	24
জিয়াউদ্দিন	24
জিনিস	24
জাহানুর	24
জাজিরার	24
জলাধার	24
জল	24
জয়ন্তী	24
জড়ো	24
ছৈয়াল	24
ছুরিকাঘাত	24
চীনে	24
চিত্রিত	24
চিকেন	24
চাপিয়ে	24
চলেছেন	24
চন্দ	24
ঘেঁষা	24
গোল্ডেন	24
গুরুত্বপ	24
গাজীউল	24
গওহার	24
খেললেও	24
খাঁচার	24
খলিলউল্লাহ্	24
ক্ষত	24
ক্যাডেট	24
কোর	24
কোচের	24
কেরানির	24
কৃষ্ণ	24
কুর্রাতুল	24
কুররাতুল	24
কুন্ডু	24
কুত্তা	24
কিশিদার	24
কিডম্যানকে	24
কার্যকরী	24
কামনাশীষ	24
কামনা	24
কাব্যগ্রন্থের	24
কান্ত	24
কাইছার	24
কল্যান	24
কর্ণফুলি	24
কমছে	24
ওর	24
ওয়াশেকুল	24
ওয়ালটন	24
ওয়ারা	24
এসএনআর	24
এমনটা	24
এমডি	24
এমআরএএইচ	24
একসময়ের	24
উল্যাহ	24
উবী	24
উপাদান	24
উপড়ে	24
উঠবে	24
ইশতেহার	24
ইরানকে	24
ইয়ানুর	24
ইমরান	24
ইনফান্তিনো	24
ইউচুফ	24
ইউক্রেনে	24
ইইউ	24
আহাম্মেদ	24
আহামদ	24
আহমদুল	24
আশিস	24
আলিয়া	24
আলমের	24
আব্বাসী	24
আবেগ	24
আবিদুল	24
আনিসুল	24
আটটার	24
আক্রমণে	24
আক্তারের	24
আইএন	24
অ্যাসিস্ট্যান্ট	24
অ্যালেক্সিস	24
অ্যালিসন	24
অহিদুল	24
অমূল্য	24
অভ্যুত্থান	24
অভিবাসী	24
অপসারণ	24
অনুষ্ঠিতব্য	24
অধিদফতর	24
হ্রাস	23
হোটেলে	23
হাঁটার	23
হতাশাজনক	23
স্লোগান	23
স্বস্তির	23
স্বত্বাধিকারী	23
স্প্ল্যাশ	23
স্থানীয়ভাবে	23
স্টেশন	23
সোমবারের	23
সিডনিতে	23
সাঙ্গু	23
সরবরাহের	23
সমন্বিতভাবে	23
সমতা	23
সতর্কতার	23
শেষের	23
শিকারি	23
শাহানাজ	23
শাহরুখ	23
শাংহাই	23
লম্বা	23
রুশ	23
রিফাতকে	23
রামু	23
রাজিয়া	23
মুখপাত্র	23
মিজানের	23
মানেননি	23
মাননীয়	23
মাঠবিহীন	23
মাওয়া	23
মহাসাগরের	23
মহলে	23
মর্যাদাপূর্ণ	23
মন্দ	23
মনোনয়ন	23
ভক্ত	23
ব্যবস্থায়	23
ব্যবস্থাপনার	23
বুকে	23
বিশ্লেষকেরা	23
বিশ্বাসের	23
বিবিসি	23
বিধি	23
বাজারমূল্য	23
বহুল	23
বহুমুখী	23
বহিঃপ্রকাশ	23
বস্তু	23
বলেছি	23
বর্ণনা	23
বছরগুলোতে	23
ফেলেন	23
প্রার্থী	23
প্রাণহানির	23
প্রস্তাবিত	23
প্রগতিশীল	23
প্যাকেট	23
পেশার	23
পেকুয়া	23
পাশের	23
পাড়ি	23
পর্যটননগরী	23
পরিষদ	23
পদপ্রার্থী	23
নৌবাহিনীর	23
নিলয়ের	23
নির্ধারণের	23
নিম্নাঞ্চল	23
নিকোলের	23
নানাভাবে	23
দ্বীপঘেরা	23
দেশগুলো	23
দেয়ালের	23
দেখো	23
দেখেননি	23
দুর্যোগকালীন	23
দাঁড়ানো	23
দক্ষতায়	23
তুমুল	23
তারকাকে	23
তামিম	23
ডেঙ্গু	23
ডাক্তার	23
ট্রেন	23
টেক	23
জিরো	23
জাসদ	23
জবাবদিহির	23
জনক	23
ছোটবেলা	23
চিৎকার	23
চিংড়ি	23
চরিত্রটি	23
চত্বর	23
ঘাঁটিগুলোতে	23
ঘরানার	23
গরমের	23
গভর্নর	23
গণশিক্ষা	23
ক্ষমতাসীন	23
ক্ষতিকর	23
কীটনাশক	23
কাভারেজ	23
কাটাচ্ছেন	23
কর্মস্থলে	23
কখন	23
এলেই	23
এনডিটিভি	23
উচ্চতার	23
উখিয়া	23
ঈদগাঁও	23
ইতিমধ্যে	23
ইউক্রেন	23
আসন	23
আলমারিতে	23
আমিনুর	23
আব্বাসে	23
আপন	23
আধুনিকায়নের	23
আত্মা	23
আত্মঘাতী	23
আতঙ্কিত	23
আজিম	23
আইএমএফ	23
অ্যাটর্নি	23
অর্থবহ	23
অর্থনীতিতে	23
অবুঝ	23
অনুসারে	23
অচলাবস্থা	23
অঙ্কের	23
অংশসহ	23
৫০৩	22
২৫১	22
১৯৮৬	22
১৯৭৩	22
১৭৫	22
হ্যাপিনেস	22
হারিয়েছে	22
হাঁটু	22
স্বপ্নতত্ত্বে	22
সূচনা	22
সিন্ডিকেট	22
সাব	22
সাফল্যে	22
সানির	22
সাউথ	22
সাংঘর্ষিক	22
সম্পর্ককে	22
সঞ্চয়পত্রে	22
সংক্ষুব্ধ	22
সংকটময়	22
শেরপুরে	22
শূন্য	22
শিল্পমঞ্চ	22
শিবিরে	22
শিবচর	22
শতাংশে	22
লাইফের	22
লন্ডনকে	22
লন্ডন	22
রোগীকে	22
রেডিওলজিস্ট	22
রেড	22
রাতভর	22
রাজপথ	22
রয়টার্সকে	22
রবীন্দ্রসরোবর	22
যাই	22
মৌচাক	22
মেজর	22
মানবপ্রকৃতি	22
মানদণ্ড	22
মাঝ	22
মাইক্রোফাইন্যান্স	22
মহিপুর	22
মমতা	22
মদ্যপ	22
মঞ্চ	22
মজুমদার	22
মজুদ	22
ভাগেই	22
ব্যাটালিয়নের	22
ব্যাংকাররা	22
বেশিরভাগ	22
বিষধর	22
বিষ	22
বিশ্বপরিসরে	22
বিদেশযাত্রা	22
বিকাশে	22
বাহারুল	22
বাসের	22
বায়োপিক	22
বাঁশখালীতে	22
বাঁধের	22
বসতঘর	22
বক্তব্যেই	22
ফৌজদারি	22
ফুলে	22
ফুটবলপ্রেমীদের	22
ফিরছে	22
ফিনিক্স	22
ফিতরাত	22
ফারহানা	22
প্রিলিমিনারি	22
প্রিন্স	22
প্রসঙ্গ	22
প্রমুখ	22
প্রদর্শনের	22
প্রতিযোগিতায়	22
প্রতিনিধিদের	22
প্রচেষ্টার	22
পুরুষাঙ্গ	22
পাসেও	22
পারার	22
পানিবাহিত	22
পাগলা	22
পরেই	22
পথচলা	22
পকেটে	22
নিহতদের	22
নিলয়	22
নরসিংদীর	22
নজরুলকে	22
ধারণাকে	22
দেখাতে	22
দৃঢ়তার	22
দুধকে	22
দক্ষিণাঞ্চলে	22
থমকে	22
ডাট	22
ডাকসু	22
টোকিও	22
জোরদারের	22
জামায়াতে	22
জনই	22
চারের	22
চলচ্চিত্রে	22
চবি	22
চতুরঙ্গ	22
ঘটল	22
গ্লোবাল	22
গাফিলতি	22
গাড়িতে	22
গতিতে	22
খাইয়ে	22
খাঁচায়	22
ক্যাশলেস	22
কৌশলে	22
কোটির	22
কুতুবদিয়া	22
কিং	22
কায়দায়	22
কাব্যগ্রন্থ	22
কাফরুল	22
কাটতে	22
কাজটা	22
কল্যাণের	22
কম্পিউটার	22
কমিটিতে	22
কনটেইনার	22
কড়া	22
ওঠানামা	22
এয়ারক্রাফট	22
এভিয়েশন	22
এফএ	22
এজাহার	22
এক্সচেঞ্জ	22
একযোগে	22
উল	22
উভয়ের	22
উদ্ভাবন	22
উদীয়মান	22
উঠেছেন	22
উচ্চশিক্ষার	22
উইম্বলডনের	22
উইথ	22
উঁচু	22
ইলম	22
ইংল্যান্ডে	22
আস্থাহীনতার	22
আসাদ	22
আবেদনে	22
আবেদনপত্র	22
আবিষ্কারের	22
আবিষ্কার	22
আফ্রিকায়	22
আটপৌরে	22
আঁকা	22
অস্বীকার	22
অভিভাবকের	22
অভিজ্ঞ	22
অবলম্বনে	22
অন্তর্বর্তীকালীন	22
অধিবেশন	22
অতীতে	22
অংশীদার	22
৯১	21
১৯৯০	21
১১টায়	21
০০০	21
হেঁটে	21
হুবহু	21
হিমার্স	21
হামজা	21
হাতবদল	21
হাঙ্গেরি	21
হাওয়াসহ	21
হাওয়া	21
সৎ	21
স্থির	21
সেমিনার	21
সেটেলমেন্ট	21
সায়েন্স	21
সামগ্রী	21
সাইজের	21
সম্প্রসারিত	21
সময়েই	21
সমঝোতার	21
সভাপতিত্ব	21
সভাকক্ষে	21
সফরসূচি	21
সংঘর্ষের	21
শৃঙ্খলা	21
শিশুমৃত্যুর	21
শিল্পীদের	21
শাহেদ	21
লুট	21
লিফট	21
লাঠির	21
লক্ষণ	21
রুপার	21
রায়পুরার	21
রান্নাঘর	21
যথারীতি	21
মেসেঞ্জার	21
মেডিকেলে	21
মৃতুর	21
মুনাফা	21
মিডিয়ায়	21
মানসিকতা	21
মাউথ	21
মহাপরিকল্পনা	21
মহাখালীতে	21
মরুভূমিতে	21
মন্তব্যের	21
ভ্যালী	21
বিষয়টা	21
বিটিআরসি	21
বাম্পার	21
বাধ্যতামূলক	21
বাতাস	21
বাচ্চারা	21
বলেছিলাম	21
বয়কট	21
ফেলছে	21
ফিলিস্তিনের	21
ফিরলে	21
ফরোয়ার্ডকে	21
ফটিকছড়িতে	21
ফকিরহাট	21
প্রাপ্য	21
প্রাইভেটে	21
প্রাইভেটকার	21
প্রশংসিত	21
প্রফেসর	21
প্রত্যন্ত	21
প্রণীত	21
প্যারিসে	21
পালানোর	21
পরিবেশন	21
পদত্যাগের	21
পঞ্চগড়ের	21
নৌপথ	21
নেছারাবাদ	21
নৃ	21
নির্দেশে	21
নিছক	21
নিচতলায়	21
নাসীরুদ্দীন	21
নামিয়েছিল	21
নই	21
ধার	21
ধরুন	21
ধকল	21
দ্বিধা	21
দ্বিতীয়ত	21
দৃষ্টিহীনতাকে	21
দিলাম	21
দাখিলের	21
দলটি	21
দমনে	21
থাকবেন	21
তেঁতুলিয়া	21
তাপপ্রবাহে	21
তাড়াহুড়ো	21
তলায়	21
ড্র	21
ঠিকমতো	21
টোয়েন্টি	21
টেরিটোরি	21
টেরিটরি	21
ঝিনাইদহের	21
ঝাঁপ	21
ঝরে	21
জিতে	21
জলাশয়	21
জলাবদ্ধ	21
জবাবদিহি	21
চেয়েছিলেন	21
চলার	21
চলাকালীন	21
ঘুষ	21
গ্রন্থে	21
গোল্ড	21
গেলাম	21
গল্পে	21
গয়না	21
গবেষকেরা	21
গন্তব্যে	21
গতিবিধি	21
গতিপথ	21
খোঁচা	21
খালি	21
ক্রেতা	21
ক্যারেটের	21
কোস্ট	21
কোনোভাবে	21
কেটেছে	21
কেউই	21
কেঁদে	21
কুমেকের	21
কানসাসে	21
কাগজে	21
করহার	21
করদাতাকে	21
কণ্ঠ	21
ওয়ালটনে	21
ওজনের	21
এয়ার	21
এমএফসি	21
এনসিটিবি	21
উপলব্ধি	21
উদযাপন	21
উত্তোলনের	21
উঠলে	21
ঈর্ষণীয়	21
ইসরাইলের	21
ইসরাইল	21
ইমেজ	21
ইন্টারনাল	21
ইঞ্চি	21
আসক্ত	21
আলীর	21
আরাফাহ্	21
আয়োজনে	21
আপত্তি	21
আটলান্টা	21
আকার	21
অ্যারিস	21
অ্যান্টি	21
অস্ট্রিয়া	21
অভূতপূর্ব	21
অভিনেতার	21
অবস্থানরত	21
অবসানের	21
অনূদিত	21
অতীত	21
অগ্রসর	21
৯৭	20
হোঁচট	20
হাল্যান্ড	20
হাতকান্দা	20
স্বাস্থ্যখাত	20
স্বপনকে	20
স্পার্ম	20
স্থানগুলোর	20
স্কুলসংলগ্ন	20
স্কুলছাত্রী	20
সেটিও	20
সুযোগও	20
সুনাম	20
সিলেকশন	20
সিনেমায়	20
সিআরসেভেন	20
সাফি	20
সাজিয়ে	20
সাইফুলের	20
সরকারও	20
সমর্থিত	20
সবই	20
সতীর্থরাই	20
সংগ্রামী	20
শ্রেণিকক্ষে	20
শামসুলের	20
শনিচরা	20
শতভাগ	20
লেগো	20
লাগানোর	20
রোনালদোকে	20
রেহাই	20
রুডি	20
রাষ্ট্রকে	20
রাজয়ের	20
রম্য	20
রক্তক্ষরণে	20
রকমের	20
রইলেন	20
যাত্রার	20
ম্যাকাও	20
মোটরসাইকেলে	20
মৃত্যুশোকেও	20
মিললো	20
মিথ্যাচারমূলক	20
মিত্রদের	20
মিকেল	20
মালয়েশিয়াজুড়ে	20
মারিয়ার	20
মাদি	20
মহল্লার	20
মসজিদটি	20
ভূবিজ্ঞানীরা	20
ভিলেজ	20
ভাঙ্গন	20
ভাঙার	20
ভর্তা	20
ব্যবসায়ীদের	20
বোটে	20
বেলজিয়ামে	20
বেপরোয়া	20
বেড়াল	20
বেঞ্চ	20
বেগমের	20
বেইজিংয়ে	20
বুধিরাম	20
বুকভরা	20
বিষয়েও	20
বিশ্বাসকে	20
বিশ্বকাপেও	20
বিমানঘাঁটিতে	20
বিবর্তিত	20
বাহরাইন	20
বাস্তুচ্যুত	20
বারুয়া	20
বার	20
বানিয়ে	20
বাউন্ডারি	20
বয়কটের	20
বদলাতে	20
বদল	20
বচেয়ে	20
ফোরাম	20
ফোনে	20
ফার্টিলাইজার	20
ফজিলাতুন্নেছা	20
প্রান্তিকা	20
প্রবীণেরা	20
প্রতিজ্ঞা	20
প্রজাতি	20
পৌরবাসীর	20
পৌঁছায়	20
পেরোয়নি	20
পেয়েছি	20
পুরনো	20
পুনর্ব্যক্ত	20
পুনর্বাসনের	20
পিষে	20
পাশ	20
পারত	20
পাতিলে	20
পাটওয়ারী	20
পলাশবাড়ীতে	20
পরাশক্তি	20
পথেই	20
নেশা	20
নীরবতা	20
নিষ্পত্তি	20
নির্বাচনকালীন	20
নিরালা	20
নিয়েছিল	20
নিয়ামতপুর	20
নিথর	20
নারায়ণগঞ্জের	20
নাতনিদের	20
নয়াপাড়া	20
নকশিকাঁথা	20
ধুর্বে	20
দুর্নীতির	20
দুয়ার	20
দীর্ঘস্থায়ী	20
দিশেহারা	20
দিতেই	20
দাবানল	20
দয়াময়ী	20
দমকা	20
থামছে	20
তেজগাঁও	20
তাইওয়ান	20
তত	20
ড্রেসডেনের	20
ডাক	20
টের	20
ঝরালির	20
জেতাতে	20
জীবিত	20
জিজ্ঞাসা	20
জিএস	20
জর্কায়েফ	20
জরায়ু	20
জনগোষ্ঠী	20
ছাত্রদল	20
ছড়ানো	20
ছগির	20
চ্যুতি	20
চেয়েছে	20
চেয়ারপারসনের	20
চিত্রকল্প	20
চিতবন	20
চতুর্দশ	20
ঘোচানোর	20
গ্রেফতাররা	20
গ্যাস্ট্রোলিভার	20
গোড়ানে	20
গোড়ান	20
গুরুত্বারোপ	20
গায়ক	20
গাঢ়	20
গতিশীল	20
খেলাভিত্তিক	20
খেয়াল	20
খেত	20
খিলগাঁওয়ের	20
ক্লিনিকে	20
ক্রুদ্ধ	20
ক্যারেট	20
কোম্পানিটিতে	20
কোম্পানিগুলো	20
কোচদেরও	20
কেএমপি	20
কেইউ	20
কৃষিতে	20
কুসংস্কার	20
কুমেক	20
কিয়ামত	20
কার্যক্রমে	20
কারাদণ্ডের	20
কাপড়	20
কাটছে	20
কাঁদতেও	20
কষ্টে	20
কলেজছাত্রীর	20
কলেজছাত্র	20
করেছিলাম	20
করাতে	20
ওয়েবসাইট	20
ওয়ার্ডে	20
ওয়াইল্ডলাইফ	20
এরপরই	20
এমআইএইচএস	20
এমআইএইচ	20
এনসিপিকে	20
এড়ানো	20
একনজর	20
একইদিন	20
উপাচার্য	20
উদ্যোক্তাদের	20
উদ্যানের	20
উদ্দীপনা	20
উইঘুর	20
ইস্ট	20
ইনস্টাগ্রাম	20
ইউরি	20
আষাঢ়ে	20
আলিবাবা	20
আলমকে	20
আর্লিং	20
আধ্যাত্মিক	20
আড়াইহাজার	20
আগস্টের	20
আক্তারকে	20
আইল্যান্ড	20
আইনজীবীরা	20
অর্থায়নে	20
অর্থায়ন	20
অর্থই	20
অবাঞ্ছিত	20
অবতরণ	20
অবকাঠামোর	20
অপরের	20
অপরিচিতই	20
অনেকগুলো	20
অধিকারের	20
৯৪	19
৪৪তম	19
২ক	19
১৩৫	19
হেসে	19
সোয়া	19
সেকেন্ডের	19
সুশাসনের	19
সুনির্দিষ্ট	19
সুইসদের	19
সিস্টেমের	19
সিদ্ধান্তকে	19
সাহসিকতা	19
সহিংসতা	19
সত্যের	19
সংহতি	19
সংগঠনটির	19
শ্রমজীবী	19
শুরুটা	19
শিয়া	19
শিক্ষায়	19
শিক্ষাপ্রতিষ্ঠানের	19
শিক্ষাক্রম	19
শাস্তির	19
শরীফ	19
শঙ্কর	19
লেকপাড়ের	19
লাগছে	19
লাইনটি	19
রেলের	19
রেজিস্ট্রার	19
রাখি	19
যাত্রীদের	19
ম্যারাডোনার	19
ম্যাজিকে	19
ম্যাচেই	19
মৌল	19
মেহরীন	19
মেরিনোর	19
মানোন্নয়নের	19
মানবিকতার	19
মাদ্রাজ	19
মাত্রা	19
মহাসাগর	19
মহাদেশের	19
ভ্যাট	19
ভেতরের	19
ভাসতে	19
ভাব	19
বেলিংহাম	19
বেদনাদায়ক	19
বৃদ্ধাকে	19
বিরাট	19
বিধানগুলো	19
বিক্রেতা	19
বিকালে	19
বাসভবন	19
বানভাসির	19
বাধাগ্রস্ত	19
বাঙালির	19
বলি	19
বললে	19
বরিশালসহ	19
বরাবর	19
বয়সেই	19
বন্ধুর	19
বনের	19
বড়দের	19
বউ	19
ফেলায়	19
ফেরা	19
ফেডারেশনের	19
ফিলিস্তিনকে	19
প্রযুক্তিগত	19
প্রভৃতি	19
প্রতিদ্বন্দ্বিতা	19
পেশায়	19
পুনঃখনন	19
পুড়ে	19
পাসের	19
পাল্টে	19
পারিশ্রমিক	19
পারলেন	19
পাবলিশিং	19
পাচ্ছি	19
পরামর্শক	19
নেপথ্যের	19
নিচের	19
নিকটবর্তী	19
নামার	19
নামল	19
নগরীতে	19
ধসের	19
ধরেছে	19
দেখলাম	19
দৃশ্যের	19
দুর্দান্ত	19
তাৎপর্য	19
ডেটাবেজ	19
ডিম	19
ডব্লিউএইচও	19
ট্রলে	19
ট্যালেন্টপুল	19
টাইমে	19
টম	19
জেন	19
জিততে	19
জানালা	19
জাতি	19
জলমগ্ন	19
চালাতে	19
চালকের	19
ঘাঁটির	19
ঘটায়	19
ঘটনাকে	19
গোলবন্যা	19
গতানুগতিক	19
গণঅভ্যুত্থান	19
খোরাক	19
খালে	19
খানের	19
ক্ষেত্রেই	19
ক্যাম্পেইনে	19
কোয়ার্টারের	19
কোম্পানিটির	19
কৃষিজমি	19
কৃতিত্ব	19
কার্যকারিতা	19
কারিগর	19
কারখানায়	19
কাগজকল	19
কাঁদলেন	19
কর্মচারী	19
কর্তৃত্ব	19
কমানোর	19
কবিতাটি	19
ওয়া	19
এসবের	19
এলাকাগুলোতে	19
এনেছে	19
এন	19
এতটা	19
একাডেমিক	19
একমত	19
একজনের	19
এএফএ	19
ঊর্ধ্বে	19
উপদেষ্টার	19
উপকারী	19
উদ্বেগজনক	19
ঈদুল	19
ইন্না	19
ইনস্টিটিউটের	19
ইচ্ছাশক্তি	19
ইউটিউব	19
ইউ	19
আস্তে	19
আসায়	19
আবদুল্লাহর	19
আগাম	19
আকাশের	19
অর্ধশতাধিক	19
অভ্যুত্থানে	19
অন্তর্ভুক্তিমূলক	19
অংশগ্রহণে	19
৯০০	18
১৯৯১	18
১৯৭৪	18
১৫টি	18
১ম	18
হেফাজতে	18
হিলি	18
হাসিনাকে	18
হারায়	18
স্বীকৃতির	18
স্বল্পমেয়াদি	18
স্বচ্ছতা	18
স্প্রাইট	18
স্থাপত্যের	18
স্তরের	18
সুরক্ষায়	18
সুন্দরভাবে	18
সিভিল	18
সাহিত্যিক	18
সাজ	18
সাঁকোটি	18
সহনশীলতা	18
সরকারিভাবে	18
সবসময়	18
সবকিছুর	18
সন্ত্রাসীদের	18
সংস্কৃতিমন্ত্রী	18
সংগঠনটি	18
শেখার	18
শতবর্ষী	18
লিওনর	18
লাথি	18
লরগরলিগি	18
লগারিদমস	18
রোনালদোসহ	18
রোদ	18
রোগীদের	18
রিকশাচালক	18
রাফায়েল	18
রাডার	18
রাজিয়ার	18
রাজি	18
রাখলেন	18
যোগাযোগব্যবস্থা	18
ম্যানেজমেন্ট	18
মিলিয়ন	18
মিরওয়ারিশপুর	18
মাত্রই	18
মসজিদের	18
ভোটার	18
ভেজাল	18
ভূমিধসের	18
ভূখণ্ডে	18
ভাঙনে	18
ভর	18
ভঙ্গিমায়	18
ভক্তদের	18
ব্র্যাকের	18
ব্যাংকার্স	18
ব্যক্ত	18
বৃক্ষরোপণের	18
বিষণ্ন	18
বিশ্লেষণে	18
বিশ্বকাপকে	18
বিরোধীদলীয়	18
বিধানের	18
বিকল	18
বাজেটের	18
বাচ্চা	18
বাকরি	18
বাঁশি	18
বাঁ	18
বহুত্ববাদ	18
বস্তুর	18
বসতি	18
বললাম	18
ফসলি	18
ফসল	18
ফলনের	18
ফটক	18
প্রোগ্রামে	18
প্রাণীদের	18
প্রাণীটির	18
প্রযোজ্য	18
প্রবেশের	18
প্রতিষ্ঠানগুলোর	18
প্রতিষ্ঠানগুলো	18
প্রতিদ্বন্দ্বী	18
প্রক্রিয়ার	18
পূরণে	18
পুনর্বিনিয়োগ	18
পাখির	18
পাইপলাইন	18
পরিশ্রমের	18
পরিদর্শনে	18
ন্যানো	18
নোবেলজয়ী	18
নেমেছে	18
নীরবে	18
নিম্নাঞ্চলে	18
নারকেল	18
নায়ক	18
নাড়া	18
নাটকের	18
নবায়ন	18
নখ	18
ধোলাইখালে	18
ধুনট	18
ধারে	18
দ্বিপক্ষীয়	18
দ্বিচারিতা	18
দ্বিগুণ	18
দেশগুলোকে	18
দৃষ্টিপ্রতিবন্ধী	18
দুর্নীতিগ্রস্ত	18
দীর্ঘমেয়াদে	18
দায়িত্বরত	18
দামি	18
দাবার	18
দাও	18
দক্ষতার	18
তুলনা	18
তিনজন	18
তাপপ্রবাহের	18
তলানিতে	18
তরনী	18
তথ্যমতে	18
ড্রেনে	18
ডিফেন্ডার	18
ডলারে	18
ডটকম	18
টেলর	18
টুকরা	18
টিকতে	18
টাকায়ও	18
জো	18
জেবা	18
জেআইএম	18
জীবনী	18
জালিয়াতির	18
জনসাধারণের	18
জগতে	18
ছিটিয়ে	18
ছাতক	18
ছাড়ার	18
চুল	18
চারপাশ	18
চায়না	18
চাঁদাবাজি	18
চড়বে	18
ঘের	18
ঘূর্ণনগতি	18
গোলরক্ষক	18
গুণ	18
গুছিয়ে	18
গাঁওদিয়া	18
গম	18
গড়ল	18
খোদ	18
খাগড়াছড়িতে	18
ক্ষতিগ্রস্তদের	18
কেন্দ্রবিন্দুতে	18
কার্লোস	18
কার্যকরের	18
কানায়	18
কাঁচামরিচ	18
কর্মশালার	18
করমুক্ত	18
করছিল	18
করছাড়	18
কণ্ঠস্বর	18
এসইউজে	18
এশিয়ায়	18
এফবি	18
এফডিআর	18
এখানকার	18
একেবারেই	18
একিউএফ	18
উপকূলে	18
ইশতেহারের	18
ইশতেহারে	18
আহমেদকে	18
আসি	18
আলাদাভাবে	18
আরসিপি	18
আমিও	18
আপ	18
আক্ষেপ	18
অ্যান্টনি	18
অর্থবছর	18
অভ্যর্থনা	18
অভিন্ন	18
অপারেশনস	18
অপার	18
অপরিহার্য	18
অতিথির	18
৯৫	17
৭৯	17
৪৬২তম	17
৪০টি	17
২০৩০	17
২০১৬	17
২০০২	17
১৯৩০	17
১২৩	17
হেক্টর	17
হুঙ্কার	17
হস্তান্তরের	17
হজরত	17
স্যালাইন	17
স্মৃতিবিজড়িত	17
স্বাস্থ্যসেবার	17
স্বয়ংক্রিয়ভাবে	17
সূক্ষ্ম	17
সুদহার	17
সুখী	17
সুউচ্চ	17
সিকিউরিটিজ	17
সিকিউরিটি	17
সালেকের	17
সাবরিনা	17
সাক্ষাতের	17
সম্রাট	17
সম্মতি	17
সম্ভাবনার	17
সম্প্রচার	17
সভাপতিত্বে	17
সংবাদের	17
সংগ্রামমুখর	17
সংগ্রহের	17
সংগ্রহে	17
শ্রমিকরা	17
শ্রমবাজার	17
শোকের	17
শোকবার্তায়	17
শেরেবাংলা	17
শিক্ষার্থীকে	17
শিক্ষামন্ত্রীর	17
শয্যা	17
শনিবারের	17
শত্রু	17
শক্ত	17
লেগে	17
লতা	17
লক্ষ্যমাত্রার	17
রো	17
রেখেছিলেন	17
রিপাবলিকান	17
রাষ্ট্রে	17
রানি	17
রাতেই	17
রাখাইন	17
যুদ্ধাস্ত্র	17
যাঁদের	17
মৌলভীবাজার	17
মেইলে	17
মৃত্যুও	17
মূল্যবান	17
মুষলধারে	17
মায়েরা	17
মানবেতর	17
মাতৃভূমি	17
মাতৃভাষা	17
ময়নাতদন্তের	17
মনোনীত	17
মতামতের	17
মজুমদারসহ	17
ভ্রমণকে	17
ভ্যানে	17
ভ্যাটসহ	17
ভিত্তিতেই	17
ভালোবাসেন	17
ভালোবাসি	17
ভাবনা	17
ভাঙ্গায়	17
ভরে	17
ব্লু	17
ব্র্যাকে	17
ব্যবহারে	17
ব্যবস্থাকে	17
বৈষম্য	17
বৈচিত্র্যের	17
বেলজিয়াম	17
বেনিয়ামিন	17
বেগমগঞ্জ	17
বুয়েনস	17
বিভাজকের	17
বিপদ	17
বিজেপির	17
বিচ্ছেদের	17
বাহ্যিক	17
বাবদ	17
বাপ	17
বাড়িতেই	17
বাড়ায়	17
বাজেয়াপ্ত	17
বসবেন	17
বনাঞ্চলে	17
বড়ো	17
বঙ্গমাতা	17
ফ্রান্সে	17
ফুড	17
ফিলিস্তিনে	17
ফিলিস্তিনিদের	17
ফজলুল	17
প্ল্যাটফর্মে	17
প্লাস্টিকের	17
প্লাস	17
প্রেসক্লাব	17
প্রেসকার	17
প্রশিক্ষণের	17
প্রশাসকের	17
প্রতিবেশী	17
প্রতিনিধিদল	17
প্যানেল	17
পৌনে	17
পূর্বাভাসে	17
পূর্ণিমা	17
পিকনিকে	17
পার্লামেন্টের	17
পার্কে	17
পর্যায়	17
পরিবর্তনশীল	17
পরিণতি	17
পণ্যে	17
পছন্দের	17
নেমেছিল	17
নির্মম	17
নির্বিঘ্ন	17
নির্দেশিকা	17
নিজেও	17
নারীশিক্ষা	17
নবম	17
ধীরগতিতে	17
ধর্ষণের	17
দ্বীপে	17
দেখান	17
দুঃখের	17
দুঃখজনক	17
দিচ্ছি	17
দাগ	17
দর্শকের	17
দম্পতি	17
দখলে	17
থেকো	17
থাইল্যান্ড	17
তালেবান	17
তাল	17
ডিএনএতে	17
ডামি	17
টুভালুর	17
জোরপূর্বক	17
জোবায়েরের	17
জিএসটি	17
জার্মানিতে	17
জানিয়েছিল	17
জানাব	17
জানাই	17
জাদুঘর	17
জলাশয়ের	17
জন্মের	17
জন্মদিনে	17
ছানাবড়া	17
চুক্তিতে	17
চীনকে	17
চড়া	17
চটকদার	17
ঘোড়ায়	17
ঘুষের	17
ঘুরেছেন	17
ঘটেনি	17
ঘটছে	17
গ্রিক	17
গেছি	17
গৃহীত	17
গভীরতা	17
খোলার	17
খামেনিকে	17
খাপ	17
ক্রয়	17
ক্যাডারে	17
কোভিড	17
কৃষ্ণাঙ্গ	17
কৃষ্ণচূড়া	17
কৃষকের	17
কূটনীতির	17
কাঠামোগত	17
কাছের	17
করতাম	17
কবীর	17
কথার	17
ওয়ারহেড	17
এস্টেট	17
এসেছিলেন	17
এলিয়ে	17
এমনই	17
এটাকে	17
এজেন্সি	17
এজন্য	17
এইচ	17
উল্লেখিত	17
উদ্যাপন	17
ইপিআই	17
ইন্দোনেশিয়ার	17
ইন্ডিয়া	17
ইনফান্তিনোর	17
ইঞ্জিন	17
আসিয়ানকে	17
আসামিকে	17
আসক্তি	17
আশায়	17
আরোপ	17
আরবে	17
আফগানিস্তানের	17
আপিলকারী	17
আপত্তিকর	17
আঙিনায়	17
আকন	17
অস্ট্রেলীয়	17
অস্ট্রেলিয়ায়	17
অযোগ্য	17
অভিভাবকশূন্য	17
অপর্যাপ্ত	17
অনুকূলে	17
অধ্যক্ষ	17
অধিদফতরের	17
অতিবর্ষণ	17
অডিটর	17
অঙ্গীকারের	17
৬৬	16
৪৯০	16
৪টা	16
১৯৯৫	16
১৯৭২	16
১৯৭০	16
১২০৮	16
১০টায়	16
হাসানের	16
হাসানকে	16
হানে	16
হরিণ	16
হতাহতের	16
হকি	16
স্মরণে	16
স্তন্যপায়ী	16
স্টেডিয়ামের	16
সোমালিয়ার	16
সেলফি	16
সেমিনারে	16
সিমের	16
সিক্রেট	16
সাক্ষাৎকারের	16
সাইটের	16
সাইটিস	16
সহযোগীদের	16
সন্দেহে	16
সত্যিকারের	16
সঠিকভাবে	16
সচিবালয়ে	16
সংখ্যাগরিষ্ঠতা	16
শোনেন	16
শোকাহত	16
শিল্পপ্রতিষ্ঠান	16
শিক্ষকের	16
শাসক	16
শান্তিপূর্ণ	16
শত্রুপক্ষের	16
লোকসান	16
লেখালেখি	16
রেশ	16
রেকাবেরেন	16
রুদ্ধশ্বাস	16
রিন্স	16
রাখায়	16
রাইটার্স	16
রপ্তানিকারক	16
রও	16
যুগান্তকারী	16
যাকে	16
মেসিরা	16
মৃত্যুকালে	16
মূল্যায়নে	16
মুহিত	16
মিনিস্টার	16
মিডওয়াইফ	16
মিজান	16
মাহাথির	16
মার্চে	16
মামুনের	16
মাদ্রিদ	16
মাত্রার	16
মসৃণ	16
মনোরম	16
মনিটরিং	16
মধুমতি	16
ভুঁইয়া	16
ভাবেন	16
ভাঙনের	16
ভাইবোন	16
ব্রাহ্মণবাড়িয়ায়	16
ব্যঙ্গ	16
বেইজিংয়ের	16
বুক	16
বিশ্বশান্তি	16
বিশ্বযুদ্ধের	16
বিশ্ববিদ্যালয়গুলোর	16
বিশ্বকে	16
বিরোধিতা	16
বিধানাবলি	16
বিদায়ী	16
বিতর্কে	16
বিড়াল	16
বিচারপতিদের	16
বিংশ	16
বারের	16
বাবারে	16
বাড়লেও	16
বাঁচাইত	16
বহিরাগত	16
বসতবাড়ি	16
বর্ণবাদ	16
বন্যপ্রাণী	16
বছরেরও	16
ফেরেনি	16
ফিরবেন	16
ফিট	16
ফায়ার	16
ফাজিল	16
প্লে	16
প্রয়োজনীয়তা	16
প্রয়াণে	16
প্রমাণের	16
প্রতীকের	16
প্রতিপক্ষের	16
প্রখ্যাত	16
প্রক্টর	16
প্রকার	16
পোস্টের	16
পেলেই	16
পেক্সেলস	16
পৃথিবীতে	16
পুনর্বিবেচনার	16
পুঁজিবাজারে	16
পিআইও	16
পাহাড়ে	16
পাশেই	16
পালনে	16
পাল	16
পাথরের	16
পাখনার	16
পাকিস্তানে	16
পাঁচটার	16
পররাষ্ট্রনীতির	16
পরতে	16
পদক্ষেপে	16
পড়েও	16
পঙ্ক্তিমালা	16
ন্যায্য	16
নেটিজেনরা	16
নেটিজেন	16
নিশ্বাস	16
নিরলস	16
নাচটি	16
নরেন্দ্র	16
ধৈর্যের	16
দোকানদার	16
দূরত্ব	16
দাসের	16
দরজায়	16
দর	16
দয়াময়	16
দফার	16
দফতর	16
দপ্তরে	16
থিবো	16
থানচি	16
তোলায়	16
তুরস্কে	16
তুঙ্গে	16
তিনিও	16
তারিক	16
তারাই	16
তামজিদ	16
তরুণরা	16
ঢুকেছে	16
ঢাবির	16
ঢাবিতে	16
ডিপার্টমেন্ট	16
ডিউন	16
টেলিগ্রাম	16
টিটিটি	16
টিকেট	16
টপকে	16
জোটের	16
জুনায়েদ	16
জিনিসপত্র	16
জিদান	16
জাহাঙ্গীরনগর	16
জান্নাতের	16
জানানোর	16
জনসংযোগ	16
ছোড়ার	16
ছেঁড়া	16
ছাপিয়ে	16
ছাড়াল	16
চিলি	16
চিনি	16
চিত্রনায়িকা	16
চালক	16
চার্জসহ	16
চাকরিজীবী	16
চক্র	16
ঘৃণা	16
ঘটনাও	16
গ্রেপ্তারে	16
গালিগালাজ	16
গার্লস	16
গণতন্ত্রে	16
খনিজ	16
ক্লাং	16
ক্রেস্ট	16
ক্যাম্পের	16
ক্যাটাগরিতে	16
কৌশলের	16
কোম্পানিতে	16
কোম্পানিগুলোতে	16
কোমর	16
কোটা	16
কোটখালী	16
কেন্দ্রীয়ভাবে	16
কেন্দ্রবিন্দু	16
কেননা	16
কিলিয়ান	16
কিউবার	16
কাশ্মীরের	16
কালচারাল	16
কার্যাদেশের	16
কার্যাদেশ	16
কার্বোহাইড্রেট	16
কারণও	16
কাটার	16
কর্তনের	16
করাও	16
কমলেও	16
কবিতারও	16
কথায়	16
কথাগুলো	16
ওয়েবসাইটের	16
ওঠায়	16
ঐতিহ্যকে	16
ঐক্য	16
এ্যানি	16
এমএমএফ	16
এমআই	16
এটিএম	16
এজেন্ডা	16
একদম	16
এএএইচ	16
উপস্থিতির	16
উপমার	16
উপমা	16
উদ্বিগ্ন	16
উত্থাপন	16
ইট	16
ইচ্ছার	16
ইও	16
ইএ	16
ইউনিসেফের	16
আহমেদের	16
আসছিলেন	16
আলোড়ন	16
আমিরকে	16
আমানতকারীর	16
আন্তরিকভাবে	16
আন্তঃশিক্ষা	16
আগুনের	16
আইডিআরএ	16
আঁর	16
অ্যালিস্টারের	16
অ্যাপল	16
অ্যানালিস্ট	16
অ্যাকশনে	16
অ্যাওয়ার্ড	16
অলিভার	16
অভিযোগও	16
অভিনব	16
অভয়নগরে	16
অব্যবস্থাপনা	16
অবসর	16
অবলম্বন	16
অঙ্গই	16
অংশীদারত্বে	16
অংশগ্রহণকারী	16
৭৭	15
৭৩১টি	15
১৯৯৯	15
১৯৬৯	15
১৯৬৬	15
১৯৫৪	15
১৯৪৫	15
১৬টি	15
১৪৭	15
১০৭	15
হ্যাঁ	15
হাকিমপুর	15
হননি	15
হতাশার	15
স্বীকারোক্তি	15
স্বাভাবিকভাবেই	15
স্বাভাবিকভাবে	15
স্বাদ	15
স্বচ্ছ	15
স্পেস	15
সেবায়	15
সেপ্টেম্বরের	15
সেন্টারের	15
সুপেয়	15
সুখের	15
সালেক	15
সার্টিফিকেট	15
সাফিয়ার	15
সাক্ষী	15
সাঁকো	15
সহমর্মিতা	15
সরবরাহে	15
সম্পৃক্ততার	15
সমালোচক	15
সন্তোষজনক	15
সতর্কীকরণ	15
সকালের	15
সংশ্লিষ্টদের	15
সংগঠিত	15
শেয়ারবাজারে	15
শহীদুল্লাহ্	15
শংকরপাশা	15
লোহা	15
লোন	15
লেন	15
লেখাপড়া	15
লিড	15
লতার	15
রেগুলেশনস	15
রায়কে	15
রজার	15
যেগুলো	15
যুগপৎ	15
যাহোক	15
মৃতের	15
মিসরের	15
মিউ	15
মানতে	15
মাথাব্যথা	15
মাছটির	15
মশা	15
মডেলের	15
ভেস্তে	15
ভূমধ্যসাগরের	15
ভূপাতিতের	15
ব্রেক	15
ব্রাহ্মণবাড়িয়ার	15
ব্যবহারকারীর	15
বোঝে	15
বৈধতার	15
বেল্ট	15
বেত্রবর্তী	15
বেজে	15
বেচে	15
বুদ্ধিমত্তাভিত্তিক	15
বুখারি	15
বিস্ময়কর	15
বিশ্বব্যাংকের	15
বিলটি	15
বিরাজ	15
বিপদের	15
বিদ্যালয়টি	15
বাহারছড়া	15
বাস্তবসম্মত	15
বারোক	15
বর্ধিত	15
বদলায়	15
বছরেও	15
ফ্ল্যাশ	15
ফ্রেশার	15
ফেস্টুন	15
ফুকেটে	15
ফিফাকে	15
ফাইনালেও	15
প্রাসাদের	15
প্রতিস্থাপন	15
প্রতিশোধ	15
প্রতিবেদনের	15
প্রকোপ	15
পোস্টার	15
পোয়েট্রি	15
পৃষ্ঠা	15
পৃথিবী	15
পুনর্নিয়োগ	15
পুনঃ	15
পিএইচডি	15
পায়েলকে	15
পাত্র	15
পাঠ্যপুস্তক	15
পলি	15
পরিদর্শনকালে	15
পরা	15
নৌ	15
নিহিত	15
নিষ্কাশনব্যবস্থা	15
নিশ্চয়তা	15
নিলের	15
নির্ভরতা	15
নিউ	15
নারীরা	15
নায়িকার	15
নাছিমা	15
নজির	15
ধুয়ে	15
ধীরগতির	15
ধাতু	15
দেশেই	15
দূষিত	15
দুশ্চিন্তায়	15
দুটির	15
দিলেই	15
দায়িত্বের	15
দামের	15
দাঁড়াতে	15
থামার	15
থাকি	15
থাকতেন	15
ত্রিশ	15
তিমি	15
তিনগুণ	15
ড্রেসডেনে	15
ডু	15
ট্যাবলেট	15
টাইপের	15
জ্ঞাপন	15
জেলেনস্কি	15
জুয়েলার্স	15
জুনিয়র	15
জিতেছে	15
জিজ্ঞেস	15
জিজ্ঞাসাবাদের	15
জাগ	15
জমছে	15
জগন্নাথ	15
ছোটপর্দার	15
ছেড়েছেন	15
ছড়ায়	15
চাপা	15
চাঁপাইনবাবগঞ্জের	15
চাঁদা	15
গাজার	15
খেলোয়াড়রা	15
খেলাফত	15
খেলছে	15
খননের	15
ক্রেতাদের	15
ক্রুজের	15
ক্যাসিনো	15
কোলাজ	15
কোল	15
কোরিয়ার	15
কুশিয়ারা	15
কিশোরীদের	15
কিনেছেন	15
কালভার্ট	15
কাল	15
কার্যকরভাবে	15
কারে	15
কারসাজি	15
কাম	15
কাটানোর	15
কাটান	15
কাগুজে	15
কাঁচামরিচের	15
কর্মসংস্থানের	15
করারোপ	15
কয়েকবার	15
কমার্স	15
ওপেনএআই	15
এভাবেই	15
এফআর	15
এনফোর্সমেন্ট	15
একাডেমি	15
একর	15
এএ	15
উষ্ণতা	15
উল্টো	15
উপবৃত্তি	15
উদযাপনটি	15
উত্তীর্ণ	15
উত্তরে	15
উচ্চবিদ্যালয়	15
ইসির	15
ইতিহাসবিদ	15
ইতালিতে	15
ইজিবাইকচালকের	15
ইউনূসের	15
আহরণ	15
আসামিদের	15
আসফিয়া	15
আর্ট	15
আবেদিন	15
আবৃত্তি	15
আপনাকে	15
আদি	15
আত্মার	15
আতিথেয়তা	15
আঠারো	15
আচরণগত	15
আকিজের	15
আকারে	15
অ্যাকশন	15
অল্টস্টাড	15
অমান্য	15
অফার	15
অপ্রয়োজনীয়	15
অন্যথায়	15
অনিশ্চয়তার	15
অনিশ্চয়তায়	15
অনিশ্চয়তা	15
অধিবেশনে	15
অগ্নিকাণ্ড	15
৫০টি	14
৩৮৭	14
২০০টিরও	14
১৯৮২	14
হ্যারি	14
হোয়াটসঅ্যাপে	14
হৃদয়ের	14
হালের	14
হায়াতি	14
হতাহত	14
স্বরাষ্ট্রমন্ত্রী	14
সোহাগ	14
সোবহান	14
সেতুবন্ধ	14
সুদূরপ্রসারী	14
সুখবর	14
সুইজারল্যান্ডকে	14
সিরিজের	14
সিদ্ধান্তটি	14
সিটির	14
সিজারিয়ান	14
সালাম	14
সারাদিন	14
সার	14
সামঞ্জস্য	14
সাবস্ক্রিপশন	14
সলিমুল্লাহ	14
সর্বনিম্ন	14
সরব	14
সম্মানিত	14
সমস্যাগ্রস্ত	14
সময়সীমার	14
সবজির	14
সফাপুর	14
সত্যিকার	14
সংস্থাটির	14
সংসদকে	14
সংবেদনশীল	14
সংক্রমণের	14
শ্রেণিকক্ষ	14
শূকর	14
শীর্ষস্থানীয়	14
শিশুস্বর্গ	14
শিক্ষাক্রমে	14
শিক্ষকতা	14
শামসুদ্দোহা	14
শাক	14
শরণখোলা	14
লোভে	14
লেভেল	14
লেকের	14
লিগ্যাল	14
লাঘবে	14
লাগান	14
রুয়েটের	14
রুটে	14
রিমান্ডের	14
রিটার্নেও	14
রাষ্ট্রবিজ্ঞান	14
রামপাল	14
রাম	14
রাজপরিবারের	14
রাজকুমারী	14
রক্ষণাবেক্ষণ	14
যুদ্ধবিরতিতেই	14
যুগে	14
যামু	14
যাত্রাবাড়ীতে	14
যাচ্ছিল	14
ম্যাচেও	14
মোসা	14
মোল্লাহাট	14
মুসলমানের	14
মুম্বাইয়ের	14
মিশিগানের	14
মাহির	14
মাল্টা	14
মার্চের	14
মারাত্মকভাবে	14
মানবতাবিরোধী	14
মাতারবাড়ী	14
মহেশপুর	14
মহল	14
মরতে	14
মন্ত্রীদের	14
মনির	14
মঠবাড়িয়া	14
মগবাজারের	14
ভিনিসিয়ুস	14
ভারতও	14
ভাঙলেন	14
ভবিষ্যত	14
ব্রাজিলকে	14
ব্রণের	14
ব্যাংককে	14
ব্যতিক্রমী	14
বোদা	14
বোঝানো	14
বৈশাখ	14
বৃদ্ধার	14
বিশ্বাসভঙ্গের	14
বিশ্বস্ত	14
বিপিএল	14
বায়ুমান	14
বানভাসি	14
বাচ্চার	14
বসবে	14
বললেই	14
বমি	14
বন্দুকসহ	14
বন্দুক	14
বন্ড	14
বইছে	14
ফেসবুকের	14
ফেরাবো	14
ফিলিপাইনে	14
ফারুয়া	14
ফটকের	14
ফকিরহাটের	14
প্রেরণা	14
প্রাপ্তির	14
প্রাদুর্ভাবের	14
প্রাণীটিকে	14
প্রতিবাদের	14
প্রতিবন্ধীবান্ধব	14
প্রজেক্ট	14
প্রকৃতপক্ষে	14
প্রকল্পটি	14
পৌঁছালাম	14
পেশা	14
পেট্রোলিয়াম	14
পিটার	14
পাহাড়পুর	14
পার্শ্ববর্তী	14
পারফেক্ট	14
পাফারফিশ	14
পানশালায়	14
পাঠ্যবইয়ের	14
পলিসির	14
পর্দায়	14
পরিবারগুলো	14
পরিচর্যা	14
পরিকল্পিতভাবে	14
পরামর্শে	14
পরাজিত	14
পরবে	14
পরবর্তীকালে	14
পরপর	14
পপুলার	14
পত্নীতলা	14
ন্যস্ত	14
নেটদুনিয়ায়	14
নেইল	14
নীতিনির্ধারণী	14
নিলেন	14
নির্ধারণী	14
নিরাময়যোগ্য	14
নিমজ্জিত	14
নালা	14
নাজুক	14
নাজিরপুর	14
নাজমিনের	14
নবজাতক	14
নবখননকৃত	14
নগরায়ণের	14
নওগাঁয়	14
ধামইরহাট	14
দ্রুতগতির	14
দেরিতে	14
দেয়ালে	14
দেবীগঞ্জ	14
দেখবে	14
দূতাবাসে	14
দুর্দশা	14
দুটোই	14
দিনগুলো	14
দাতা	14
দাঁড়ালো	14
থাকেনি	14
ত্রিপলে	14
ত্বক	14
তেলপাম্প	14
তৃণমূল	14
ডেভিড	14
ডেড	14
ডুবেছে	14
ডাকাতি	14
ঠেকানো	14
টেকলাইফ	14
টুর্নামেন্ট	14
টানে	14
জেনারেটরের	14
জেনারেটর	14
জুলাইকে	14
জীবাণুনাশক	14
জিয়ারত	14
জিন্নাপাড়া	14
জিতলেন	14
জাহাজকে	14
জায়নবাদী	14
জমিরউদ্দিন	14
জমানো	14
জনতা	14
ছোটখাটো	14
ছুড়ে	14
ছিটকে	14
ছাড়ছে	14
ছয়জন	14
ছন্দে	14
চালকেরা	14
চাঁদপাই	14
চর্চার	14
চড়াও	14
ঘড়ি	14
ঘটাতে	14
গুঁড়ি	14
খুজেস্তানে	14
খুঁড়ে	14
খাবারে	14
খান্না	14
খাজুরা	14
কোর্সে	14
কোরো	14
কোরবানি	14
কোম্পানিগুলোর	14
কোনটি	14
কেন্দ্রেও	14
কিল	14
কিবরিয়া	14
কিনতে	14
কার্যদিবসে	14
কার্বোহাইড্রেটযুক্ত	14
কারবারি	14
কারখানা	14
কানাডার	14
কাঠের	14
কাটাচ্ছে	14
কাটলে	14
কাকে	14
কাঁচামাল	14
কল্পনা	14
কর্নেল	14
করোনায়	14
কয়েকজনকে	14
কমেডি	14
কচুয়া	14
ওয়াশ	14
ওয়াটার	14
ওঠেন	14
ঐক্যের	14
এলোপাতাড়ি	14
এলএনজি	14
এরা	14
এমকেআর	14
এনেছিল	14
এজেন্সির	14
এজেন্টের	14
এগিয়েছে	14
এক্সপ্রেসওয়েতে	14
এক্সপ্রেসওয়ে	14
একাকার	14
উপযুক্ত	14
উপমন্ত্রী	14
উদ্ধারে	14
উদ্দেশ্যই	14
উত্তেজনার	14
উত্তপ্ত	14
উচ্চকক্ষ	14
ঈশ্বরদীতে	14
ইরানবিরোধী	14
ইন্দুরকানী	14
আশ্বস্ত	14
আলোকিত	14
আলীম	14
আলজেরিয়ার	14
আরাম	14
আধ	14
আত্রাই	14
আগ্রহীরা	14
আগপর্যন্ত	14
আক্রমণের	14
আইপিএল	14
আইকাও	14
আইএমএফের	14
অ্যাসোসিয়েট	14
অস্বীকৃতি	14
অস্ত্রহীন	14
অসাংবিধানিক	14
অসংগতি	14
অর্থহীন	14
অর্জনে	14
অভিষেক	14
অপেক্ষার	14
অপরাধলব্ধ	14
অপতথ্য	14
অন্তঃসত্ত্বাদের	14
অনুকূল	14
অধিকতর	14
অতিথিবাহী	14
অঙ্গনের	14
অঙ্গ	14
অগ্নিনির্বাপক	14
৯৬৬	13
৭টি	13
৪৯টি	13
৪৪৯০	13
১৯৮০	13
১৯৪১	13
১৯টি	13
১২৫	13
১১টা	13
হুন্ডি	13
হিউম্যানিটারিয়ান	13
হাশেমকে	13
হাজি	13
হাঙরের	13
হতাশা	13
স্বার্থের	13
স্বল্পতা	13
স্পেশালিস্ট	13
স্টাডিজের	13
স্ক্রিন	13
স্কিলস	13
সোনারগাঁও	13
সোনাভান	13
সেটির	13
সেগুলোকে	13
সেখানেও	13
সুমাইয়া	13
সুফল	13
সুদূর	13
সুইফট	13
সুইডেন	13
সাসটেইনিং	13
সালাহউদ্দিন	13
সামাজিকভাবে	13
সহজতর	13
সর্বাধিনায়কতা	13
সরলতার	13
সরল	13
সম্পৃক্ততা	13
সমুন্নত	13
সমাপনী	13
সমন্বয়ক	13
সবারই	13
সবসময়ই	13
সঞ্চার	13
সচরাচর	13
সওয়ার	13
সংশ্লিষ্টরা	13
সংশোধনে	13
সংবাদমাধ্যমের	13
সংগ্রামে	13
সংগীতশিল্পী	13
ষাট	13
শ্যালো	13
শোবিজ	13
শৈলী	13
শুধুমাত্র	13
শীতল	13
শীত	13
শিশুটির	13
শিথিল	13
শিক্ষাপ্রতিষ্ঠানে	13
শহরটি	13
শরীয়তপুরের	13
শঙ্কায়	13
লাগিয়ে	13
লাগাম	13
লবণ	13
রোদের	13
রোদে	13
রূপে	13
রাষ্ট্রায়ত্ত	13
রামগড়	13
রাজশাহীর	13
রাউন্ড	13
রাইট	13
রসূল	13
রমজান	13
রঙ	13
যেটিকে	13
যাত্রাবাড়ী	13
যন্ত্রের	13
যথার্থ	13
মোড়ে	13
মেহনতি	13
মেয়েরা	13
মেট্রো	13
মেঘের	13
মৃত্যুবার্ষিকী	13
মুহূর্তকে	13
মুরগি	13
মুমিনের	13
মুফতি	13
মিশর	13
মিটিং	13
মাহদী	13
মানুষও	13
মাঝামাঝি	13
মহানবী	13
মল	13
মরিচ	13
ভোলার	13
ভেরিফায়েড	13
ভেনেজুয়েলা	13
ভিন্নধর্মী	13
ভিত্তিক	13
ভাষণে	13
ভারসাম্যপূর্ণ	13
ভার	13
ভাবা	13
ভাইরাস	13
ব্যাগ	13
ব্যক্তিরা	13
বেল্টের	13
বেড়ায়	13
বিশুদ্ধকরণ	13
বিরতিতে	13
বিবেচনার	13
বিপাকে	13
বিঘ্নিত	13
বিকশিত	13
বাস্তবেও	13
বাসাভাড়ার	13
বাসস্থান	13
বায়ুদূষণে	13
বানানোর	13
বাদল	13
বাতাসে	13
বাড়িয়েছে	13
বাড়াবে	13
বলছি	13
বরাদ্দের	13
বরাতে	13
বয়সের	13
বন্যাজনিত	13
বছরই	13
ফিলিপাইন	13
ফাউল	13
ফাউন্ডেশনের	13
ফাঁড়ির	13
ফলাফলে	13
ফটকে	13
প্রাণের	13
প্রশাসনকে	13
প্রভাবমুক্ত	13
প্রদেশে	13
প্রদেশ	13
প্রত্যেকেই	13
প্রতীক্ষিত	13
প্রতিকার	13
প্রতিও	13
প্রচেষ্টাকে	13
প্রক্রিয়াধীন	13
প্যাথলজি	13
পৌঁছেছে	13
পোয়া	13
পেছাল	13
পুরান	13
পুনর্বহালের	13
পুঁজি	13
পারতাম	13
পাঠিয়েছে	13
পাচ্ছিলাম	13
পাইপ	13
পশ্চিমের	13
পশ্চিমবঙ্গে	13
পশুর	13
পরিষেবা	13
পরামর্শই	13
পররাষ্ট্রসচিবেরা	13
পঙ্গু	13
পক্ষই	13
নেত্রকোনায়	13
নির্মাণে	13
নির্দেশনায়	13
নিরসন	13
নিয়ন্ত্রণের	13
নিম্নমুখী	13
নাতির	13
নাও	13
নয়ন	13
নম্বরের	13
নখের	13
ধোঁয়া	13
দ্রুততম	13
দ্রুতগতিতে	13
দোকানের	13
দেবী	13
দুর্বৃত্তরা	13
দুধকুমার	13
দিয়েগো	13
দিবসের	13
দায়িত্বও	13
দাঁড়িয়েছেন	13
দর্শনের	13
তৃতীয়ত	13
তিশা	13
তিমিরাও	13
তাৎপর্যপূর্ণ	13
তারান্নুম	13
তানজিম	13
ঢুকছে	13
ডিমের	13
ডিমে	13
ডিএনসিসি	13
ডায়াবেটিস	13
ডান	13
ঠিকই	13
ট্যালেন্টপুলে	13
টোল	13
টেকনাফে	13
টার্মিনাল	13
ঝুম	13
জ্যাকসনের	13
জেফার	13
জেনারেলের	13
জেতে	13
জুলা	13
জীবনদর্শন	13
জাপানি	13
জানাচ্ছেন	13
জলে	13
জমিতে	13
জবানবন্দিতে	13
জনজীবন	13
জড়িতদের	13
জঙ্গি	13
ছেলেকে	13
ছায়া	13
ছয়জনসহ	13
চোরাচালান	13
চেয়েছিলাম	13
চিরস্থায়ী	13
চামচ	13
চাকরিবাকরি	13
চর্চা	13
চম্পা	13
চংকিং	13
ঘুমে	13
গ্যালারিতে	13
গৌরি	13
গোলটি	13
গোডাউন	13
গিলে	13
গিয়েছিলাম	13
গর্ববোধ	13
গভীরে	13
খোঁজে	13
খেলোয়াড়েরা	13
খেলেছে	13
খুনের	13
খালাস	13
খাই	13
ক্রমেই	13
কোণঠাসা	13
কেশম	13
কৃষিমন্ত্রী	13
কালেকশন	13
কালকিনি	13
কার্যক্রমও	13
কারবারিদের	13
কান্নাও	13
কাটানো	13
কর্মীর	13
কর্তব্য	13
করুক	13
করিডরের	13
কমিউনিটির	13
কনফারেন্স	13
কনটেক্সটস	13
কণা	13
কঙ্গোর	13
কংগ্রেস	13
ওয়াহেদ	13
ওয়াহিদার	13
এলডিপির	13
এমনটাই	13
এবারই	13
এনআরবি	13
এখান	13
একীভূত	13
একটানা	13
একটাই	13
এইচআরডব্লিউ	13
উল্লিখিত	13
উবার	13
উপায়ে	13
উপকার	13
উন্মোচন	13
উঠলেও	13
উচ্চমাত্রার	13
উগান্ডার	13
উইমেন	13
ইয়ামাল	13
ইবি	13
ইন্টারসেপ্টর	13
ইনস্যুরেন্স	13
আসর	13
আসব	13
আর্সেনালের	13
আর্টস	13
আমেজ	13
আমরাই	13
আব্দুস	13
আবেদনকারী	13
আফছার	13
আন্ধারমানিক	13
আন্তোনিও	13
আনিছুর	13
আত্মীয়	13
আগ্রাসনের	13
আগস্টে	13
আগমন	13
অ্যাজ	13
অস্থায়ীভাবে	13
অর্ধেক	13
অবস্থানের	13
অবনতির	13
অবদানের	13
অফবিট	13
অপসারণের	13
অনুপস্থিতি	13
অংশীদারদের	13
৯৫তম	12
৯৪৩	12
৯৩	12
৯২	12
৮৮০১৭১৪০৮০৩৭৮	12
৬৬৪	12
৬৩	12
৫৫০২৯৮৩২	12
৫০০টি	12
৪৩১	12
২৫০তম	12
১৯৫০	12
১৬৮	12
১৪২	12
১৩৩৫	12
হোয়াইটওয়াশ	12
হেলিকপ্টার	12
হুন্ডির	12
হাউজিং	12
হাঁস	12
হরিনহাটি	12
হয়েছি	12
হট্টগোল	12
হটস্পট	12
স্বৈরাচার	12
স্বেচ্ছাসেবী	12
স্বাস্থ্যব্যবস্থা	12
স্বাস্থ্যখাতে	12
স্বর্ণপদকজয়ী	12
স্বতর্ক	12
স্বতঃস্ফূর্ত	12
স্প্র্যাট	12
স্পেনীয়	12
স্টেপ	12
সৌভাগ্য	12
সোমালি	12
সোমবারও	12
সৈয়দপুরে	12
সেনেগালের	12
সেনাবাহিনীতে	12
সেংগোরের	12
সুশাসন	12
সুবিধার্থে	12
সুদানের	12
সুগার	12
সুকুমার	12
সীমারেখা	12
সীমানা	12
সালভাদোর	12
সায়েন্সে	12
সায়াদাতিয়া	12
সাপোর্ট	12
সাইয়ারা	12
সহমর্মিতার	12
সহদেব	12
সর্বোত্তম	12
সরঞ্জামের	12
সম্পাদিত	12
সমাজতান্ত্রিক	12
সচেতনভাবে	12
সংস্থাকে	12
সংবিধিবদ্ধ	12
সংজ্ঞা	12
সংঘাতে	12
শোষিত	12
শোনে	12
শেষনিশ্বাস	12
শেখে	12
শিকারে	12
শিকড়ের	12
শাসনের	12
শাখায়	12
শাকসবজি	12
শহরটিকে	12
শরীরচর্চা	12
ল্যাংগুয়েজ	12
লোকদের	12
লেবার	12
লেখ্যরূপ	12
লিবারেল	12
লিগে	12
লজ্জার	12
রোগীরা	12
রেজোল্যুশন	12
রুমিন	12
রুটি	12
রুট	12
রিয়েল	12
রিভিশন	12
রাসায়নিক	12
রানওয়ে	12
রাখবে	12
রাখতেন	12
রবিন	12
রফতানিকারক	12
যেটা	12
যুদ্ধক্ষেত্রে	12
যুক্ততার	12
যাব	12
যত্রতত্র	12
যতদিন	12
মোনেম	12
মোড়কে	12
মেহজাবীন	12
মেডেল	12
মেঘালয়	12
মেগাসিটি	12
মেইলের	12
মৃত্যুকে	12
মূল্যস্ফীতির	12
মুন্সীগঞ্জের	12
মুদ্রাবাজারে	12
মিসরকে	12
মিশিয়ে	12
মিলিটারি	12
মিনিবাস	12
মালিকানা	12
মার্ক্সবাদকে	12
মায়াকভস্কির	12
মানুষজন	12
মানসম্মত	12
মানসম্পন্ন	12
মাজহারুল	12
মহল্লায়	12
মসজিদটির	12
মর্মান্তিক	12
মরে	12
মরক্কো	12
মমতায়	12
মন্দের	12
মনের	12
মনিটরিংয়ের	12
মনস্তাত্ত্বিক	12
মধ্যরাতের	12
মতভেদ	12
মজিবুর	12
মঙ্গলাচরণ	12
ভোটে	12
ভেঙেছে	12
ভূষণছড়া	12
ভীষণ	12
ভীতি	12
ভাবলাম	12
ভাড়ার	12
ভাঙ্গার	12
ভাগনে	12
ভাইবোনের	12
ভবিষ্যদ্বাণী	12
ব্ল্যাকহোল	12
ব্ল্যাক	12
ব্লাইন্ডার্স	12
ব্যারেলপ্রতি	12
ব্যাডমিন্টন	12
ব্যবহূত	12
ব্যবসায়ীরা	12
বেতনে	12
বেঞ্চের	12
বুদ্ধিমান	12
বুঝবেন	12
বীজ	12
বিশৃঙ্খলা	12
বিরতির	12
বিরক্ত	12
বিমানটি	12
বিমানঘাঁটির	12
বিভক্ত	12
বিনিয়োগে	12
বিদেশিদের	12
বিএএফএ	12
বাবু	12
বাধ্যবাধকতা	12
বাদামি	12
বাতাসের	12
বাণিজ্যমন্ত্রী	12
বাঘারপাড়ায়	12
বাঁচিয়ে	12
বাঁচানোর	12
বাঁকড়া	12
বসতির	12
বয়স্ক	12
বন্ডের	12
বনাম	12
ফ্যান্টা	12
ফোরলানের	12
ফেলেছি	12
ফেলি	12
ফেডারেশন	12
ফারজানার	12
ফাইন্যান্স	12
ফাঁদের	12
প্রার্থীকে	12
প্রার্থনা	12
প্রাণীগুলো	12
প্রযুক্তিতে	12
প্রভাত	12
প্রথমপত্র	12
প্রতিবেশীর	12
প্রতিকূল	12
প্রকৌশল	12
প্রকৃতিতে	12
প্রকট	12
পৌরসভায়	12
পেসত্রয়ী	12
পেস	12
পেরোতেই	12
পেরেছি	12
পুলিশকে	12
পিস	12
পিয়ানো	12
পিঠে	12
পিকি	12
পাপ	12
পাঠাবো	12
পাগলাকানাই	12
পল্লীবিদ্যুৎ	12
পরোক্ষভাবে	12
পরীক্ষাও	12
পরিপন্থি	12
পরস্পরবিরোধী	12
পদ্মায়	12
পড়লো	12
নোটিশে	12
নেশায়	12
নেতানিয়াহুর	12
নেটফ্লিক্স	12
নিষ্ঠুর	12
নিশ্চিতভাবে	12
নির্যাতন	12
নির্মূল	12
নির্ভরশীল	12
নিরাপত্তাগত	12
নিরস্ত্র	12
নিয়মের	12
নিম্ন	12
নিকোলাস	12
নিকো	12
নিউইয়র্কের	12
নামঞ্জুর	12
নাগরিকেরা	12
নাকাল	12
নগরায়ণ	12
নগরবাসীর	12
ধারাবাহিকতা	12
ধারাটি	12
ধর্মেশ	12
দৌড়	12
দেশই	12
দেখাচ্ছে	12
দৃষ্টান্তমূলক	12
দুটিই	12
দিনভর	12
দিতেন	12
দাঁত	12
দস্যুদল	12
দর্শনার্থীদের	12
থুসিডাইডিসের	12
থামেনি	12
তোশক	12
তুলছেন	12
তিনটার	12
তারে	12
তারল্যসংকট	12
তারল্য	12
তাছাড়া	12
তাকাতে	12
তরুণের	12
ডেমোক্রেটিক	12
ডিসিপ্লিনারি	12
ডাস্টবিনে	12
ডাকাতকে	12
ডজন	12
ঠিকঠাক	12
ট্রেনের	12
ট্রান্সপোর্ট	12
টিভিকে	12
টিকটক	12
টাইব্রেকারে	12
টয়লেট	12
ঝগড়া	12
জেল	12
জেতার	12
জেগে	12
জুলাইয়ে	12
জুতসই	12
জীবাণু	12
জিয়াউর	12
জিনিসটা	12
জালাল	12
জায়গার	12
জামাই	12
জানিয়েছিলেন	12
জানাজার	12
জাজিম	12
জলজট	12
জনসভায়	12
জনশক্তি	12
ছোটাছুটি	12
ছাত্রশক্তি	12
ছবিতেই	12
চেকপোস্টে	12
চুক্তিভিত্তিক	12
চিন্তাধারার	12
চিকিৎসকরা	12
চারপাশের	12
চাইল	12
চাইছেন	12
চট্টোপাধ্যায়	12
চঞ্চল	12
ঘটাবো	12
গৌরবময়	12
গোলকিপার	12
গেটের	12
গৃহস্থালির	12
গুলশানসহ	12
গুঞ্জন	12
গুচ্ছের	12
গবাদিপশুর	12
গঞ্জালেস	12
খেলোয়াড়ি	12
খেলেননি	12
খেয়ানত	12
খারিজ	12
খাবারও	12
খাগড়াছড়ির	12
ক্ষুধা	12
ক্ষয়	12
ক্ষতিও	12
ক্লান্ত	12
ক্রোয়েশিয়া	12
ক্রমাগত	12
ক্যাম্প	12
কৌতুক	12
কোডা	12
কো	12
কেজে	12
কেজিতে	12
কুদৃষ্টি	12
কুঁড়ি	12
কিনশাসা	12
কিনলে	12
কিন	12
কিউআরের	12
কাহিনি	12
কাজই	12
কাছেও	12
কাঁঠাল	12
কাঁটার	12
কর্মকমিশন	12
করাকে	12
করযোগ্য	12
করব্যবস্থা	12
কমিয়েছে	12
কমিটিকে	12
কবিদের	12
কনকর্ড	12
ওয়াশিংটনের	12
ওয়ালেট	12
ওয়াচের	12
ওপেন	12
ঐশী	12
এয়ারপোর্ট	12
এমএএইচ	12
এনজিওর	12
এনক্রিপশন	12
এনএইচআর	12
এথেন্স	12
এজাহারে	12
এখানেও	12
একাকিত্বের	12
একাই	12
একরকম	12
একদিনের	12
একদিনে	12
একত্র	12
একটিমাত্র	12
একটার	12
এএমএ	12
এএফএর	12
উপাদানের	12
উপস্থাপিত	12
উপসর্গে	12
উপভাষা	12
উদ্ধৃত	12
উত্তরণ	12
উড়িয়ে	12
উজ্জীবিত	12
উচ্ছ্বাসে	12
ইস্যু	12
ইরানিদের	12
ইরফান	12
ইয়ামালের	12
ইমান	12
ইবরার	12
ইন্স্যুরেন্সের	12
ইন্টার্নশিপ	12
ইউপি	12
আসামিরা	12
আসরের	12
আয়েন্দের	12
আয়েন্দে	12
আয়সীমা	12
আমদানিতে	12
আবাসস্থল	12
আবদ্ধ	12
আবগারি	12
আনন্দিত	12
আড়াল	12
আকসা	12
আউটলেট	12
আইসিইউতে	12
আইসিইউ	12
আইএটিএ	12
অ্যাপেনডিক্স	12
অসীম	12
অলিম্পিয়াড	12
অযথা	12
অভিনেত্রীই	12
অবহেলায়	12
অপরকে	12
অনুপ্রাণিত	12
অটুট	12
অক্সিজেন	12
৮টায়	11
৫৮গ	11
৫৮খ	11
৫টা	11
৩১১	11
২১৬	11
১৯৯৪	11
১৫৮	11
১১২	11
১১১	11
১১টার	11
হুইপ	11
হাসিবুজ্জামান	11
হাতিটিকে	11
হাঙ্গেরির	11
হাউসে	11
হাউস	11
হাইকোর্টে	11
হরমুজে	11
স্যাঁতসেঁতে	11
স্বাদে	11
স্বপ্নভঙ্গের	11
স্নেহ	11
স্থায়ীভাবে	11
স্তর	11
স্ট্রাইক	11
স্ট্যানলি	11
স্টক	11
স্কোয়াডের	11
স্কালোনির	11
সৌন্দর্যকে	11
সৌজন্যে	11
সেভ	11
সিদ্ধার্থ	11
সার্ভিসের	11
সার্বভৌমত্ব	11
সার্চ	11
সাবমেরিনগুলো	11
সাদিও	11
সাতটার	11
সাতজন	11
সাকিবের	11
সহযোগিতানির্ভর	11
সর্বস্তরের	11
সরকারে	11
সম্বোধন	11
সম্প্রদায়	11
সম্পৃক্ত	11
সম্পর্কটি	11
সমালোচকের	11
সময়োপযোগী	11
সমন্বয়হীনতা	11
সবখানেই	11
সফটওয়্যার	11
সপ্তাহেই	11
সনদে	11
সত্যি	11
সক্ষমতাকে	11
সকালেই	11
সকলকে	11
সংসারে	11
সংশোধনীতে	11
সংশোধনীকে	11
সংখ্যায়	11
ষোলোর	11
শ্রেষ্ঠত্ব	11
শ্রাবণে	11
শোভা	11
শেহরিন	11
শুটিংয়ে	11
শিগগিরই	11
শিখতে	11
শিকারির	11
শায়লা	11
শক্তিগুলো	11
লোহায়	11
লোনের	11
লোকচক্ষুর	11
লিভারপুলের	11
লিখেছিলেন	11
লালবাগের	11
লালন	11
লামিনে	11
লাগোয়া	11
লাইক	11
লরা	11
লক্ষাধিক	11
লক্ষণীয়	11
রেসকিউ	11
রেভিনিউ	11
রূপরেখা	11
রিসিভ	11
রাফি	11
রাধা	11
রাজধানীবাসী	11
রচিত	11
যন্ত্রপাতি	11
যথাক্রমে	11
যতই	11
মৌসুমের	11
মৌসুম	11
মোটেও	11
মেতেছে	11
মেঘলা	11
মুসলিমদের	11
মুন্সী	11
মুখর	11
মিসাইল	11
মালামাল	11
মায়ামির	11
মাতামুহুরী	11
মাঝপথে	11
মাংসপেশি	11
মহাকাব্যিক	11
মর্যাদার	11
মর্নিং	11
মধ্যরাতে	11
মধ্যরাত	11
মঞ্জুরি	11
ভেঙেছিল	11
ভূষিত	11
ভিপি	11
ভাষাই	11
ভালোবাসে	11
ভাগের	11
ভলোদিমির	11
ভঙ্গিতে	11
ব্র্যান্ডের	11
ব্র্যান্ডিং	11
ব্যারেল	11
ব্যাটে	11
ব্যাক	11
ব্যাংকিংয়ে	11
ব্যতিক্রম	11
ব্যক্তিগতভাবে	11
বোঝাপড়া	11
বৈশিষ্ট্যে	11
বেশকিছু	11
বেলুচিস্তানের	11
বেনজেমা	11
বৃষ্টিও	11
বৃদ্ধের	11
বিস্মিত	11
বিশ্বাসযোগ্য	11
বিভাজন	11
বিভাগই	11
বিনিয়োগকারীদের	11
বিনামূল্যে	11
বিধানও	11
বিদ্যাসাগর	11
বিতরণে	11
বিডিজবস	11
বিচারের	11
বিচারপতির	11
বিএসইসির	11
বাথরুমে	11
বাড়ার	11
বাজি	11
বাগাতিপাড়ায়	11
বাইরেও	11
বাংলাদেশেও	11
বাংলাদশে	11
বাঁশখালীর	11
বস্ত্র	11
বস্তিতে	11
বসানো	11
বসবাসকারী	11
বলাঙ্গির	11
বন্যার্ত	11
বন্ধে	11
বন্ধন	11
বনাঞ্চল	11
বঞ্চনার	11
বজ্রবৃষ্টি	11
বইটির	11
ফ্ল্যাটে	11
ফিস	11
ফিলিপাইনের	11
ফটোকপি	11
ফকল্যান্ড	11
প্রাসঙ্গিক	11
প্রাদুর্ভাবে	11
প্রস্ফুটিত	11
প্রস্তাবনা	11
প্রশস্ত	11
প্রশংসার	11
প্রয়োগের	11
প্রত্যয়	11
প্রতিষ্ঠানগুলোকে	11
প্রতিশ্রুতিবদ্ধ	11
প্রতিশোধে	11
প্রতারক	11
প্রজ্ঞাপন	11
প্যারিসের	11
প্যারিস	11
প্যানেলে	11
পৌঁছালে	11
পৌঁছানো	11
পেইড	11
পুকুর	11
পুঁজিবাজার	11
পিকআপে	11
পাম্প	11
পাড়ুকোনকে	11
পাঠ্যপুস্তকে	11
পাঁচজন	11
পশ্চিমবঙ্গের	11
পলিথিন	11
পরিপূর্ণ	11
পরবাসে	11
পচে	11
পকাত	11
নেব	11
নূর	11
নিষ্ঠা	11
নিষ্কাশনে	11
নির্মল	11
নির্ভুল	11
নির্দেশের	11
নিয়া	11
নিম্নাঞ্চলের	11
নিবিড়	11
নামেই	11
নাব্যতা	11
নরওয়েকে	11
নবায়নযোগ্য	11
নদীগুলোর	11
নজিরবিহীন	11
নওগাঁর	11
ধ্বংসও	11
ধামাল	11
দ্বাদশ	11
দোষীদের	11
দেহ	11
দেখাবে	11
দেখবেন	11
দেখছি	11
দূষণমুক্ত	11
দূরদর্শী	11
দুইবার	11
দামোদর	11
দামও	11
দত্ততে	11
দড়ি	11
থ্রিলার	11
থাকলেই	11
ত্রুটিপূর্ণ	11
তুলারামপুর	11
তুরাগ	11
তাহনী	11
তাসকিন	11
তাপপ্রবাহ	11
তাড়াহুড়া	11
তাকরিমকে	11
তফসিল	11
তন্দ্রায়	11
তথ্যানুসারে	11
তকমা	11
ডেথ	11
ডিভিশন	11
ডিজাইনে	11
ডিএফটি	11
ট্রিবিউনে	11
টেলিযোগাযোগ	11
টুর্নামেন্টে	11
ঝড়ের	11
জোন	11
জেনেভায়	11
জেট	11
জীবিকার	11
জিনেদিন	11
জিতুক	11
জাফর	11
জানায়নি	11
জাতিসংঘের	11
জন্	11
জনসমক্ষে	11
জনবলসংকট	11
জনগণকে	11
ছোটবেলায়	11
ছোঁয়ালে	11
ছাপায়	11
ছাত্রলীগের	11
ছাড়লেন	11
চেষ্টার	11
চেম্বারের	11
চিত্রশিল্পী	11
চামড়া	11
চাচাতো	11
চাচা	11
চাকরিতে	11
চলেন	11
চট্টগ্রামসহ	11
ঘোড়া	11
ঘটতে	11
গ্রাহককে	11
গ্যাসের	11
গোবিন্দ	11
গোপনে	11
গৃহবধূ	11
গায়ের	11
গাফিলতির	11
গাইলাম	11
গরুর	11
গবেষণাপ্রতিষ্ঠান	11
গতকালই	11
গড	11
খোঁজা	11
খেলাধুলায়	11
খেলাধুলাকে	11
খাতকে	11
খাটো	11
খাঁচা	11
ক্ষিপ্রতা	11
ক্ষতস্থানে	11
ক্লিনিক্যাল	11
ক্লার্ক	11
ক্রিকেটার	11
ক্যান্টনমেন্ট	11
কৌতূহল	11
কোমরপানি	11
কেলেঙ্কারি	11
কিশিদাকে	11
কিট	11
কালী	11
কারবার	11
কান্নায়	11
কাদায়	11
কাঁধে	11
কাঁঠালের	11
কাঁটায়	11
কলোনি	11
কর্পোরেট	11
করিয়েছে	11
কমার	11
ঔপনিবেশিক	11
ওহে	11
ওয়ার্ল্ড	11
এসো	11
এসইভিপি	11
এসআর	11
এলাকাবাসীর	11
এরপরও	11
এমনটি	11
এপিএইচ	11
এতদিন	11
এডি	11
এক্সামিনেশনস	11
একরামুল	11
একবারেই	11
এইচএসবিসি	11
উসকে	11
উপসাগর	11
উন্মোচিত	11
উন্নয়নশীল	11
উত্তেজনায়	11
উত্তরণের	11
উচ্চপর্যায়ের	11
উগরে	11
ইসলামীর	11
ইরাকে	11
ইমিথমেকারস	11
ইন্দোনেশিয়ায়	11
ইন্টারনেটে	11
ইনস্টিটিউটে	11
ইকোট্যুরিজম	11
ইউরো	11
ইংলিশদের	11
ইংরেজ	11
আসছিল	11
আসছি	11
আশীর্বাদ	11
আশঙ্কায়	11
আলজেরিয়া	11
আরেকজন	11
আয়না	11
আমরাও	11
আমদানিকারক	11
আবাস	11
আনুষ্ঠানিকতা	11
আধুনিকায়ন	11
আত্মসমর্পণ	11
আড়িয়াল	11
আজীবনের	11
আজহা	11
আছড়ে	11
আচার	11
আগামীতে	11
আক্রায়	11
আকারের	11
আকাঙ্ক্ষা	11
আইয়ুব	11
আইএমডিবি	11
অসুস্থতার	11
অসামঞ্জস্যপূর্ণ	11
অলংকার	11
অয়েল	11
অভিভাবকরা	11
অপব্যবহার	11
অপটিক্যাল	11
অনেকাংশে	11
অগ্নিকাণ্ডে	11
অংশীজনের	11
অংশও	11
অংশই	11
৯৫০	10
৯টি	10
৫৭৫টি	10
৫৪টি	10
৩৩টি	10
২৮১	10
২৮০	10
২৪০	10
২০০৩	10
১৯৮৯	10
১৯৭৫	10
১৯৫৮	10
১৯০৪	10
১৭৮	10
১ক	10
হ্লাইং	10
হ্যাঙ্গার	10
হুলিয়ান	10
হিস্ট্রি	10
হিঁচড়ে	10
হারিসুল	10
হামলাকারীরা	10
হানতে	10
হাজিরা	10
হাঁটা	10
হাঁটছে	10
হস্তক্ষেপের	10
হরমোজগান	10
হতাশ	10
হকার	10
হই	10
স্যোশাল	10
স্মারকলিপি	10
স্বদেশের	10
স্ব	10
স্থিতিশীলতার	10
স্থিতিশীল	10
স্ট্রোক	10
স্ট্রেচিং	10
স্টোরেজ	10
স্ক্যান	10
সোনালি	10
সেশন	10
সেলের	10
সেচ	10
সুসংগঠিত	10
সুষম	10
সুরক্ষিত	10
সুখ	10
সিস্তান	10
সিসি	10
সিল	10
সিনেমাটি	10
সিনেমাটা	10
সিঁড়ি	10
সাহিত্যে	10
সার্ভার	10
সার্কাস	10
সারোয়ার	10
সামাল	10
সামান্থার	10
সাবেরা	10
সাফিয়া	10
সানি	10
সাধারণভাবে	10
সাতজনের	10
সাগরদী	10
সাও	10
সর্বত্র	10
সম্মানের	10
সম্মানে	10
সমালোচিত	10
সমর্থকেরা	10
সমকামীদের	10
সবকিছুতেই	10
সপ্তম	10
সনদের	10
সতর্কবার্তাগুলো	10
সতর্কতামূলক	10
সড়কগুলোতে	10
সক্রিয়তার	10
সংখ্যার	10
সংকটকে	10
সংকটও	10
ষোলোতে	10
শেরপুরের	10
শিল্পকর্ম	10
শিরোনামের	10
শিক্ষকেরা	10
শাণিত	10
শাড়িটি	10
শহিদদের	10
শহরটির	10
শরণার্থীদের	10
শরকির	10
শব্দে	10
শপ	10
শনাক্তে	10
শত্রুতার	10
শতক	10
শক্তিধর	10
ল্যান্ডস্কেপের	10
লোডশেডিং	10
লোগো	10
লুকে	10
লিল্লাহি	10
লিখুক	10
লিখছে	10
লালচে	10
লাগার	10
লাগা	10
লাইভে	10
লজ্জা	10
রোহান	10
রেখেছিলাম	10
রেখেছিল	10
রূপায়ণ	10
রিসোর্ট	10
রান	10
রাজ্যটির	10
রাজৈর	10
রাজিউন	10
রাগ	10
রহমত	10
রক্ষক	10
রইলো	10
যৌনজীবন	10
যুগের	10
যুক্তরাজ্যে	10
মোহাম্মদপুর	10
মোনাকো	10
মোজা	10
মেয়াদকালে	10
মেতে	10
মেঘে	10
মুসা	10
মুছে	10
মুক্তচিন্তা	10
মিশ্র	10
মিলনমেলা	10
মিরপুরের	10
মিন	10
মিত্ররা	10
মিডল	10
মালিকানাধীন	10
মাভাবিপ্রবিতে	10
মানবতা	10
মাদেইরা	10
মহাশ্মশান	10
মহারণে	10
মহলের	10
মল্লিকের	10
মরিয়া	10
মরদেহটি	10
মন্দিরের	10
মন্দা	10
মন্ত্রিসভায়	10
মন্ত্রণালয়ে	10
মণ্ডল	10
ভোলায়	10
ভেনেজুয়েলার	10
ভেজ	10
ভূমিকার	10
ভূপাতিত	10
ভিপিএন	10
ভিড়ে	10
ভারসাম্যের	10
ভারসাম্যকে	10
ভারতকে	10
ভান্ডারিয়া	10
ভাগ্য	10
ভাগনি	10
ভাইরাসের	10
ব্রেন্ট	10
ব্যয়ে	10
বোলার	10
বোর্ডেও	10
বেনাপোল	10
বেড়াতে	10
বেড়াচ্ছে	10
বেগে	10
বৃষ্টিভেজা	10
বৃদ্ধিতে	10
বৃক্ষরোপন	10
বুলেটিন	10
বুলিং	10
বুধবারের	10
বিসর্জন	10
বিশ্ববিদ্যালয়সমূহের	10
বিলোপসহ	10
বিয়েলসার	10
বিভ্রান্তিকর	10
বিবেকের	10
বিপিসি	10
বিন্দু	10
বিনিয়োগকারী	10
বিডি	10
বিচরণক্ষেত্র	10
বাহিনীকে	10
বাসাভাড়া	10
বারী	10
বামবালিতে	10
বাবুল	10
বানিয়েছেন	10
বাজে	10
বসেন	10
বসা	10
বর্জ্যের	10
বরিষায়	10
বরাবরই	10
বন্ধুসভার	10
বখতিয়ার	10
ফোয়ারা	10
ফেরাতে	10
ফুরিয়ে	10
ফুটিয়ে	10
ফিশিং	10
ফিলিস্তিনিকে	10
ফিজির	10
ফারিয়া	10
ফাঁসির	10
ফলের	10
ফলেই	10
ফরিদপুরসহ	10
ফন্টেইনব্লো	10
ফকিরাপুল	10
প্রোটিন	10
প্রেমিককে	10
প্রিন্ট	10
প্রারম্ভিক	10
প্রাচীনকাল	10
প্রযোজনায়	10
প্রমোদতরি	10
প্রভিডেন্ট	10
প্রবর্তন	10
প্রত্যাশার	10
প্রত্যাশায়	10
প্রতীয়মান	10
প্রতিবার	10
প্রতিফলিত	10
প্রতারিত	10
প্রটোকল	10
প্রজ্ঞা	10
প্রচারের	10
প্যারেড	10
প্যাকেজ	10
পোষণ	10
পোশাকশিল্প	10
পেইজ	10
পেঁপে	10
পুরুষের	10
পুনর্বাসনকেন্দ্রে	10
পুনর্জন্মের	10
পুনর্জন্ম	10
পীড়ন	10
পিএসভি	10
পিআইসিইউ	10
পারায়	10
পারবো	10
পাড়ের	10
পাড়টা	10
পাটোয়ারী	10
পাওলো	10
পাইকারি	10
পশলা	10
পর্বতমালার	10
পরিষ্কারের	10
পরিপূরক	10
পরিচ্ছেদে	10
পরিচয়পত্র	10
পরিকল্পনামন্ত্রী	10
পরাশক্তিদের	10
পথচারী	10
পড়াশুনা	10
পড়লেও	10
পচা	10
নোয়াখালীতে	10
নেভি	10
নেওয়াজ	10
নীলফামারীর	10
নীতিনির্ধারকদের	10
নিহতরা	10
নিষ্ঠাবান	10
নিলেও	10
নিলামে	10
নির্মাণকাজ	10
নিম্নমানের	10
নিবেদিতপ্রাণ	10
নিত্যপণ্যের	10
নাহার	10
নার্সিং	10
নাবিক	10
নাতনির	10
নাটকীয়	10
নয়টায়	10
নমনীয়তা	10
নখে	10
ধারাবাহিকটিতে	10
ধান	10
ধরলাম	10
ধরবেন	10
দ্বীপের	10
দৌড়ে	10
দোষারোপ	10
দৈর্ঘ্য	10
দেশটিকে	10
দেখেছিলাম	10
দৃষ্টিতে	10
দূত	10
দুস্থ	10
দুশ্চিন্তা	10
দীর্ঘক্ষণ	10
দিনই	10
দিদিয়ের	10
দিকনির্দেশনামূলক	10
দায়েরের	10
দাবিদার	10
দাবা	10
দাদি	10
দাতুক	10
দাঁড়ালে	10
দরদি	10
দণ্ডবিধির	10
থিয়েটারে	10
থানাধীন	10
থাকাকালে	10
ত্রুটির	10
ত্রাণের	10
তুলল	10
তুলনামূলকভাবে	10
তুলছে	10
তিশার	10
তিনবার	10
তাহিরপুর	10
তালিকাভুক্ত	10
তাপমাত্রার	10
তাণ্ডব	10
তাকি	10
তাকরিমের	10
তদারকি	10
ততদিন	10
তখনও	10
ঢুকতে	10
ঢাকাতেও	10
ড্রিংক	10
ডোরা	10
ডেমোক্র্যাটিক	10
ডেমারেজ	10
ডিসি	10
ডিবির	10
ডিফেন্স	10
ডিপিডিসি	10
ডিএসইতে	10
ডিএফও	10
ডায়রিয়া	10
ডাকা	10
ট্রেনে	10
ট্রাইব্যুনালের	10
টেক্সটাইল	10
টিউবওয়েল	10
টাস্ক	10
টান	10
টপস	10
ঝোড়ো	10
ঝরো	10
জ্বালানির	10
জ্বর	10
জোগায়	10
জুমার	10
জীবনবোধ	10
জীবনকে	10
জারির	10
জামায়াতের	10
জামসেদ	10
জাভা	10
জান্নাত	10
জানাবেন	10
জানবেন	10
জাদুঘরের	10
জলাভূমি	10
জন্যে	10
জনে	10
ছিনিয়ে	10
ছিটানোর	10
ছাড়েনি	10
ছাড়তে	10
ছাই	10
চ্যাট	10
চেহারা	10
চুরির	10
চুমুক	10
চিত্রকর্ম	10
চিকিৎসকেরা	10
চিও	10
ঘাম	10
ঘরকে	10
ঘনিয়ে	10
ঘনঘোর	10
ঘটেছিল	10
গ্রাহামের	10
গ্রাফিক্স	10
গেঁথে	10
গুজবের	10
গাবতলী	10
গণমাধ্যমকে	10
গণভোটে	10
গণভোট	10
খোসা	10
খুলতে	10
খুচরা	10
খানকে	10
খাদ্যের	10
খাদ্যসামগ্রী	10
খাতুনের	10
খাঁটি	10
ক্রুজ	10
ক্রীড়াবিজ্ঞানের	10
ক্রস	10
ক্যানসারমুক্ত	10
ক্যান	10
কোমরপানির	10
কৃষিবিদ	10
কৃষিকাজে	10
কুয়াকাটাসংলগ্ন	10
কুইন	10
কিথ	10
কালিদাস	10
কার্যাবলি	10
কার্জন	10
কারিগরির	10
কামেশ্বর	10
কামরুজ্জামান	10
কামড়	10
কাজগুলো	10
কলেরা	10
কলারোয়া	10
কর্মবিভাগগুলোর	10
কর্মক্ষেত্রে	10
কর্মকর্তাসহ	10
কর্পস	10
করাবেন	10
করবর্ষের	10
কমলেশ	10
কনসার্ন	10
কথাই	10
কতিপয়	10
কঠোরভাবে	10
কটি	10
ওয়াজ	10
ওটা	10
ওটস	10
এসজেডএইচ	10
এসও	10
এয়ারলাইন্সের	10
এমনে	10
এমওএফ	10
এমএমএআর	10
এমআর	10
এফিডেভিট	10
এপিইউবির	10
এগুলোর	10
এক্সে	10
এক্সিলেন্স	10
একমুখী	10
একটুখানি	10
একজনকে	10
এইরেসের	10
এইচপিভি	10
এইচএসবিসির	10
ঋতুতে	10
উৎসুক	10
উপদেষ্টাকে	10
উদ্ধারকারী	10
উড়ালসড়ক	10
উগ্র	10
ইসরায়েলকে	10
ইবির	10
ইতালি	10
ইউল্যাবে	10
ইউএসও	10
আসনে	10
আশ্রয়ের	10
আশাবাদী	10
আলীকে	10
আলমারি	10
আয়েশ	10
আপিলে	10
আপস	10
আপনজনের	10
আধো	10
আত্মসাতের	10
আত্মত্যাগের	10
আত্মত্যাগ	10
আচ্ছন্ন	10
আঙুরখেত	10
আগামীর	10
আক্রান্তের	10
আওয়াজ	10
আউট	10
আইনানুগ	10
অ্যাভিয়েশন	10
অ্যান্থনি	10
অস্কার	10
অসম্পূর্ণ	10
অযৌক্তিক	10
অভিমান	10
অভিব্যক্তির	10
অভিনেত্রীদের	10
অবিশ্বাস	10
অপরিবর্তিত	10
অন্তর্ভুক্তির	10
অনুভূতির	10
অনীহা	10
অনিন্দ্য	10
অধীনেই	10
অঙ্গসংগঠনের	10
অংশেও	10
৮৪	9
৬৭	9
৬০টি	9
৪৬২	9
৩৮টি	9
২৯১	9
২৬টি	9
২১২টি	9
১৯৮৩	9
১৬৪	9
১৪৯৭	9
১৪০	9
হ্রাসে	9
হ্যাভেন	9
হোন	9
হেমোরেজিক	9
হামিদাউই	9
হাবিব	9
হাড়	9
হাজীগঞ্জ	9
হাউসের	9
হস্তশিল্প	9
হরিণটানা	9
হবো	9
হতবাক	9
হজম	9
স্যাটেলাইট	9
স্বৈরাচারী	9
স্বাস্থ্যব্যবস্থার	9
স্বর্ণালঙ্কার	9
স্বরূপ	9
স্বয়ং	9
স্বপ্নকে	9
স্বপনের	9
স্বজনের	9
স্কিম	9
স্কাই	9
সেবারও	9
সেপ্টেম্বরে	9
সেন্ট	9
সেটার	9
সেটাতে	9
সূত্রমতে	9
সূত্রগুলো	9
সুস্থতার	9
সুবিধার	9
সুফিয়া	9
সুন্দরী	9
সীমাহীন	9
সিলেবাস	9
সিটিমেড	9
সিটার	9
সার্থক	9
সার্কুলারে	9
সাদামাটা	9
সাজানোর	9
সাঁতার	9
সহিংসতার	9
সহাবস্থান	9
সহয়তা	9
সস্তা	9
সরু	9
সরিষার	9
সরবরাহব্যবস্থার	9
সম্মেলনের	9
সমালোচকদের	9
সমাজবিজ্ঞানী	9
সমর্থকের	9
সভ্যতা	9
সফরকালে	9
সতেজ	9
সড়কজুড়ে	9
সংস্কৃতিকর্মী	9
সংরক্ষণে	9
সংযোজন	9
সংমিশ্রণ	9
সংগঠনগুলো	9
সংকুচিত	9
শ্রমবাজারের	9
শ্বাসপ্রশ্বাস	9
শ্বাসকষ্ট	9
শেষেই	9
শৃঙ্খলার	9
শুনেছি	9
শিরোপার	9
শিরোনামেও	9
শিবগঞ্জ	9
শিক্ষার্থীসহ	9
শিক্ষাব্যবস্থার	9
শিক্ষাবিদেরা	9
শিক্ষাঙ্গন	9
শিকারিদের	9
শাহাদাত	9
শাহজালালের	9
শান্তিপূর্ণভাবে	9
শান্তা	9
শরীরচর্চার	9
শরিফুল	9
শব্দভান্ডার	9
শতাব্দীতে	9
শতাংশই	9
শঙ্কিত	9
শক্তভাবে	9
ল্যাবরেটরি	9
লৌহজং	9
লোকদেখানো	9
লোকজনের	9
লাফিয়ে	9
লাফ	9
লস	9
লন্ডনের	9
রোমান্স	9
রেস্তোরাঁ	9
রেললাইন	9
রেফারিদের	9
রেডিও	9
রেজি	9
রেকর্ডটি	9
রুখতে	9
রিভার	9
রাহীদ	9
রানার	9
রাজপরিবার	9
রাখাই	9
রহস্যে	9
রসুন	9
রয়্যাল	9
রমনা	9
রবার্ট	9
রওয়ানা	9
রংপুরে	9
যৌতুক	9
যানজটের	9
যাতায়াতের	9
যাঁকে	9
যমুনায়	9
মোর	9
মোয়ানা	9
মেহের	9
মেসেজের	9
মেটাতে	9
মেক্সিকোতে	9
মৃত্যুবরণ	9
মৃত্যুঝুঁকি	9
মূল্যের	9
মূল্যবৃদ্ধির	9
মূল্যছাড়ের	9
মূলনীতি	9
মুহূর্তগুলো	9
মুসল্লিদের	9
মিসইনফরমেশন	9
মিলিমিটারের	9
মিউকে	9
মাল্টিমিডিয়া	9
মার্শাল	9
মানুষই	9
মানসিকতার	9
মাদরাসার	9
মাঝির	9
মাই	9
মাংসাশী	9
মহাসচিবের	9
মহাজোট	9
মহড়ায়	9
মশার	9
ময়লার	9
মনোবল	9
মনি	9
মনকে	9
মধ্যবিত্ত	9
মধুপুর	9
মদরিচ	9
মতোও	9
মতিন	9
মজলিসের	9
ভ্রুক্ষেপ	9
ভ্যালীতে	9
ভূগোল	9
ভাসানী	9
ভালুক	9
ভার্দের	9
ভাঙচুরের	9
ভাগই	9
ব্যালেন্স	9
ব্যাটালিয়ন	9
ব্যাচেলর	9
ব্যাংকক	9
ব্যবহারই	9
বোলিং	9
বোমাবর্ষণ	9
বৈষম্যের	9
বেলুচিস্তান	9
বেলিংহামের	9
বেলায়	9
বেগ	9
বৃক্ষরোপণে	9
বুয়েট	9
বুঝলাম	9
বীমার	9
বিস্তারিতভাবে	9
বিসিআইএম	9
বিষয়েই	9
বিষয়ই	9
বিশ্বাসযোগ্যতা	9
বিশ্বাসভঙ্গ	9
বিশ্বব্যাংক	9
বিলাসী	9
বিরোধ	9
বিম	9
বিভ্রান্ত	9
বিভার	9
বিপ্লবের	9
বিপরীত	9
বিনোদনকেন্দ্র	9
বিদ্যুতায়ন	9
বিদায়ে	9
বিথী	9
বিতরণকালে	9
বিকৃত	9
বাস্তবায়নই	9
বাসভবনে	9
বাশারের	9
বালোগানের	9
বায়োপিকের	9
বাবুগঞ্জে	9
বানান	9
বাধায়	9
বাড়াচ্ছে	9
বাক্য	9
বাংলাদেশীদের	9
বাঁচে	9
বহুগুণ	9
বহিষ্কার	9
বসেই	9
বসুন্ধরা	9
বসাক	9
বসতে	9
বলিভিয়া	9
বলিউডের	9
বর্জন	9
বন্যপ্রাণীর	9
বন্দিত্বে	9
বনভূমি	9
বক্তৃতা	9
বইখাতা	9
ফ্ল্যাইট	9
ফোরামের	9
ফোনকল	9
ফেলেছেন	9
ফেললে	9
ফুমিও	9
ফার্স	9
ফারইস্ট	9
প্রিন্সিপাল	9
প্রি	9
প্রাসাদ	9
প্রামাণিক	9
প্রাণীরা	9
প্রাণিসম্পদ	9
প্রাণহীন	9
প্রাক্	9
প্রসব	9
প্রশংসনীয়	9
প্রয়োজনের	9
প্রবৃদ্ধিতে	9
প্রবৃত্তি	9
প্রবাসে	9
প্রতিষ্ঠানও	9
প্রক্রিয়াটি	9
প্রকাশে	9
প্যারাগুয়ের	9
প্যান্ট	9
পোহাতে	9
পোষা	9
পেয়েছিলেন	9
পেনরোজ	9
পুরোটাই	9
পুনর্নির্ধারণ	9
পিপলস	9
পিছু	9
পিকনিক	9
পিকআপ	9
পিওর	9
পাসওয়ার্ড	9
পালা	9
পার্টিসহ	9
পারুম	9
পারলারে	9
পাম্পে	9
পাড়ার	9
পাউবোর	9
পাউবো	9
পাইপলাইনের	9
পশুচিকিৎসক	9
পর্ষদের	9
পর্চা	9
পরীক্ষাটি	9
পরিসংখ্যানের	9
পরিসংখ্যানে	9
পরিমাপ	9
পরিবেশকে	9
পরিবহনে	9
পরিচর্যার	9
পরাজয়	9
পড়েছিলাম	9
পড়েছি	9
পটুয়াখালি	9
পগবাও	9
নেভাল	9
নেবুলাইজ	9
নেদারল্যান্ডস	9
নেওয়ায়	9
নিষ্ঠুরতম	9
নির্মাণকে	9
নির্দেশনার	9
নিরাপত্তায়	9
নিরবচ্ছিন্ন	9
নিয়াজ	9
নিবেদন	9
নিতাই	9
নিচতলার	9
নিকাশে	9
নিঃস্বার্থ	9
নাসিমা	9
নারাজ	9
নায়িকা	9
নামক	9
নামও	9
নাছিমাকে	9
নষ্টের	9
নরম	9
নড়াচড়া	9
ধীরগতি	9
ধরেছিলেন	9
ধনী	9
দ্বন্দ্ব	9
দেওয়াই	9
দূর্ভোগ	9
দূরদর্শিতা	9
দুর্গন্ধ	9
দুর্গ	9
দুবার	9
দুটো	9
দাসত্বের	9
দায়িত্বকে	9
দাবিও	9
দাঁড়ালেই	9
দাঁড়ান	9
দখলকৃত	9
থুইসাপাড়ায়	9
থানাপাড়া	9
তোর	9
তোমায়	9
তিনজনকে	9
তরলীকৃত	9
তরঙ্গ	9
তরকারি	9
তথ্যমন্ত্রী	9
ততই	9
তটিনী	9
ঢাকাকে	9
ড্রাম	9
ডেঙ্গুসহ	9
ডিস্ট্রিবিউশন	9
ডায়েট	9
ডায়রিয়াসহ	9
ডয়ার	9
ডব্লিউএইচওর	9
ঠিকাদারি	9
ট্রাকে	9
ট্রাইসাইকেল	9
ট্রলারে	9
টেম্পল	9
টেনেছেন	9
টেকেরহাট	9
টুইটার	9
ঝালকাঠী	9
ঝরাতে	9
জ্বালিয়ে	9
জোসেফ	9
জোরদারে	9
জোবানে	9
জেনেইনা	9
জুতা	9
জীবনেও	9
জীবনযাত্রার	9
জীবনযাত্রাকে	9
জিজ্ঞাসাবাদে	9
জিজ্ঞাসাবাদ	9
জাপানসহ	9
জানালার	9
জানতাম	9
জনপ্রিয়তার	9
জনপ্রশাসন	9
ছোটদের	9
ছোঁয়া	9
ছেয়ে	9
ছাত্রছাত্রী	9
চ্যাড	9
চেম্বার	9
চেনে	9
চেতনার	9
চেতনা	9
চিরচেনা	9
চিনলেও	9
চিতার	9
চাহিদার	9
চাষে	9
চালালে	9
চালাচ্ছে	9
চারিদিকে	9
চায়ের	9
চাপরাশি	9
চাঙা	9
চলুন	9
চলাচলকারী	9
চরভদ্রাসনে	9
চতুর্থত	9
চক্রান্ত	9
ঘেঁষে	9
ঘূর্ণমান	9
ঘূর্ণন	9
ঘুরছে	9
ঘটান	9
গ্রেফতারে	9
গ্রেপ্তারকৃতরা	9
গোলাপি	9
গোপালপুর	9
গোটা	9
গেয়েছেন	9
গেয়ে	9
গুমবিরোধী	9
গুদামে	9
গুজম্যান	9
গাড়িবহর	9
গাজীপুরে	9
গাছগুলো	9
গাইছে	9
গল্পটি	9
গলার	9
গর্ভের	9
গণশিক্ষামন্ত্রী	9
গণমাধ্যমে	9
খ্রিষ্টপূর্ব	9
খুব্বাং	9
খায়	9
খাদ্যাভ্যাসের	9
ক্ষমতাবানদের	9
ক্রিপ্টোকারেন্সিতে	9
ক্রাইমের	9
ক্রসের	9
ক্যালসিয়াম	9
ক্যাপিটাল	9
কৌশলেও	9
কোয়ার্টারে	9
কোমাকের	9
কোথা	9
কোক	9
কেস	9
কেক	9
কেইন	9
কুড়িগ্রামে	9
কিডম্যানের	9
কিছুতেই	9
কাশ্মীরকে	9
কার্যক্রমকে	9
কামালি	9
কাবাডি	9
কাদামাটি	9
কাদাপানি	9
কাঠামোতে	9
কাজকর্ম	9
কাঁঠালবাড়ি	9
কলাবাগান	9
কলম	9
কর্তৃপক্ষকে	9
করপস	9
করতো	9
কব্জি	9
কবলিত	9
কবরের	9
কন্ডিশনে	9
কনভেনশন	9
কণ্ঠে	9
কঙ্গো	9
কংক্রিটের	9
ওরাল	9
ওয়াসা	9
ওয়ার্মআপ	9
ওয়ানডে	9
ওমানে	9
ওপেনএআইয়ের	9
ওপরের	9
ওডিশা	9
ওটিপি	9
ওইসব	9
এ্যাম্পুলসহ	9
এশিয়ান	9
এলাকাগুলো	9
এমবাপ্পের	9
এমবাপ্পে	9
এমদাদুল	9
এফবিসিসিআইয়ে	9
এফএসআর	9
এন্টারাইটিস	9
এনজেডকিউসিএফ	9
এতো	9
এতগুলো	9
এটাও	9
একত্রে	9
একত্রিত	9
এককভাবে	9
এককথায়	9
এইচএনপিএসপি	9
ঋণনির্ভরতা	9
ঋণনির্ভর	9
উৎপাদনশীলতা	9
উলামায়ে	9
উপাধি	9
উপভাষায়	9
উপদলগুলোকে	9
উপকারভোগী	9
উন্নয়নকে	9
উদ্বেগে	9
উত্তরই	9
উড়ে	9
উঠলো	9
উঠবেন	9
উচ্চারণ	9
উচ্চপদস্থ	9
ইলাইহি	9
ইউরোমোমো	9
ইউটিউবে	9
আহতদের	9
আসতেন	9
আল্লাহুম্মাসকিনা	9
আলোচ্য	9
আলমডাঙ্গা	9
আলভারেজের	9
আলভারেজ	9
আর্জেন্টিনায়	9
আরোপের	9
আরকে	9
আয়োজক	9
আয়নায়	9
আমীর	9
আমাদেরও	9
আবহে	9
আফগানিস্তানে	9
আফগানরা	9
আপিলের	9
আনছিলেন	9
আদৌ	9
আদেশের	9
আত্মীয়স্বজন	9
আত্মসমর্পণের	9
আগ্রাসী	9
আগারগাঁও	9
আকস্মিকভাবে	9
আকর্ষণে	9
আইডিয়া	9
আইএ	9
আঁশের	9
অ্যালান	9
অ্যাথলেটিকস	9
অসুস্থতায়	9
অসুস্থতা	9
অসুবিধা	9
অসহনীয়	9
অমিয়াখুম	9
অমিতাভ	9
অভিষেকের	9
অবিস্মরণীয়	9
অবিচ্ছেদ্য	9
অবরুদ্ধ	9
অবমাননাকর	9
অবতীর্ণ	9
অফিসিয়াল	9
অপ্রত্যাশিত	9
অপুষ্ট	9
অপারেশন্সের	9
অপারেটর	9
অপপ্রচার	9
অনুরাগী	9
অনুপ্রেরণা	9
অনুপস্থিতিতে	9
অনির্দিষ্টকালের	9
অনিচ্ছুক	9
অনশন	9
অন	9
অতএব	9
অডিটকে	9
অটোরিকশা	9
অক্ষ	9
অংশগ্রহণকারীদের	9
৯টার	8
৮৯	8
৭১৭টি	8
৭১৩৮	8
৭০টি	8
৬৮টি	8
৫৯টি	8
৪৪টি	8
৪৩৩	8
৪০৩	8
৩টার	8
২৯৫	8
২২০	8
২টার	8
১৯৯৩	8
১৯৭৬	8
১৯২৪	8
১৮টি	8
১৭৩	8
১৬২৬৩	8
১৫২১	8
১৪৬০	8
১৪০টি	8
১৩৮	8
১২টি	8
১১৭	8
০০টা	8
হেস	8
হেঁটেছি	8
হুমায়ুন	8
হুন্ডিতে	8
হুইল	8
হুইটম্যানকে	8
হিন্দের	8
হিংসা	8
হাসির	8
হামলাটি	8
হাড়ভাঙা	8
হাওয়ার্ড	8
হলি	8
হলমার্ককৃত	8
হলফনামা	8
হরর	8
হতেন	8
স্লাব	8
স্রোতের	8
স্রেফ	8
স্বাস্থ্যসেবাকে	8
স্বামীনাথন	8
স্বাদের	8
স্বরে	8
স্বপ্নাবিষ্ট	8
স্ফেরেফের	8
স্পেনকে	8
স্পিকারের	8
স্পার্টা	8
স্পন্দন	8
স্পনসরশিপের	8
স্পট	8
স্নেক	8
স্নায়ুযুদ্ধ	8
স্থাপিত	8
স্থবির	8
স্ট্রোকে	8
স্ট্রাইকার	8
স্ট্যান্ডার্ড	8
স্ট্যান্ড	8
স্টেশনটির	8
স্টিয়ারিং	8
স্টল	8
স্কুলজীবনে	8
সৌন্দর্যও	8
সোমা	8
সোনাসহ	8
সৈনিক	8
সেলিমের	8
সেনেগাল	8
সেনাসদস্যরা	8
সেন	8
সেডার	8
সেটেলমেন্টের	8
সেংগোর	8
সুস্থতায়	8
সুররিয়ালিজম	8
সুবাস	8
সুপারিশে	8
সুপরিসর	8
সুদে	8
সীতাকুণ্ডের	8
সিরিয়ার	8
সিমোন	8
সিমেন্ট	8
সিপাহি	8
সিদ্দিকুল্লাহ	8
সিডনিভিত্তিক	8
সিএসসি	8
সিইওর	8
সিআইএসএফ	8
সাহসী	8
সাহস	8
সাসপেনশন	8
সালেম	8
সালভাদর	8
সার্ভিসেসের	8
সার্ভারে	8
সার্বভৌমত্বকে	8
সারিবদ্ধ	8
সারিতে	8
সারাদিনে	8
সায়েন্টিফিক	8
সাম্য	8
সাম্প্রদায়িক	8
সামলে	8
সাবাড়	8
সাবস্ক্রিপশনের	8
সাবলীলভাবে	8
সান্তিয়াগোতে	8
সানচেজ	8
সাধু	8
সাদৃশ্য	8
সাজেদা	8
সাজা	8
সাক্ষাত্কারে	8
সাকীব	8
সাইটে	8
সাইটিএস	8
সাংগীতিক	8
সহোদরার	8
সহাবস্থানের	8
সহানুভূতির	8
সহরায়	8
সশরীরে	8
সর্বোপরি	8
সরসারার্স	8
সরকারসংক্রান্ত	8
সরকারই	8
সম্মানসূচক	8
সম্ভ্রম	8
সম্বল	8
সম্প্রীতি	8
সম্প্রদায়গত	8
সম্পত্তি	8
সমৃদ্ধিকে	8
সমুদ্রবিলাস	8
সমালোচকেরা	8
সমাধানও	8
সমাজকল্যাণ	8
সমস্যাটি	8
সময়কে	8
সমকালে	8
সভ্যতার	8
সভাপতির	8
সবো	8
সবুর	8
সবকিছুকে	8
সপ্তাহজুড়ে	8
সন্তুষ্ট	8
সদস্যবিশিষ্ট	8
সত্যজিতের	8
সড়কটিতে	8
সঞ্জয়	8
সক্রিয়তা	8
সইয়ের	8
সংস্থাগুলো	8
সংসদেও	8
সংসদই	8
সংলাপের	8
সংযম	8
সংযত	8
সংবিধানকে	8
সংবিধানই	8
সংখ্যামাত্র	8
সংকটাপন্ন	8
সংকটসহ	8
শ্যালা	8
শৃঙ্খলের	8
শুষ্ক	8
শুনি	8
শুনলেও	8
শুনলাম	8
শিশুটিকে	8
শিমাদা	8
শিব্বিরের	8
শিপন	8
শাহদাত	8
শাসনামলে	8
শাসকেরা	8
শারীরিকভাবে	8
শাবাশ	8
শহরকে	8
শব্দই	8
শপথের	8
লোকদেখানোর	8
লোকজনকে	8
লোককথা	8
লোকই	8
লেবু	8
লেনে	8
লেগেছিল	8
লেখকদের	8
লেখকই	8
লে	8
লুকানো	8
লিলি	8
লিওপোল্ড	8
লালগালিচা	8
লাজারিও	8
লাগিয়েছিলাম	8
লাগালেই	8
লন্ডারিংয়ের	8
লঞ্চে	8
র্যাবিট	8
র্যাঙ্কিংয়ের	8
রৌমারী	8
রোম	8
রোবটে	8
রেফারিই	8
রেডিওলজি	8
রূপকথার	8
রূপকথা	8
রুখে	8
রিভ	8
রিফান্ড	8
রিচার্ডস	8
রাশমিকার	8
রায়টির	8
রান্নায়	8
রাত্রি	8
রাতারাতি	8
রাতটি	8
রাও	8
রাইড	8
রাইটিং	8
রহস্যময়ী	8
রহমতপুর	8
রমণীকে	8
রবের	8
রদবদলের	8
রঙ্গিলা	8
রক্ষাসহ	8
যৌন	8
যোগাযোগমাধ্যমেও	8
যেমনটা	8
যেদিন	8
যেটি	8
যুদ্ধকালীন	8
যারাই	8
যান্ত্রিক	8
যানজটেরও	8
যানজটে	8
যাত্রীবাহী	8
যাজক	8
যাচ্ছিলেন	8
যাচাইয়ের	8
যন্ত্র	8
ম্যাপসে	8
ম্যানুয়ালি	8
ম্যান	8
ম্যাচমেকিং	8
ম্যাচটা	8
মোহাম্মদের	8
মোহান্ধাবস্থায়	8
মোতাহের	8
মোজাম্মেল	8
মেসেজিং	8
মেলাতে	8
মেলবন্ধনে	8
মেরিল	8
মেয়াদোত্তীর্ণ	8
মেদ	8
মেটিকুলাস	8
মেটার	8
মেজাজি	8
মেকানিক	8
মৃদু	8
মূলধনের	8
মূর্ত	8
মুহূর্তগুলোই	8
মুন্সীগঞ্জ	8
মুনীরুজ্জামান	8
মুনতাসীর	8
মুঠোফোন	8
মিসটেকেন	8
মিশরের	8
মিথ	8
মিঠি	8
মিঞা	8
মিউজ	8
মাহামুদুল	8
মাহবুবুল	8
মার্ডার	8
মার্ক	8
মারত	8
মায়ামিতে	8
মামুনুল	8
মামলাটির	8
মাভাবিপ্রবি	8
মাফ	8
মাপেন	8
মানুষেরা	8
মানুষগুলোর	8
মানকে	8
মাধ্যমেও	8
মাদ্রিদে	8
মাতৃত্বকে	8
মাতিয়ে	8
মাতারবাড়ীতে	8
মাতামুহুরীর	8
মাঝারী	8
মাচুপিচুর	8
মাইগ্রেনজনিত	8
মহাযুদ্ধোত্তরকালে	8
মহানগরের	8
মহাদেবপুরে	8
মহাকাব্য	8
মস্কোর	8
মন্ত্রিসভা	8
মন্ত্রণালয়সহ	8
মনোবিজ্ঞানবিশেষজ্ঞ	8
মনিটর	8
মদ্যপান	8
মজা	8
মঙ্গল	8
ভ্লাদিমির	8
ভ্রাতৃপ্রতিম	8
ভেবেছিলাম	8
ভেন্টিলেশন	8
ভেনম	8
ভুলভাবে	8
ভিন্নভাবে	8
ভিডিওটি	8
ভিজতে	8
ভালোবাসতাম	8
ভাবি	8
ভাবতেই	8
ভাইভা	8
ভাঁজে	8
ভরের	8
ভয়ের	8
ভঙ্গিটি	8
ব্লকের	8
ব্রেস্ট	8
ব্রাজেন্টিনা	8
ব্যাটারিচালিত	8
ব্যস্ততার	8
ব্যবধানের	8
ব্যথার	8
ব্যতিত	8
বোমার	8
বোধগম্য	8
বোঝায়	8
বৈষম্যহীন	8
বৈশিষ্ট্যই	8
বৈঠকেও	8
বেলাল	8
বেরোবার	8
বেদনা	8
বেড়ানোর	8
বেড়াচ্ছেন	8
বেইলি	8
বুলবুল	8
বুয়েটের	8
বুমেরাং	8
বুদ্ধিমত্তার	8
বুঝি	8
বুকের	8
বুকিং	8
বিষয়গুলোও	8
বিশ্বযুদ্ধ	8
বিশ্ববিদ্যালয়গুলো	8
বিশেষজ্ঞের	8
বিমানে	8
বিমানবাহিনীতে	8
বিভাগকে	8
বিবৃতি	8
বিবাহিতদেরও	8
বিবাহবন্ধনে	8
বিপুলসংখ্যক	8
বিপর্যয়ের	8
বিপক্ষেও	8
বিনীত	8
বিনিয়োগনির্ভর	8
বিধানাবলির	8
বিধানকে	8
বিদ্যুৎহীন	8
বিতর্কেরও	8
বিজিএমইএর	8
বিজয়নগর	8
বিচ্ছিন্নভাবে	8
বিচূর্ণ	8
বিক্রেতার	8
বিএসসি	8
বিআরটিএ	8
বিআইপিএসএস	8
বাস্তবতাকে	8
বাসস্ট্যান্ড	8
বাসযোগ্যতা	8
বার্টনকে	8
বায়োমেট্রিক	8
বাথরুম	8
বাণী	8
বাণিজ্যবিষয়ক	8
বাজানোর	8
বাছুর	8
বাচ্চাকে	8
বাক্স	8
বাক্যরীতি	8
বাকের	8
বহুপক্ষীয়তা	8
বহুজাতিক	8
বহনকারী	8
বসেছিল	8
বসলাম	8
বসছেন	8
বশিরুল	8
বর্ণনার	8
বয়সেও	8
বন্ধুত্ব	8
বন্ধনের	8
বন্ডবাজারেও	8
বদলান	8
বত্রিশে	8
বটেই	8
বঞ্চনা	8
বজ্রপাত	8
বছরটিতে	8
বইকে	8
ফ্লাওয়ারফল	8
ফ্রেমওয়ার্ক	8
ফ্যাসিস্ট	8
ফ্যাবিয়েন	8
ফোলা	8
ফেলেছিলাম	8
ফেলেও	8
ফেরেন	8
ফেটিশ	8
ফুটবলারই	8
ফুঁড়ে	8
ফিরছেন	8
ফিনটেক	8
ফারিয়ার	8
ফাইবারের	8
ফাইবার	8
ফাঁসি	8
ফর্ম	8
ফরেস্ট	8
ফকল্যান্ডস	8
প্রেসিডেন্সি	8
প্রেতনীর	8
প্রিলি	8
প্রাপ্তবয়স্ক	8
প্রাগৈতিহাসিক	8
প্রাইভেটকারে	8
প্রসঙ্গগুলো	8
প্রশ্নবিদ্ধ	8
প্রয়োগযোগ্যতার	8
প্রভাবকে	8
প্রবেশপথ	8
প্রবেশদ্বার	8
প্রত্যেককেই	8
প্রতিস্থাপনে	8
প্রতিবেদকের	8
প্রতিবন্ধকতাগুলো	8
প্রতিদান	8
প্রতিক্রিয়ায়	8
প্রক্রিয়াকে	8
প্যাকেজসহ	8
প্	8
পৌঁছালেন	8
পোশাকের	8
পোশাকে	8
পোল্যান্ড	8
পোড়	8
পেশাদারত্ব	8
পেটানোর	8
পেছন	8
পেঁপেবাগান	8
পেঁপেগাছ	8
পৃ	8
পূজারি	8
পুসি	8
পুনর্বিন্যাস	8
পুনরুজ্জীবন	8
পুনঃনিয়োগ	8
পুত্র	8
পুতিনের	8
পুণ্য	8
পিতার	8
পিকাসো	8
পি	8
পার্টিতে	8
পারুল	8
পারফর্ম	8
পাতেননি	8
পাঠিয়েছেন	8
পাঠালেন	8
পাঠান	8
পাখিরা	8
পাখিদের	8
পাইলট	8
পাইয়ে	8
পাইপসের	8
পশুপাখির	8
পর্ষদে	8
পর্তুগালে	8
পরিমার্জন	8
পরিবর্তনে	8
পরিবর্তনযোগ্য	8
পরিপন্থী	8
পরিচর্যাকারী	8
পরিচয়ের	8
পরিকল্পনায়	8
পরস্পর	8
পরব	8
পরকীয়ার	8
পদ্ধতির	8
পদার্থ	8
পথচারীদের	8
পড়ালেখা	8
পটপরিবর্তনের	8
পচনশীল	8
পক্ষকে	8
নোটে	8
নৈশভোজ	8
নৈরাজ্যের	8
নেরুদাও	8
নেমেছেন	8
নেটিজেনদের	8
নেটওয়ার্কের	8
নেগ্রিটুড	8
নৃশংস	8
নৃগোষ্ঠীর	8
নূরুল	8
নীতিনির্ধারণের	8
নীতিনির্ধারক	8
নীতিকে	8
নিশ্চিদ্র	8
নিশানা	8
নির্মাণকাজের	8
নির্ভরতার	8
নির্বাচনব্যবস্থা	8
নির্বাচনকে	8
নির্দেশটির	8
নিরীহ	8
নিয়োজিত	8
নিয়ন্ত্রকের	8
নিম্নচাপ	8
নিভে	8
নিবন্ধে	8
নিকারাগুয়ার	8
নিকট	8
নিই	8
নিঃশব্দে	8
নাহিদা	8
নারিকেল	8
নারায়ণগঞ্জে	8
নায়েম	8
নামায়	8
নাজমিন	8
নাইজেরিয়ার	8
নবীনগরে	8
নড়িয়ার	8
নড়ানো	8
নগরবাসীকে	8
নক্ষত্রমালা	8
নকশা	8
ধ্বনিগত	8
ধীর	8
ধারণাকেই	8
ধারণক্ষমতা	8
ধর্মযাজক	8
ধরিয়ে	8
ধরছে	8
দ্রাষ্টান্তিক	8
দ্রব্য	8
দ্বিমুখী	8
দ্বিপাক্ষিক	8
দ্বিধাগ্রস্ত	8
দোহায়	8
দোহা	8
দোতলা	8
দেশেও	8
দেশমের	8
দেশত্যাগের	8
দেয়ালচিত্র	8
দেখব	8
দেওয়ানি	8
দৃষ্টিভঙ্গির	8
দুর্ভাগ্য	8
দুর্বিষহ	8
দুদিন	8
দুঃসংবাদ	8
দিলদার	8
দিনেও	8
দিনরাত	8
দিকের	8
দায়িত্ববোধে	8
দাউ	8
দশা	8
দরপত্রের	8
দণ্ডিত	8
দণ্ডবিধি	8
দগ্ধ	8
থ্রি	8
থেরাপির	8
থিওডোর	8
থাকবো	8
থাইরয়েডজনিত	8
তোহা	8
তোফায়েল	8
তোড়ে	8
তোড়জোড়	8
তেল্লোর	8
তেলবাণিজ্য	8
তৃতীয়াংশ	8
তুলেছিল	8
তুললেন	8
তুলবে	8
তুরস্ককে	8
তুই	8
তিনটিরই	8
তালবাদ্যের	8
তারও	8
তাবিয়া	8
তাতেই	8
তাকেই	8
তরনীর	8
তফসিলি	8
তদন্তদল	8
তথ্যও	8
ড্রেইসার	8
ডেডিকেটেড	8
ডেঙ্গুর	8
ডিপ্লোমা	8
ডিউটি	8
ডানপন্থী	8
ঠান্ডা	8
ট্র্যাকিং	8
ট্রানজিট	8
ট্রমার	8
টোয়াব	8
টেন্ডার	8
টিসিবি	8
টিভির	8
টিকাদানে	8
টিকাই	8
টাসম্যাক	8
টার্মিনালের	8
টাইফুন	8
টাইগার	8
টহল	8
ঝিনাইগাতীর	8
ঝালকাঠির	8
ঝামেলা	8
জ্ঞানতাপস	8
জোয়ারের	8
জেলেনস্কির	8
জেলাগুলোর	8
জেনিথ	8
জীবনসঙ্গী	8
জীবনভিত্তিক	8
জীব	8
জিয়ান্নি	8
জিএম	8
জাস্টিস	8
জালিয়াতি	8
জামানত	8
জামদানি	8
জাপানকে	8
জানামতে	8
জাদুকরি	8
জাতের	8
জাতিসত্তার	8
জরাজীর্ণ	8
জমিয়ত	8
জনবিচ্ছিন্ন	8
জনপ্রতিনিধি	8
জনপরিসরে	8
জঙ্গলজুড়ে	8
ছুটোছুটি	8
ছুটছে	8
ছায়াতলে	8
ছাত্রপক্ষের	8
ছাড়ছেন	8
ছলে	8
ছয়বার	8
ছদ্মনাম	8
চ্যালেঞ্জের	8
চ্যাম্পিয়নরা	8
চ্যাটজিপিটি	8
চোরাচালানের	8
চেল্লাখালী	8
চেয়ারম্যানের	8
চেইন	8
চিলিয়ান	8
চিলিতে	8
চিন্তায়	8
চিনুয়া	8
চিত্রটি	8
চাষিরা	8
চালালো	8
চারদিন	8
চারটার	8
চাঁদ	8
চব্বিশের	8
চন্দনাইশের	8
চতুর্থবারের	8
চড়েই	8
ঘোর	8
ঘেরা	8
ঘুষি	8
ঘুমঘুম	8
ঘাঁটিতেও	8
ঘরেই	8
ঘনিষ্ঠতা	8
ঘটানো	8
ঘটবে	8
ঘটনাগুলো	8
ঘটনাই	8
গ্লোব	8
গ্রাফিতিগুলো	8
গ্রান্ট	8
গ্রন্থ	8
গৌরীর	8
গোসল	8
গোলাবারুদ	8
গোপনের	8
গেটওয়ে	8
গৃহযুদ্ধের	8
গৃহযুদ্ধ	8
গুলশানস্থ	8
গুঁড়িয়ে	8
গার্ডিয়ান	8
গায়	8
গানে	8
গাছেই	8
গাছে	8
গা	8
গহনা	8
গলে	8
গলিতে	8
গলাচিপা	8
গর্বিত	8
গরিব	8
গম্বুজ	8
গভর্নমেন্ট	8
গন্ধ	8
গতিশীলতা	8
গতির	8
গড়েছেন	8
গড়ায়	8
গঠনে	8
খেলোয়াড়ই	8
খেলেন	8
খেটেছি	8
খুলশী	8
খুনি	8
খুঁটির	8
খালগুলো	8
খাটুনি	8
খাগাতুয়া	8
খবরটি	8
খণ্ড	8
ক্ষোভের	8
ক্ষয়িষ্ণু	8
ক্ষমতাও	8
ক্ষণ	8
ক্লিনিক	8
ক্লাউডস	8
ক্লড	8
ক্রোক	8
ক্রুড	8
ক্রীতদাসদের	8
ক্রিস্তিয়ান	8
ক্রিপ্টোকারেন্সির	8
ক্রিকেটের	8
ক্রমান্বয়ে	8
ক্যারোলাইনার	8
ক্যামেরাবন্দী	8
ক্যাবরালকে	8
ক্যাপশনে	8
কোলাহল	8
কোর্টে	8
কোয়াটারে	8
কোনোটিই	8
কোনাতে	8
কোটার	8
কোঅরডিনেশন	8
কেবলই	8
কেন্দ্রিক	8
কৃত্রিমভাবে	8
কূটনৈতিকভাবে	8
কূটনীতিকেরা	8
কুয়ালালামপুরসহ	8
কুড়িগ্রামের	8
কুকিছড়া	8
কালিয়াকৈরে	8
কার্যাদেশটি	8
কার্ডিয়াক	8
কার্টার	8
কার্গো	8
কারাম	8
কারাগার	8
কামরাঙ্গীচর	8
কাব্যছন্দ	8
কাটিয়েছেন	8
কাঞ্চন	8
কাচা	8
কাচ	8
কাকভেজা	8
কাঁপতে	8
কসাইখানায়	8
কষাকষির	8
কলিজা	8
কলারোয়ার	8
কলাপাড়ায়	8
কর্মকর্তাগণ	8
কর্ম	8
কর্তন	8
কর্ণধার	8
করিনি	8
করাসহ	8
করারও	8
করানোর	8
করাটাই	8
করাটা	8
করলাম	8
করনীতি	8
করদায়	8
করতালি	8
কয়েকজনের	8
কম্পমান	8
কমেনি	8
কবিতাটিতে	8
কবিতাই	8
কবিকে	8
কন্ট্রোলের	8
কনস্টেবল	8
কনস্টিটুয়েন্ট	8
কনস্টিটিউটেড	8
কনভেয়ার	8
কনভেনশনের	8
কথাটা	8
কথক	8
কণ্ঠস্বরের	8
কড়াকড়ি	8
কটাক্ষ	8
কংগ্রেসের	8
ওসমান	8
ওষুধসামগ্রী	8
ওরস্যালাইন	8
ওয়াশিং	8
ওয়াল্ট	8
ওয়ার্ড	8
ওয়ার	8
ওভেন	8
ওনার	8
ওঠানামার	8
ঐশ্বরিয়া	8
ঐতিহ্যশালী	8
ঐতিহাসিকভাবে	8
ঐকমত্যের	8
এসএম	8
এশিয়াকে	8
এলুয়ার	8
এরূপ	8
এয়ারপোর্টের	8
এয়ারওয়েজের	8
এমিলিও	8
এমবোলোর	8
এমপিওভুক্ত	8
এমওইউ	8
এমআরটি	8
এফসিএ	8
এনসিটিবির	8
এথেন্সের	8
এডুকেশন	8
এগোয়নি	8
এগোচ্ছি	8
একেকজন	8
একাত্মতায়	8
একটিতে	8
ঋণে	8
উৎক্ষেপণ	8
উসকানি	8
উল্যা	8
উপাস্যের	8
উপাসনালয়	8
উপার্জনের	8
উপহাসের	8
উপশহর	8
উপর্যুপরি	8
উপজাতি	8
উপকূলের	8
উন্মাদনার	8
উনিশ	8
উনার	8
উনাকে	8
উদ্ভূত	8
উদ্ভাবনের	8
উদ্দেশ্যের	8
উদ্দেশ্যপ্রণোদিত	8
উদ্দিনের	8
উদ্ঘাটনে	8
উদ্গ্রীব	8
উদ্	8
উদাহরণস্বরূপ	8
উত্থাপিত	8
উঠলাম	8
উজাড়	8
উচ্চবিদ্যালয়ের	8
উগ্রবাদ	8
উঁকি	8
ইস্যুকে	8
ইসিজি	8
ইষ্টিকুটুম	8
ইলিয়া	8
ইয়িপও	8
ইমেজিং	8
ইব্রাহিমের	8
ইবাদতে	8
ইন্স্যুরেন্সরের	8
ইনার	8
ইনপুট	8
ইনডিজেনাস	8
ইতিহাসও	8
ইতিহাসই	8
ইতালিয়ান	8
ইঞ্জিনে	8
ইঞ্জিনিয়ারিং	8
ইচ্ছুক	8
ইচ্ছামতো	8
ইঙ্গিতে	8
ইএসপিএনকে	8
ইএআর	8
ইউল্যাব	8
ইউনিক	8
ইউজিসির	8
ইউক্রেনীয়	8
ইউএনএফপিএ	8
আহমাদুল	8
আসারী	8
আসরে	8
আসক্তির	8
আশির	8
আশাবাদের	8
আলেমদের	8
আলকারাজ	8
আর্মীপাড়া	8
আর্দ্রতা	8
আর্থসামাজিক	8
আর্টিজান	8
আরলিং	8
আয়মানের	8
আয়করে	8
আমান্ডা	8
আমন্ত্রণ	8
আমড়া	8
আবেদনটি	8
আবৃত্তির	8
আবদুস	8
আপ্লুত	8
আন্দোলনকালে	8
আন্দোলনকারীরা	8
আন্দিজ	8
আন্তর্জাতিকভাবে	8
আনায়	8
আনলে	8
আধিপত্যবিরোধী	8
আদেশটি	8
আদান	8
আদর্শপাড়া	8
আত্মসম্মানের	8
আত্মশুদ্ধি	8
আত্মমর্যাদার	8
আত্মপরিচয়	8
আত্মজীবনী	8
আক্তারুজ্জামান	8
আক্কাস	8
আকাশী	8
আকবরশাহ	8
আওয়ামীলীগ	8
আইফোন	8
আইডেন্টিটি	8
আঁটি	8
অ্যারেস্টে	8
অ্যান্ড্রুস	8
অ্যান্ড্রয়েডে	8
অ্যান্টিবায়োটিক	8
অ্যানিমেশন	8
অ্যাডমিন	8
অসাধারণভাবে	8
অলৌকিক	8
অর্ধশত	8
অর্ধনমিত	8
অর্থবিভাগের	8
অয়েলিং	8
অভ্যস্ত	8
অভিনয়জীবন	8
অভিনয়জগতে	8
অভিজ্ঞতায়	8
অভিজাত	8
অবোধ্য	8
অবসাদ	8
অবশ্যম্ভাবী	8
অবকাশ	8
অবকাঠামোতে	8
অফেরতযোগ্য	8
অফলাইনে	8
অপসারণে	8
অপটার	8
অন্যায়	8
অন্যত্র	8
অন্যটি	8
অনুসারী	8
অনুষদের	8
অনুশীলনের	8
অনুরোধের	8
অনুমোদনহীন	8
অনুমোদনই	8
অনুভূতিতে	8
অনাদায়ি	8
অনগ্রসর	8
অধ্যাপকের	8
অধ্যাদেশ	8
অধীনদের	8
অধিকৃত	8
অত্যাচার	8
অতীতেও	8
অটোমেটিক	8
অঞ্চলেও	8
অঞ্চলজুড়ে	8
অঙ্কুরেই	8
অগ্রদূত	8
অগ্রগামী	8
অক্ষুণ্ণ	8
অংশীদারিত্ব	8
অংশটি	8
৯৯৫	7
৯৬৩	7
৯৫টি	7
৮৬	7
৭৬০	7
৬টার	7
৪২১	7
৪টার	7
৩৬০	7
৩৫০	7
৩৪২টি	7
২৮১টি	7
২৬২	7
২৪৭	7
২৪৬	7
২০৩৪	7
১৯৯৭	7
১৯৮১	7
১৯৬৮	7
১৯৬৭	7
১৯৬২	7
১৮২	7
১৭৬টি	7
১৭৪	7
১০১	7
হেরেছিল	7
হেনস্তার	7
হুঁশিয়ারি	7
হিসাবের	7
হিসাবরক্ষক	7
হিসাববিজ্ঞান	7
হিল	7
হিন্দুস্তান	7
হিজবুল্লাহর	7
হাস্যকর	7
হায়াত	7
হামাসের	7
হামলাগুলো	7
হাদী	7
হাজ্জাজ	7
হাঁপানি	7
হলাম	7
হরিপূর্ণ	7
হরিজন	7
হয়েই	7
হবিগঞ্জসহ	7
স্লোগানে	7
স্বাস্থ্যতথ্য	7
স্বার্থকে	7
স্বায়ত্তশাসন	7
স্বাচ্ছন্দ্য	7
স্বরূপকাঠির	7
স্বপনসহ	7
স্বনির্ভর	7
স্নান	7
স্থানান্তরিত	7
স্কেলের	7
স্কলারশিপ	7
সেদিকে	7
সেতুবন্ধন	7
সেটলাররা	7
সেঞ্চুরি	7
সেইসঙ্গে	7
সুসজ্জিত	7
সুর	7
সুবাদে	7
সুপারিশের	7
সুনির্দিষ্টভাবে	7
সুদসহ	7
সীমানার	7
সিস্টেমস	7
সিয়াটলে	7
সিফাত	7
সিপিসি	7
সিদ্ধান্তও	7
সিএনজিচালিত	7
সার্সন	7
সারিয়ে	7
সারি	7
সারাক্ষণ	7
সামিন	7
সামছুল	7
সাব্বির	7
সাপাহার	7
সাধ্যের	7
সাতটির	7
সাতকানিয়ার	7
সাইমন	7
সহশিল্পী	7
সহনশীল	7
সহজভাবে	7
সহকর্মীদের	7
সর্বজনীন	7
সর্বউত্তরের	7
সরগরম	7
সম্মুখীন	7
সম্প্রসারণে	7
সমীকরণ	7
সমর্থকরা	7
সমবায়	7
সমতল	7
সমকালীন	7
সন্দেহযুক্ত	7
সদস্যই	7
সতর্কসীমায়	7
সতর্কবার্তায়	7
সঞ্চালনা	7
সংস্কৃতিচর্চার	7
সংস্কারসহ	7
সংশ্লিষ্টতা	7
সংরক্ষক	7
সংবেদনশীলতা	7
সংখ্যাও	7
সংকলন	7
ষড়যন্ত্রতত্ত্ব	7
শ্রেণীর	7
শ্রীলঙ্কার	7
শ্যামপুর	7
শ্বাস	7
শোষণ	7
শেষাংশে	7
শেখের	7
শূন্যতা	7
শুস্টার	7
শুনেছিলাম	7
শুদ্ধ	7
শুক্র	7
শুকুর	7
শুকাতে	7
শিল্পকারখানার	7
শিরা	7
শিবিরের	7
শিবলী	7
শিখুন	7
শিক্ষাবোর্ড	7
শিক্ষাবিদ	7
শিক্ষাকে	7
শাহী	7
শাহজাহানের	7
শাস্তিমূলক	7
শামীমা	7
শামস	7
শামছুল	7
শাট	7
শহীদুল্লাহর	7
শহীদদের	7
শর্মা	7
শরীরজুড়ে	7
শয়তানের	7
শতাংশেরও	7
শতবর্ষ	7
শতকের	7
শক্তিমত্তাকে	7
লৌহজংয়ের	7
লোহিত	7
লোকালয়ে	7
লোকমান	7
লেবানন	7
লেজার	7
লেখায়	7
লেকে	7
লীগকে	7
লিম্ফোমা	7
লিপু	7
লিজিং	7
লিচু	7
লিখেছি	7
লিখলেন	7
লালমাইয়ের	7
লায়ন্সের	7
লতিফ	7
লড়ে	7
রোবট	7
রোপন	7
রেলওয়েতে	7
রেফারেন্স	7
রেফারিংয়ের	7
রেকর্ডে	7
রূপগঞ্জ	7
রূপকার	7
রুবেলকে	7
রিলেশন	7
রিপোর্টার্স	7
রিকশার	7
রাষ্ট্রভাষা	7
রাষ্ট্রনির্দেশিত	7
রামচন্দ্রপুর	7
রাব্বী	7
রানীনগর	7
রাজপথে	7
রাঙ্গামাটিতে	7
রাখতেই	7
রাকিবুল	7
রাকা	7
রসুল	7
রসবোধ	7
রয়টার্সের	7
রবীন্দ্র	7
রদ্রিগো	7
রক্ষিত	7
রক্ষাকবচ	7
রক্ষণাবেক্ষণের	7
রকেট	7
যোদ্ধারা	7
যোদ্ধা	7
যোগাযোগও	7
যুবশক্তির	7
যুবলীগ	7
যুদ্ধজাহাজের	7
যুদ্ধক্ষেত্রের	7
যুক্তিবিদ্যা	7
যাবো	7
যাননি	7
যন্ত্রসংগীত	7
মৎস্যসম্পদে	7
ম্যানেজিং	7
মৌসুমেও	7
মৌলবাদ	7
মোহামেডানের	7
মোরেলগঞ্জ	7
মোম	7
মোবারক	7
মোদির	7
মোড়েলগঞ্জ	7
মোটরসাইকেলের	7
মোটরস	7
মেলানিয়া	7
মেরিন	7
মেরিট	7
মেয়র	7
মেঝেতে	7
মৃতদের	7
মুন্সিগঞ্জের	7
মুনতাজ	7
মুড়ি	7
মুঠোফোনে	7
মুঘল	7
মুখরিত	7
মুইজ্জু	7
মিশনে	7
মিলনায়তনে	7
মিয়াকে	7
মিঠু	7
মাল্টি	7
মালবাহী	7
মার্সেলো	7
মার্টিন	7
মান্দা	7
মানুষকেও	7
মাদারীপুরবাসীও	7
মাদকমুক্ত	7
মাথার	7
মাত্রাতিরিক্ত	7
মাতৃত্বকালীন	7
মাতা	7
মাঝখানে	7
মাছটিকে	7
মাইলের	7
মহাসাগরে	7
মহাশ্বেতা	7
মহাপরিদপ্তর	7
মলিন	7
মর্মে	7
মন্তব্যকে	7
মনোহরপুর	7
মনোযোগী	7
মনসুর	7
মধ্যম	7
মতের	7
মতিয়ার	7
মডার্ন	7
মংলা	7
ভূমধ্যসাগরে	7
ভুগছেন	7
ভিত্তিই	7
ভিতরগড়	7
ভিডিওর	7
ভাষাসৈনিক	7
ভালোবাসত	7
ভাবনার	7
ভাতার	7
ভাণ্ডারিয়া	7
ভবনকে	7
ভক্তের	7
ব্ল্যাকবোর্ড	7
ব্রিটেন	7
ব্রিগেডিয়ার	7
ব্রাউন	7
ব্যাপারটা	7
ব্যাধি	7
ব্যাখ্যার	7
ব্যাখ্যাও	7
ব্যাংকার	7
ব্যহত	7
ব্যস্ততা	7
ব্যবসায়ীর	7
ব্যঙ্গাত্মক	7
বৈদ্যমারী	7
বেরোতে	7
বেড়েই	7
বেগমকে	7
বেকুটিয়া	7
বেকহ্যামের	7
বে	7
বুলি	7
বুন্দেসরাত	7
বিশ্রাম	7
বিশ্বমানের	7
বিশ্ববাজারের	7
বিশেষত	7
বিলুপ্তির	7
বিলুপ্তিকে	7
বিভ্রান্তি	7
বিপিসির	7
বিন্দুমাত্র	7
বিনয়ী	7
বিজ্ঞাপনচিত্রে	7
বিজ্ঞানীদের	7
বিঘা	7
বিগ	7
বিএসটিআই	7
বিউগল	7
বাস্তবতাও	7
বালক	7
বার্ধক্য	7
বার্তাটি	7
বার্ক	7
বারো	7
বারান্দায়	7
বাণিজ্যিকভাবে	7
বাঙ্গাখাঁ	7
বাঘিনি	7
বহুদিন	7
বহমান	7
বসিয়েছেন	7
বসবাসকারীদের	7
বসতভিটা	7
বলেশ্বর	7
বলিপাড়া	7
বলবো	7
বর্ণের	7
বরণ	7
বয়স্কদের	7
বনানীর	7
বনসংরক্ষক	7
বনজ	7
বদ্ধ	7
বদলগাছী	7
বজ্রবৃষ্টির	7
বছরগুলোয়	7
বগুড়ায়	7
বংশাল	7
ফ্লোরেন্স	7
ফ্লাইটের	7
ফ্যাশনস	7
ফোর্দো	7
ফেলো	7
ফেরানোর	7
ফেরানো	7
ফিশারিজ	7
ফিলিস্তিনপন্থি	7
ফারাহ	7
ফাটলে	7
ফরেনসিক	7
ফরিদুল	7
ফকিরহাটে	7
প্লাস্টার	7
প্রোথিত	7
প্রেস্টিজ	7
প্রাণীটি	7
প্রাণিবিশেষজ্ঞরা	7
প্রাণবন্ত	7
প্রশ্নও	7
প্রশংসায়	7
প্রয়োগকারী	7
প্রবেশাধিকার	7
প্রবন্ধে	7
প্রদর্শিত	7
প্রত্যক্ষদর্শীদের	7
প্রতিহামলা	7
প্রতিষ্ঠায়	7
প্রতিরোধক্ষমতা	7
প্রতিভা	7
প্রতিবাদী	7
প্রতিকৃতি	7
প্রতিউত্তর	7
প্রণয়নে	7
প্রচারণার	7
প্রচলন	7
প্রক্রিয়াও	7
প্রকল্পটির	7
প্যাসিফিক	7
পৌঁছায়নি	7
পোরশা	7
পোয়েট্রির	7
পেশাদারত্বের	7
পেতেন	7
পূর্বাঞ্চলে	7
পূর্বশর্ত	7
পুষ্টির	7
পুরোটা	7
পুরস্কারের	7
পুনর্বাসনে	7
পুনঃখননে	7
পুড়ছে	7
পুটিং	7
পিছিয়েই	7
পাসপোর্ট	7
পাশাভান্ধ	7
পালের	7
পালিত	7
পালনরত	7
পারিশ্রমিকপ্রাপ্ত	7
পারতেন	7
পাব	7
পানব্যবস্থাপনায়	7
পাড়া	7
পাঠদান	7
পাইনি	7
পাঁচতলা	7
পশ্চিমাঞ্চলীয়	7
পল্টন	7
পর্যবেক্ষণকারী	7
পর্যবেক্ষক	7
পর্দার	7
পরোক্ষ	7
পরীমণির	7
পরীক্ষার্থীকে	7
পরিহিত	7
পরিমিত	7
পরিমার্জিত	7
পরিছন্নকর্মীরা	7
পরিকল্পনাও	7
পরনে	7
পরগনা	7
পথচারীরা	7
পটভূমিতে	7
পচন	7
পক্ষেই	7
পক্ষপাতিত্বের	7
পকেট	7
ন্যায়ভিত্তিক	7
নৌচলাচল	7
নেশার	7
নেয়ামতপুর	7
নেটওয়ার্কসের	7
নুরুজ্জামান	7
নীরবতাকে	7
নিশ্চয়	7
নিলাম	7
নির্মাতাদের	7
নির্দোষ	7
নিরিবিলি	7
নিরাপত্তারক্ষী	7
নিরাপত্তাও	7
নিরপেক্ষতা	7
নিয়োগকর্তা	7
নিয়মিতভাবে	7
নিপুণ	7
নিধনের	7
নিধন	7
নিদারুণ	7
নিতেন	7
নিজেরাই	7
নামবেন	7
নাফিস	7
নাতাঞ্জ	7
নাটকটি	7
নাগরিকদেরও	7
নলদ্বীপ	7
নদে	7
নদীকে	7
নতুনভাবে	7
নড়বড়ে	7
নজীব	7
নগ্নভাবে	7
নগ্ন	7
নগরজীবন	7
নগদের	7
নকশার	7
নকশায়	7
ধ্বংসস্তূপে	7
ধোলাইখাল	7
ধুলা	7
ধান্যপোড়া	7
ধরেননি	7
ধরেছিল	7
ধরছেন	7
দ্বৈরথ	7
দ্বিতীয়ার্ধে	7
দ্বিতীয়বারের	7
দ্বারপ্রান্তে	7
দ্বার	7
দেলোয়ারা	7
দের	7
দেবর	7
দেখেই	7
দেখল	7
দেখতাম	7
দৃঢ়ভাবে	7
দুর্যোগপ্রবণ	7
দুর্যোগকালে	7
দুনিয়ার	7
দুইটার	7
দুইজন	7
দীপিকাকে	7
দিস	7
দিনমজুর	7
দামুড়হুদা	7
দাবিটি	7
দাদার	7
দাঁড়াই	7
দর্শক	7
থেকেছে	7
থামে	7
থামিয়ে	7
থান্ডার	7
থানচিতে	7
ত্রিপল	7
তৈয়ব	7
তেলি	7
তেভেজের	7
তেঁতুলিয়ায়	7
তুলা	7
তারের	7
তাগিদে	7
তাগিদ	7
তাআলার	7
তরল	7
তরনীদাস	7
তথ্যে	7
তথ্যবহুল	7
ততক্ষণ	7
ঢেলে	7
ঢালীর	7
ডেজ	7
ডেইলি	7
ডিভাইস	7
ডিপো	7
ডিড	7
ডাসার	7
ডাটা	7
ডব্লিউসিএস	7
ট্রানজেকশন	7
ট্রাঙ্কুইলাইজারগান	7
ট্যাংকের	7
টেল	7
টেকনোলজি	7
টেকনাফের	7
টেইলরের	7
টিএ	7
টার্মস	7
টানেন	7
টানাটানির	7
টাকাকে	7
টর	7
ঝাড়ু	7
ঝরেছে	7
ঝকঝকে	7
জ্বলে	7
জেলাসমূহ	7
জেলহাজতে	7
জেমিনি	7
জেনেছি	7
জুবায়ের	7
জুডিসিয়াল	7
জীবননগর	7
জীবনধারার	7
জীবনও	7
জিলকদ	7
জিম্বাবুয়ের	7
জিন	7
জিতেছিল	7
জালিয়াতিসহ	7
জার্সির	7
জায়গাটি	7
জায়গাজুড়ে	7
জানিয়েছিলাম	7
জানিয়েছি	7
জান	7
জাতিতে	7
জাতিকে	7
জলবায়ুর	7
জয়পাহাড়	7
জমিয়েছেন	7
জনৈক	7
জনসংখ্যার	7
জড়ানো	7
জটিলতার	7
জকসিন	7
ছেড়েছে	7
ছাপড়া	7
ছাড়ানো	7
ছাউনি	7
ছয়জনের	7
ছবিটির	7
ছবিগুলো	7
চোট	7
চেষ্টায়	7
চেতনাকে	7
চুয়াডাঙা	7
চুড়ি	7
চুইয়ে	7
চিৎকারে	7
চিলড্রেন	7
চিতলমারী	7
চালিকা	7
চালাচ্ছেন	7
চারটায়	7
চাপটা	7
চাপও	7
চাকার	7
চাকরিপ্রার্থীদের	7
চলাই	7
চলতেই	7
চরফ্যাশনে	7
চড়াই	7
ঘোরা	7
ঘুরিয়ে	7
ঘুড়ি	7
ঘাতক	7
ঘটলে	7
গ্রাস	7
গ্রানাদার	7
গ্রহণযোগ্যতা	7
গ্রহণকারী	7
গ্যাপ	7
গৌরব	7
গোলদাতা	7
গোড়ায়	7
গো	7
গেমে	7
গৃহ	7
গুহ	7
গুদাম	7
গুণাগুণ	7
গুজব	7
গায়িকা	7
গাড়ির	7
গাওয়ার	7
গহিন	7
গলিত	7
গর্ব	7
গর্তে	7
গর্ত	7
গরমে	7
গণমাধ্যমগুলো	7
গণমাধ্যমও	7
গণপিটুনি	7
গড়লেন	7
গড়ব	7
খোলামেলা	7
খোরপোশসহ	7
খেলেই	7
খেয়েছে	7
খেতখামার	7
খুলেছে	7
খালেকের	7
খালসংলগ্ন	7
খানজাহান	7
খাদ্যসংকট	7
খসড়ায়	7
ক্ষেত্র	7
ক্রোয়েশিয়ার	7
ক্রুডের	7
ক্রিস্টিয়ান	7
ক্রাউন	7
ক্যালিফোর্নিয়ার	7
ক্যাম্পগুলোতে	7
ক্যাটাগরি	7
কৌশলী	7
কৌটার	7
কোহিনূরের	7
কোম্পানিকে	7
কোচিং	7
কেরি	7
কেড়েছে	7
কেইনের	7
কৃষকেরা	7
কুকুর	7
কিলঘুষির	7
কিন্ডারগার্টেনের	7
কিডনির	7
কিছুক্ষণ	7
কার্যপরিধি	7
কার্যপদ্ধতি	7
কায়েম	7
কামড়ায়	7
কানসাসের	7
কানসাস	7
কাতারভিত্তিক	7
কাঞ্চনজঙ্ঘা	7
কাজও	7
কাঁদিয়ে	7
কাঁঠালতলায়	7
কষ্টদায়ক	7
কল্যাণমন্ত্রী	7
কল্পকাহিনি	7
কলম্বিয়া	7
কর্মের	7
কর্মজীবী	7
কর্মচাঞ্চল্য	7
কর্মকাণ্ডে	7
কর্নার	7
কর্তব্যনিষ্ঠা	7
করণী	7
কমিউনিকেশন	7
কমাক	7
কমলাপুর	7
কন্যাশিশু	7
কনকনে	7
কদর	7
কদমতলীর	7
কথোপকথনে	7
কতখানি	7
কচা	7
কঙ্কালসার	7
ককটেল	7
ওয়ার্ল্ডফিশের	7
ওয়াজেদ	7
ওয়াচ	7
ওয়াকার	7
ওয়াইড	7
ওপরই	7
ওড়ানো	7
ওড়না	7
ঐক্যবদ্ধভাবে	7
এশীয়	7
এলাকায়ও	7
এলাকাটি	7
এরমধ্যে	7
এনসিপিতে	7
এডিট	7
এজাহারটি	7
এজলাসে	7
এগোচ্ছে	7
এক্সপেরিয়েন্স	7
একাংশের	7
একাংশ	7
একটায়	7
একচিলতে	7
এও	7
এইচএসসির	7
উৎপাদিত	7
উৎকণ্ঠায়	7
উসমানী	7
উপায়ের	7
উপস্থিতিকে	7
উপদ্রব	7
উধাও	7
উদ্ধৃতি	7
উদ্দীনকে	7
উত্তরপত্র	7
উত্তরণে	7
উত্তরটি	7
উতরাই	7
উঠানে	7
উচ্চারিত	7
উচ্চমানের	7
উইম্বলডন	7
ঈদে	7
ইস্রাফিল	7
ইয়ানিক	7
ইয়াকুব	7
ইমিউনিটি	7
ইমিউনাইজেশন	7
ইন্সপেক্টর	7
ইন্দো	7
ইনফরমেশন	7
ইতালির	7
ইকরাম	7
ইউনাইটেড	7
ইংল্যান্ডই	7
আহ্বানও	7
আহারে	7
আহমদের	7
আহতের	7
আসিয়ান	7
আশঙ্কাজনক	7
আল্ট্রা	7
আলোয়াখোয়া	7
আলুভর্তা	7
আলবানিজ	7
আর্লেইগ	7
আর্তনাদ	7
আর্টিস্ট	7
আরেকটু	7
আরামবাগ	7
আরামদায়ক	7
আরা	7
আয়রন	7
আমিরুল	7
আমাদেরকে	7
আমনের	7
আবৃত্তিশিল্পীরা	7
আবহাওয়াতেই	7
আপ্যায়ন	7
আপাতদৃষ্টিতে	7
আন্তরিকতার	7
আন্তমন্ত্রণালয়	7
আনেন	7
আনস্প্ল্যাশ	7
আনবে	7
আনন্দঘন	7
আধাপাকা	7
আড়তের	7
আজিমপুরে	7
আচরণে	7
আগ	7
আকাশসীমায়	7
আকাশজুড়ে	7
আকর্ষণের	7
আইজ	7
আইকিউএয়ার	7
আইএসপিআর	7
অ্যালার্জির	7
অ্যাবাউট	7
অ্যাঞ্জিওইমিউনোব্লাস্টিক	7
অ্যাকাউন্টস	7
অস্বীকারকারীদের	7
অস্বস্তি	7
অস্ত্রধারী	7
অসাবধানতাবশত	7
অসহায়ত্ব	7
অসচেতনতা	7
অলি	7
অর্থায়নের	7
অভিযোগকে	7
অভিযানটি	7
অভিভূত	7
অভিনীত	7
অভিনয়জীবনে	7
অব্যবস্থাপনার	7
অবিচার	7
অফ	7
অপেক্ষাকৃত	7
অপরদিকে	7
অন্যায্য	7
অন্যায়ের	7
অন্যকে	7
অন্তরঙ্গ	7
অনেককে	7
অনুশীলনে	7
অনিক	7
অনায়াসে	7
অধ্যয়ন	7
অধিকারকর্মী	7
অধিকাংশই	7
অদক্ষতার	7
অদক্ষতা	7
অতুলনীয়	7
অজিত	7
অগ্রণী	7
অক্ষের	7
অংসাউপাড়া	7
৯৬৫	6
৮৭৬	6
৭৩১	6
৬৮	6
৬৩৭	6
৬২০	6
৪৯৭	6
৩৪০	6
৩৩৫	6
৩০০টির	6
২৮তম	6
২০টির	6
১৯৬৪	6
১৯৪৭	6
১৯৩৮	6
১৭টি	6
১৬১	6
১৫৭	6
১৫৬	6
১২৮	6
১১৯	6
১টায়	6
১টা	6
হ্রাসের	6
হ্যান্ডেলে	6
হোস্টিং	6
হোর্হে	6
হেরাল্ড	6
হেক্টরে	6
হৃদ্রোগ	6
হৃদরোগে	6
হুমকিতে	6
হিস্পেনিক	6
হিলে	6
হাহাকারের	6
হাসিনাসহ	6
হাসপাতালগুলোকে	6
হার্ভার্ড	6
হারিয়েই	6
হারমিস	6
হামদান	6
হাতিয়ে	6
হাতিটির	6
হাতিটি	6
হাটে	6
হাউপ্টবানহোফের	6
হাউজ	6
হাঁড়িয়াকাহন	6
হাঁটুপানিতে	6
হস্তীদর্শনের	6
হস্তক্ষেপে	6
হলিউডে	6
হলিউডভিত্তিক	6
হরিণশিকারিদের	6
হব	6
হতভাগা	6
হকিতে	6
সৎকাজ	6
স্যানিটেশন	6
স্যাক্স	6
স্মৃতিতে	6
স্বীকৃতিস্বরূপ	6
স্বাস্থ্যনীতি	6
স্বাস্থ্যগত	6
স্বাস্থ্যকে	6
স্বামীসহ	6
স্বাগতিকদের	6
স্বাক্ষরের	6
স্বতঃস্ফূর্তভাবে	6
স্প্রে	6
স্পিয়ার	6
স্নেহাশীষ	6
স্থিতি	6
স্থানের	6
স্থলাভিষিক্ত	6
স্তরগুলোর	6
স্তব্ধ	6
স্ট্র্যাটেজি	6
স্ট্যাটাস	6
স্টারমার	6
স্কুলছাত্রের	6
সৌভাগ্যবশত	6
সোহেলের	6
সোশিওলজি	6
সোনাভানের	6
সোডা	6
সৈয়দা	6
সেলাঙ্গরের	6
সেভাবেই	6
সেবাদানকারী	6
সেফটি	6
সেদিও	6
সেতুতে	6
সেট	6
সেজন্য	6
সৃষ্টিতে	6
সৃষ্টিকর্মকে	6
সৃজনশীলতা	6
সূর্যনগর	6
সূত্রের	6
সূত্রাপুর	6
সূত্রপাত	6
সূচকেই	6
সূচকটি	6
সুস্থভাবে	6
সুসম্পর্ক	6
সুশৃঙ্খলভাবে	6
সুশৃঙ্খল	6
সুলতানার	6
সুযোগে	6
সুমনের	6
সুপারিশসহ	6
সুপারভাইজার	6
সুনানে	6
সুতো	6
সুতা	6
সিসিবিবিএল	6
সিরিয়াসলি	6
সিরিয়া	6
সিবিল	6
সিদ্ধান্তগুলো	6
সিডিআই	6
সিটিতে	6
সিংহাসনে	6
সিংহভাগই	6
সিং	6
সাহিত্যবিষয়ক	6
সাহসের	6
সাশ্রয়ী	6
সালেও	6
সালিস	6
সালাউদ্দিন	6
সার্বভৌম	6
সার্টিফিকেশনের	6
সার্টিফিকেশন	6
সার্জেন্ট	6
সারাবছর	6
সারজিসের	6
সামলাবে	6
সাবস্ক্রাইব	6
সাবলীল	6
সাবরা	6
সান্তো	6
সান্তা	6
সানস্ক্রিন	6
সানডে	6
সাদিক	6
সাতটা	6
সাক্ষ্য	6
সাংবাদিকতার	6
সাংবাদিকতা	6
সাঁতরে	6
সহায়িকা	6
সহসা	6
সহযোগীরা	6
সহজলভ্যই	6
সহজলভ্য	6
সর্বাত্মক	6
সর্বস্বান্ত	6
সর্বসম্মতিতে	6
সর্বকালের	6
সরাতে	6
সরজমিনে	6
সয়াবিন	6
সম্মত	6
সম্ভাষণ	6
সম্ভাবনাও	6
সম্প্রদায়কে	6
সম্পাদকদের	6
সমীকরণের	6
সমাপ্ত	6
সমান্তরাল	6
সমস্যায়ও	6
সমস্যাটা	6
সমর্পণ	6
সমর্থকরাও	6
সময়টুকু	6
সময়টা	6
সমকামিতার	6
সবোর্চ্চ	6
সবশেষে	6
সবজিখেত	6
সন্দেহভাজন	6
সদ্ব্যবহার	6
সদৃশ	6
সদিচ্ছা	6
সদস্যরাই	6
সদরে	6
সদকায়ে	6
সড়কটি	6
সচ্ছলতা	6
সঙ্গীদের	6
সংরক্ষণাগারে	6
সংবাদমাধ্যমকে	6
সংবাদপত্রের	6
সংবাদকর্মী	6
সংগীতের	6
সংগঠনকে	6
সংখ্যাগরিষ্ঠের	6
ষড়যন্ত্রে	6
ষড়যন্ত্রমূলক	6
শ্রীধরপুর	6
শ্রদ্ধাশীল	6
শোষণের	6
শোকে	6
শোকগাথা	6
শো	6
শৈলকূপায়	6
শেষবারের	6
শেয়ারে	6
শেফশাওয়েন	6
শেখা	6
শেখকে	6
শৃঙ্খল	6
শুষে	6
শুভেচ্ছার	6
শুটের	6
শুকিয়েছে	6
শীলের	6
শীলপাড়ায়	6
শীতাতপ	6
শিশুমৃত্যু	6
শিল্পে	6
শিবিরগুলোতে	6
শিবা	6
শিনহুয়া	6
শিঙ্গাড়া	6
শিখছেন	6
শিক্ষিত	6
শিক্ষিকা	6
শিক্ষার্থীরাও	6
শিক্ষাবর্ষে	6
শিক্ষাপথেও	6
শিক্ষাদান	6
শিক্ষাজীবন	6
শিক্ষাখাতে	6
শিকারের	6
শিকলবন্দি	6
শাহিনের	6
শাসনে	6
শাসকের	6
শারিয়ার	6
শারদ	6
শামিল	6
শাটডাউন	6
শহীদুল্লাহ	6
শসা	6
শব্দটির	6
শপিং	6
শনিরআখড়া	6
শততম	6
শক্তিতে	6
লেনদেনে	6
লেজের	6
লেকপাড়ে	6
লুকের	6
লুকাস	6
লুকাচ্ছে	6
লিভিং	6
লিভারের	6
লিভ	6
লিপসন	6
লিপজিগ	6
লিটল	6
লিওনরের	6
লিও	6
লিঁও	6
লায়ন	6
লাঞ্চে	6
লাজুক	6
লাগতে	6
লাখেরও	6
লাইনআপ	6
লরেরগড়ে	6
লক্ষণই	6
রোহিঙ্গাদের	6
রোসারিও	6
রোমাঞ্চ	6
রোববারের	6
রোপণের	6
রোপণে	6
রোনেন	6
রোধ	6
রোডম্যাপ	6
রেসকোর্স	6
রেলওয়ের	6
রেফারিং	6
রেঞ্জে	6
রেঞ্চ	6
রেখেছি	6
রুমে	6
রুবেলার	6
রুওকিয়াং	6
রিস্ক	6
রিসাইজ	6
রিপোর্টার	6
রিপিট	6
রিজিউমে	6
রিকার্দো	6
রিকশাসহ	6
রিংপাইপ	6
রিং	6
রাষ্ট্রদ্রোহ	6
রাশিয়ায়	6
রায়হানুল	6
রাফাহ	6
রাজ্যজুড়ে	6
রাজবন্দীকে	6
রাজধানীবাসীর	6
রাজত্ব	6
রাখেনি	6
রাইসা	6
রাইজ	6
রসিকতা	6
রশি	6
রদ্রিগেজ	6
রদবদল	6
রক্ষণে	6
রক্তরঞ্জিত	6
রক্তক্ষরণ	6
যোগাযোগব্যবস্থায়	6
যোগদানের	6
যেদিক	6
যেই	6
যাবজ্জীবন	6
যানজটও	6
যাত্রীরা	6
যাঁর	6
যখনই	6
ম্যানহোলের	6
ম্যানচেস্টার	6
ম্যাচকে	6
ম্যাচও	6
ম্যাগাজিনের	6
ম্যাককালামের	6
মোস্তফাপুর	6
মোল্লার	6
মোদ্রিচিতে	6
মোজাক্কারুল	6
মোগি	6
মেলবন্ধন	6
মেয়েটার	6
মেয়েটা	6
মেয়াদের	6
মেনু	6
মেধা	6
মেট্রোরেলে	6
মেটাম্যাটেরিয়াল	6
মেটা	6
মেঝে	6
মেঘনায়	6
মৃত্যুহার	6
মূলস্রোত	6
মুসলমানিত্বে	6
মুরারীকাঠি	6
মুরাদপুর	6
মুন্সি	6
মুনাফায়	6
মুনশি	6
মুজাফফরপুর	6
মুখোশ	6
মীমাংসা	6
মীনাক্ষী	6
মিসরীয়	6
মিশ্রিত	6
মিলেই	6
মিললে	6
মিল	6
মিরর	6
মিন্ট	6
মিজেলসের	6
মিছিল	6
মাসেরও	6
মাসালিত	6
মাসগুলোতে	6
মালেক	6
মার্কেটিংয়ের	6
মারতে	6
মারকুলি	6
মায়ামি	6
মাপ	6
মান্দালয়	6
মানুষটিকে	6
মানুষগুলোকে	6
মানডেলা	6
মানচিত্রে	6
মাধ্যমেই	6
মাদ্রিদের	6
মাতৃত্বের	6
মাড়ির	6
মাছও	6
মাইকা	6
মাইওয়ান	6
মহারণের	6
মহারণকে	6
মহারণ	6
মহাবিদ্যালয়	6
মহানগরে	6
মহাদেশ	6
মহসীন	6
মহম্মদ	6
মস্তিষ্ক	6
ময়মনসিংহে	6
মন্দিরেও	6
মন্ত্রীকে	6
মন্ত্রিসভার	6
মনোক্রোম	6
মনুষ্যত্বে	6
মধু	6
মতাদর্শ	6
মণিপুরীপাড়া	6
মগবাজারে	6
ভ্যাপসা	6
ভোলাহাট	6
ভোক্তাকেন্দ্রিক	6
ভোকেশনাল	6
ভেন্টিলেটর	6
ভেন্টাস	6
ভেড়ালো	6
ভূঁইয়াকে	6
ভুমিধস	6
ভুবনেশ্বর	6
ভুগছে	6
ভুক্তভোগীর	6
ভুক্তভোগীদের	6
ভিয়েতনামের	6
ভিনটেজ	6
ভিটা	6
ভিকারুননিসা	6
ভাষাণচর	6
ভাষাজ্ঞান	6
ভালিওল্লাহ	6
ভাবুন	6
ভাবছিলাম	6
ভাতৃপ্রতিম	6
ভাটা	6
ভাজি	6
ভাঙিয়ে	6
ভাগে	6
ভাইরাসঘটিত	6
ভয়ভীতি	6
ভঙ্গ	6
ব্লুপ্রিন্ট	6
ব্রেইল	6
ব্রায়ান	6
ব্রাইটনের	6
ব্রঁ	6
ব্যুরোর	6
ব্যালিস্টিক	6
ব্যাচ	6
ব্যাগে	6
ব্যাকরণ	6
ব্যবহারকারী	6
ব্যবস্থাটি	6
ব্যবসায়িক	6
ব্যবসাপ্রতিষ্ঠান	6
ব্যক্তিশ্রেণির	6
ব্যক্তিমালিকানায়	6
ব্যক্তিবর্গ	6
বোস্টনের	6
বোনা	6
বোতলজাতকরণ	6
বোঝেন	6
বোঝাতে	6
বোঝাই	6
বেস্ট	6
বেল	6
বেরোবি	6
বেরিয়েছে	6
বেবিগার্ল	6
বেত্রাঘাত	6
বেকারি	6
বৃষ্টিস্নাত	6
বৃত্তিপ্রাপ্ত	6
বুদ্ধিমানের	6
বুঝিয়ে	6
বুঁদ	6
বিহারের	6
বিস্ময়	6
বিস্ফোরণে	6
বিষয়ও	6
বিষণ্ণ	6
বিশ্লেষকরা	6
বিশ্রামে	6
বিশ্বাসী	6
বিশ্বাসপাড়া	6
বিশ্বম্ভরপুরের	6
বিশ্ববিদ্যালয়গুলোতে	6
বিশ্ববাসীর	6
বিল্ডার	6
বিলাল	6
বিরত	6
বিমানবাহিনীর	6
বিভ্রাট	6
বিবেককে	6
বিনিয়োগকারীরা	6
বিধিমালার	6
বিধানে	6
বিধানসভার	6
বিদ্যুৎকেন্দ্রের	6
বিদ্যুতের	6
বিড়ালের	6
বিটিআরসির	6
বিজ্ঞানভিত্তিক	6
বিচ্যুত	6
বিচ্ছিন্নতায়	6
বিচি	6
বিঘ্নে	6
বিক্রিতে	6
বিএনপিসহ	6
বাহুল্য	6
বাহারুলকে	6
বাহরাইনের	6
বাসচাপায়	6
বাল্টিক	6
বার্তাসংস্থা	6
বার্গম্যান	6
বারান্দা	6
বাভি	6
বাবলু	6
বাধাহীনভাবে	6
বাদীপক্ষের	6
বাণিজ্যসচিব	6
বাড়িঘরের	6
বাঞ্ছনীয়	6
বাজারেও	6
বাজারসংশ্লিষ্ট	6
বাজারজাত	6
বাজাদা	6
বাঙালিত্বে	6
বাঘাইছড়ির	6
বাইসাইকেল	6
বাঁচাবে	6
বহুবার	6
বহুত্ববাদকে	6
বহিরাগতদের	6
বহালগাছা	6
বসিয়েছি	6
বসাব	6
বলেননি	6
বলয়	6
বলছিলাম	6
বর্ণাঢ্য	6
বরগুনায়	6
বন্ধ্যত্ব	6
বন্ধুহীন	6
বন্দরখোলা	6
বন্দবেড়	6
বনসম্পদ	6
বধ্যভূমি	6
বদলেছে	6
বদলানোর	6
বদলাচ্ছে	6
বড্ড	6
বড়ুয়া	6
বজ্রসহ	6
বঙ্গোপসাগরের	6
ফ্লেক্সিলোড	6
ফোনালাপ	6
ফেলিপে	6
ফেরি	6
ফেরদৌসী	6
ফেভারিটই	6
ফেব্রুয়ারির	6
ফেটে	6
ফেঞ্চুগঞ্জ	6
ফেইলিউরের	6
ফে	6
ফুনশালের	6
ফুচকা	6
ফুং	6
ফিরছিলেন	6
ফিক্সিংয়ের	6
ফিক্সিং	6
ফিকাতে	6
ফিউচার	6
ফারেস	6
ফাঁকি	6
ফলাফলের	6
ফরিদা	6
ফরিদপুরকে	6
ফটকজুড়ে	6
প্লাজায়	6
প্রেসিডেন্টের	6
প্রেসক্লাবে	6
প্রেজেন্টেশন	6
প্রেক্ষিতে	6
প্রাণনাশের	6
প্রাজ্ঞ	6
প্রাচীনতম	6
প্রস্থ	6
প্রস্তুতকারক	6
প্রশিক্ষক	6
প্ররোচনা	6
প্রযুক্তিবিষয়ক	6
প্রযুক্তিপ্রেমীদের	6
প্রমাণভিত্তিক	6
প্রভাবের	6
প্রবণতায়	6
প্রবণতাকে	6
প্রত্যাশিতভাবেই	6
প্রতিষ্ঠানসমূহে	6
প্রতিষ্ঠাতারা	6
প্রতিবন্ধীদের	6
প্রতিপক্ষকে	6
প্রতিক্রিয়াশীল	6
প্রণোদনাও	6
প্রজাতিটি	6
প্রচ্ছন্ন	6
প্রচন্ড	6
প্রকোপের	6
প্যালেস	6
প্যারাশুট	6
প্যান্টের	6
প্যাকেটে	6
প্যাকেটটার	6
পোস্টটি	6
পোলিও	6
পেশাজীবীদের	6
পেরোতে	6
পেরেছেন	6
পেরেছে	6
পেনরোজের	6
পেতাম	6
পেট	6
পূজা	6
পুষ্টিবিদ	6
পুষ্টিগুণেও	6
পুষ্টিকর	6
পুশইনের	6
পুল	6
পুরস্কৃত	6
পুরস্কারস্বরূপ	6
পুনর্নির্মাণ	6
পুকুরের	6
পিষ্ট	6
পিছনে	6
পিকআপটি	6
পাহাড়ী	6
পার্ল	6
পার্থিবন	6
পারের	6
পারা	6
পারস্যের	6
পারফেকশনিস্ট	6
পারদর্শী	6
পাবিপ্রবি	6
পানিসম্পদ	6
পাড়ানোর	6
পাড়	6
পাঠিয়েছিল	6
পাগল	6
পাক	6
পাওয়ারট্রলির	6
পহেলা	6
পশুপাখি	6
পর্যবেক্ষকদের	6
পরোয়ানা	6
পরীক্ষাগুলোর	6
পরীক্ষাগুলো	6
পরিশোধন	6
পরিবেশটাও	6
পরিবারেই	6
পরিবারগুলোকে	6
পরিধি	6
পরিচ্ছন্নতাকর্মী	6
পরার	6
পরশ	6
পররাষ্ট্রবিষয়ক	6
পরওয়ার	6
পয়েন্টেও	6
পপসম্রাট	6
পপতারকা	6
পদার্থবিদ	6
পদচারী	6
পত্রকার	6
পতাকাবাহী	6
পণ্যবাহী	6
পড়েছিলেন	6
পটল	6
পঞ্জিকায়	6
পঞ্চমাংশ	6
পকেটেই	6
ন্যারোবডি	6
ন্যারেটিভস	6
নৌপথে	6
নোভাক	6
নোটিফিকেশন	6
নেল	6
নেয়া	6
নেক	6
নেওয়ারও	6
নেইলপলিশ	6
নূন	6
নিশ্চিহ্ন	6
নির্ভরযোগ্যতা	6
নির্গমন	6
নিরূপণ	6
নিরাপত্তাহীনতা	6
নিরস্ত্রীকরণ	6
নিয়ন্ত্রণকক্ষ	6
নিমসহ	6
নিম	6
নিজেরাও	6
নিক্ষেপকারী	6
নিকোলকে	6
নিউজার্সিতে	6
নাশতায়	6
নালিতাবাড়ী	6
নার্সদের	6
নামেও	6
নামানোর	6
নামই	6
নাটকীয়ভাবে	6
নাচোল	6
নাইন	6
নাইছের	6
নলকূপও	6
নববিবাহিতা	6
নবদম্পতির	6
নদীপারের	6
নদীপথে	6
নথিপত্রসহ	6
নতি	6
নগরায়ন	6
নখকে	6
ধ্বংসাত্মক	6
ধ্বংসস্তূপের	6
ধোলাইখালের	6
ধিক্কার	6
ধানমন্ডিতে	6
ধাতব	6
ধাওয়া	6
ধরবে	6
ধরঞ্জী	6
দোকানঘর	6
দেশবাসীকে	6
দেখেছিলেন	6
দেখাননি	6
দেখাচ্ছিলেন	6
দেওয়াটা	6
দেওয়াকে	6
দূষণের	6
দূষণে	6
দুষ্টুমি	6
দুঃখিত	6
দিল্লিতেই	6
দিনাজপুরের	6
দিনগুলোর	6
দিগন্তে	6
দি	6
দাহ	6
দার্শনিক	6
দারিদ্র্য	6
দারফুরের	6
দায়ভার	6
দাবাশি	6
দাবানলের	6
দানবাক্সে	6
দাগালো	6
দাউদ	6
দাঁড়াতেই	6
দলভুক্ত	6
দলগুলো	6
দলও	6
দফতরের	6
দত্তক	6
দড়ে	6
দখলের	6
থানাকে	6
থাইল্যান্ডে	6
থাই	6
ত্রুটিগুলো	6
তোরণ	6
তেজাবী	6
তুফানের	6
তীরের	6
তীব্রভাবে	6
তিনজনের	6
তাহিরপুরের	6
তালে	6
তালাভেরা	6
তারিখের	6
তারাকান্দায়	6
তারল্যসংকটে	6
তারতম্য	6
তারকারাও	6
তামির	6
তাবাসসুম	6
তাবাতাবাই	6
তাফসির	6
তাইপেকে	6
তাঁবু	6
তরুণীর	6
তরনীদাসকে	6
তপু	6
তদারকির	6
তথ্যানুযায়ী	6
তথ্যনির্ভর	6
তত্ত্বের	6
ততটাই	6
ঢ্যাঁড়শ	6
ঢোকার	6
ঢাকনা	6
ড্রোনটি	6
ডেস্ট্রয়ারের	6
ডেলিভারি	6
ডুবেছেই	6
ডিস্ট্রিক্ট	6
ডিসেম্বরের	6
ডিসিতে	6
ডিসকাশন	6
ডিজি	6
ডিএনসিসির	6
ডালপুরি	6
ডাঙ্গী	6
ডাক্তাররা	6
ডাকসুর	6
ডলু	6
ডটনেট	6
ডকুমেন্টস	6
ঠেকানোর	6
ঠকঠক	6
ট্র্যাপিং	6
ট্রাস্টি	6
ট্রায়াল	6
টোলপ্লাজা	6
টোকিওতে	6
টেরিটরির	6
টুটুল	6
টিউটোরিয়াল	6
টাস্কফোর্স	6
টার্গেটেড	6
টার	6
টাঙ্গারিপাড়া	6
টাইলসগুলো	6
টাইমিং	6
টাইমসের	6
টাইফয়েড	6
টলারেন্স	6
ঝোল	6
ঝুলাই	6
ঝিলংজা	6
ঝিঙে	6
ঝাড়ছেন	6
ঝন্টুপাড়া	6
জ্যানেল	6
জোবায়েরসহ	6
জোগানো	6
জোগান	6
জোকোভিচের	6
জেলাজুড়ে	6
জেরুজালেমে	6
জেফ্রি	6
জুলিও	6
জুয়েলারি	6
জুবায়েরের	6
জুডিশিয়াল	6
জীববৈচিত্র্য	6
জীববিজ্ঞানী	6
জীবনযাপনে	6
জীবনযাত্রায়	6
জীবনমানের	6
জীবনবৃত্তান্ত	6
জীবনবিমা	6
জিরাফ	6
জিয়ারতের	6
জিপিটি	6
জিনিসপত্রের	6
জিনজিয়াংয়ের	6
জিওব্যাগ	6
জালের	6
জালান	6
জার্সিকে	6
জারিয়া	6
জানাচ্ছে	6
জানাচ্ছি	6
জানতেন	6
জাদার	6
জাগে	6
জাইদি	6
জলাবদ্ধতাকে	6
জলাবদ্ধতাও	6
জলবদ্ধতা	6
জলজ	6
জরিমানার	6
জরিপ	6
জয়েন্ট	6
জয়পুরহাটের	6
জয়নুল	6
জন্মদিনের	6
জনাব	6
জনসহ	6
জনরোষ	6
জননাঙ্গ	6
জঙ্গলে	6
ছোয়াঁচে	6
ছুরি	6
ছিন্ন	6
ছিনতাই	6
ছানা	6
ছাদে	6
ছাত্রসংগঠন	6
ছাত্রশিবির	6
ছাতকে	6
ছাড়েননি	6
ছাড়পত্র	6
ছাড়ছি	6
ছয়টার	6
ছন্দপতন	6
ছড়ি	6
ছড়াতে	6
চোকাতে	6
চেয়েছিল	6
চুন্নু	6
চিবিয়ে	6
চিনে	6
চিনতে	6
চিত্রে	6
চিকিৎসাসেবার	6
চিকিৎসাকালীন	6
চিকিৎসাকর্মীরা	6
চালাবেন	6
চারজনের	6
চারজনকে	6
চাকলা	6
চাইলেও	6
চাইলেই	6
চলো	6
চলিশিয়া	6
চর্মরোগ	6
চন্দনশহর	6
চট্টগ্রামকে	6
চঞ্চলতা	6
চকচকে	6
ঘোস্ট	6
ঘোরাবে	6
ঘৃণিত	6
ঘূর্ণিঝড়ের	6
ঘূর্ণিঝড়	6
ঘুরতেই	6
ঘাস	6
ঘাঁটিগুলো	6
ঘরটিকে	6
ঘরটি	6
ঘরগুলো	6
ঘণ্টাব্যাপী	6
ঘটা	6
ঘটনাস্থলেই	6
ঘটনাটির	6
গ্লাস	6
গ্রেমিয়ো	6
গ্রেফতারি	6
গ্রীষ্মের	6
গ্রামবাসীর	6
গ্যারি	6
গৌণ	6
গোষ্ঠীটি	6
গোলাবারুদের	6
গোলাবর্ষণসহ	6
গোলচত্বর	6
গোলই	6
গোমস্তাপুর	6
গোড়ার	6
গেম	6
গুমের	6
গুনে	6
গুটিকয়েক	6
গুগলের	6
গার্ডের	6
গাড়িগুলো	6
গাজীরটেক	6
গাঙ্গুলি	6
গহনার	6
গলাসমান	6
গলদ	6
গরমেও	6
গভমেন্ট	6
গণ্যমান্য	6
গণসাহিত্য	6
গণপরিবহনে	6
গণনা	6
গড়েছে	6
গড়েছিল	6
গড়াতে	6
গজনী	6
খোয়া	6
খেলাকে	6
খেল	6
খেয়েছেন	6
খালিদ	6
খালগুলোর	6
খার	6
খামারের	6
খাদ্যাভ্যাসে	6
খাতায়	6
খরচও	6
খবরগুলোর	6
খনিজের	6
ক্ষতস্থান	6
ক্লাসে	6
ক্লাবটি	6
ক্লাবগুলোর	6
ক্রুজেস	6
ক্রুজেইরোর	6
ক্রীড়াঙ্গন	6
ক্রমাগতভাবে	6
ক্যাম্পেইনের	6
ক্যাপিটল	6
কোলেস্টেরল	6
কোর্তোয়ার	6
কোরনাই	6
কোম্পানিগুলোকে	6
কোমেলার	6
কোপাইলট	6
কৈশোরে	6
কৈটোলা	6
কেলসিকে	6
কেন্দ্রগুলোর	6
কেনায়	6
কেনাবেচা	6
কেএসআর	6
কেএইচকে	6
কৃতজ্ঞ	6
কুশপুত্তলিকা	6
কুমির	6
কুবরিকের	6
কুনমিং	6
কীসে	6
কীটনাশকের	6
কিশোরকে	6
কিলোমিটারজুড়ে	6
কিরণ	6
কিউব	6
কিউটিকল	6
কাস্টমার	6
কার্যভার	6
কার্ডধারী	6
কারো	6
কারাবন্দী	6
কায়েস	6
কায়রো	6
কাম্য	6
কাবাব	6
কাবা	6
কান্দাহারে	6
কানাইঘাট	6
কাতায়েব	6
কাটিং	6
কাটাকাটি	6
কাটতেই	6
কাজেও	6
কাজেই	6
কাজকে	6
কাঁপা	6
কসাইখানাগুলোর	6
কলম্বিয়ার	6
কলঙ্কিত	6
কর্মে	6
কর্মজীবীদের	6
কর্মচারীর	6
কর্মঘণ্টা	6
কর্মক্ষেত্র	6
করুনা	6
করীম	6
করলা	6
করবর্ষে	6
করকে	6
কয়লা	6
কমেছিল	6
কমিশনারের	6
কভিড	6
কন্যাসন্তান	6
কনজারভেশন	6
কটূক্তির	6
কটিই	6
কচু	6
কচি	6
কঙ্কালটি	6
কঙ্কাল	6
ওয়েঙ্গার	6
ওয়াসিম	6
ওমানের	6
ওদেরকে	6
ঐতিহ্যেরই	6
ঐতিহ্যগতভাবে	6
এসএএইচ	6
এলিট	6
এলাকানির্ভর	6
এরগোস্ফিয়ারে	6
এরকম	6
এয়ারলাইন্সটিতে	6
এয়ারলাইন্সকে	6
এয়ারক্রাফটগুলো	6
এমডিএএ	6
এমএফএ	6
এমএ	6
এমআরএম	6
এফইবিডির	6
এপ্রিলের	6
এপি	6
এনেছি	6
এনিয়ে	6
এনামুল	6
এনএফএল	6
এডুকেশনাল	6
এডিস	6
এডিপির	6
এগারোর	6
এক্সপ্রেসওয়ের	6
একেকটা	6
একসময়ে	6
একথা	6
এককাতারে	6
এএমএল	6
এইচপিএনএসপি	6
এইচএনপিএসপির	6
এইউএফ	6
ঋন	6
ঋণসেবা	6
উল্টে	6
উয়েফা	6
উপস্থিতিই	6
উপস্থাপনা	6
উপস্থাপক	6
উপপরিচালক	6
উপনেতা	6
উপদেশ	6
উপদলগুলোর	6
উপত্যকায়	6
উপক্রম	6
উপকূল	6
উপকমিটির	6
উন্নতির	6
উদ্যাপনেও	6
উদ্ভাবনে	6
উদ্বোধনীতে	6
উদ্বুদ্ধ	6
উদ্দেশ্যেই	6
উত্তেজনাপূর্ণ	6
উত্তেজনাকে	6
উড়াল	6
উঠানের	6
উচ্ছ্বাস	6
উচ্চবিদ্যালয়ে	6
উগ্রবাদমুক্ত	6
উগান্ডা	6
ঈদের	6
ইস্পাতের	6
ইসা	6
ইসরায়েলস	6
ইলশার	6
ইরাজ	6
ইয়েমেন	6
ইয়ানোশ	6
ইয়াকভ	6
ইয়র্কের	6
ইবনে	6
ইপিজেড	6
ইপিআইয়ের	6
ইন্স্যুরেন্সে	6
ইন্ডিয়ান	6
ইন্টারনেটের	6
ইনিশিয়েটিভের	6
ইনশাআল্লাহ	6
ইনফোডেমিক	6
ইনডেক্স	6
ইনডিজিনাস	6
ইনজেকশন	6
ইদ্রিস	6
ইতিমধ্যেই	6
ইঞ্জিনিয়ার	6
ইজ	6
ইচ্ছে	6
ইচ্ছাকৃতভাবে	6
ইগনাসিও	6
ইকুয়েডরের	6
ইউল্যাবের	6
ইউরোমোমোর	6
ইউনূস	6
ইউনিটে	6
আহসানকে	6
আসেননি	6
আশ্চর্যের	6
আশরাফউদ্দিন	6
আল্লাহুম্মা	6
আলোনসো	6
আলে	6
আলুর	6
আলিঙ্গনের	6
আলাপকালে	6
আলবিসেলেস্তেরা	6
আলবিসেলেস্তে	6
আর্তচিৎকার	6
আরএসএফের	6
আরআর	6
আমেরিকানদের	6
আভিযানিক	6
আবেদনগুলো	6
আবুজার	6
আবিষ্কৃত	6
আবির্ভূত	6
আবিব	6
আবাহনী	6
আবহাওয়াজনিত	6
আফরোজ	6
আফগান	6
আপত্তির	6
আন্দোলনকারীদের	6
আনাদোলু	6
আধিপত্যের	6
আধাসামরিক	6
আধারে	6
আদিবাসীসহ	6
আদালতকে	6
আদার্স	6
আত্মিক	6
আত্মহত্যায়	6
আত্মসম্মান	6
আত্মপরিচয়ের	6
আত্মগোপনে	6
আটলান্টার	6
আটবারের	6
আচরণবিজ্ঞানী	6
আঙুলের	6
আগ্রাসন	6
আগেভাগে	6
আগমনকে	6
আগত	6
আকুতি	6
আকাশছোঁয়া	6
আওয়ার্স	6
আওয়ামীপন্থি	6
আইস	6
আইনপ্রয়োগকারী	6
আইনটির	6
আইনটি	6
আইটিডিপি	6
আইকিউএয়ারের	6
অ্যাসিস্ট	6
অ্যাসাসিনেশনস	6
অ্যামিকাস	6
অ্যাপস	6
অ্যান্ড্রু	6
অ্যান	6
অ্যাটাকিং	6
অহংকারী	6
অস্ত্রোপচার	6
অর্থপূর্ণ	6
অয়েলিংয়ের	6
অভ্যাসও	6
অভিযোগগুলোর	6
অভিভাবকেরা	6
অভিজ্ঞতাই	6
অব্যাহতি	6
অবিকল	6
অবস্থাকে	6
অবসরে	6
অবরোধ	6
অবনতিও	6
অবচেতন	6
অবগত	6
অপুষ্টির	6
অপরিশোধিত	6
অপরিবর্তনীয়	6
অপরাধবোধ	6
অপমানে	6
অপমান	6
অন্ধের	6
অন্ধভাবে	6
অন্দর	6
অন্তরে	6
অনেকক্ষণ	6
অনুপাতে	6
অনুধাবন	6
অনুঘটক	6
অনতিবিলম্বে	6
অধ্যায়ের	6
অধ্যয়নের	6
অধ্যয়নরত	6
অধিবেশনেই	6
অধিকারবিষয়ক	6
অতিমারির	6
অণু	6
অঞ্চলগুলোকে	6
অঞ্চলগুলো	6
অঞ্চলকে	6
অজ্ঞাতনামা	6
অজুহাত	6
অঙ্গরাজ্যের	6
অগ্রগতির	6
অগণিত	6
অক্লান্ত	6
অংশগ্রহণমূলক	6
অংশকে	6
৯৯৩	5
৯৩৪	5
৯টায়	5
৮৫৪	5
৮০তম	5
৭৩১টিআনসার	5
৬১৬	5
৬১টি	5
৫টায়	5
৪৭টি	5
৪৪০	5
৪৩টি	5
৪১০	5
৩৩৩	5
৩টায়	5
২১৫	5
২০৩	5
২০২৬পদের	5
২শ	5
২য়	5
১৯৭৭	5
১৯৪৮	5
১৯১৭	5
১৮৪৫	5
১৫২	5
১৫১	5
১৫০টির	5
১৩২	5
১৩১টি	5
১২৬	5
১১৮	5
১০০টি	5
১টার	5
হ্যারিসন	5
হ্যান্ডবল	5
হ্যাডম	5
হোসেনসহ	5
হোসে	5
হেলেনা	5
হেলাল	5
হেমন্ত	5
হেগ	5
হৃদযন্ত্রের	5
হিড়িক	5
হার্ভার্ডের	5
হার্ট	5
হারিয়েছেন	5
হারালে	5
হারাল	5
হামিম	5
হামমুক্ত	5
হান্ট	5
হাতুড়ি	5
হাতছাড়া	5
হাইড্রেশন	5
হাঁসের	5
হাঁটাহাঁটির	5
হরাইজন	5
হয়রানির	5
হটতে	5
স্লিভলেস	5
স্লিপিং	5
স্যুয়ারেজ	5
স্যুভেনির	5
স্যান্ডেল	5
স্যাক্সনির	5
স্যাক্সনি	5
স্মৃতিগুলোকে	5
স্মার্টফোনের	5
স্বাস্থ্যসুরক্ষায়	5
স্বাস্থ্যমন্ত্রীসহ	5
স্বাস্থ্যকর্মী	5
স্বাগতিক	5
স্বর্ণালংকার	5
স্বর্ণকে	5
স্বর্গরাজ্য	5
স্বরাষ্ট্র	5
স্বরণীয়	5
স্পেসে	5
স্পিলবার্গ	5
স্পিডবোট	5
স্পাইস	5
স্পাইডার	5
স্নেহের	5
স্নেহনের	5
স্নায়ুতন্ত্র	5
স্নাতকোত্তর	5
স্থাপত্যগুলো	5
স্থপতি	5
স্ট্রংয়ের	5
স্টিভেন	5
স্টার	5
স্ক্রিনিংয়ের	5
স্ক্রিনিং	5
স্ক্রিনশট	5
স্কুলগামী	5
স্কটল্যান্ড	5
সোহরাওয়ার্দী	5
সোলার	5
সোনাগুলো	5
সোজা	5
সেলিব্রেট	5
সেমিতে	5
সেমিকন্ডাক্টর	5
সেফাতুল্লাহ	5
সেদিক	5
সেগুলোতেই	5
সেক্টরের	5
সেকি	5
সেইস	5
সূর্যোদয়	5
সূর্যের	5
সূর্যাস্ত	5
সূত্রগুলোর	5
সুস্বাস্থ্য	5
সুসংহত	5
সুরাহা	5
সুবীর	5
সুবিধায়	5
সুপ্রশস্ত	5
সুপারকম্পিউটারের	5
সুনামের	5
সুইস	5
সুইচে	5
সিস্টেমে	5
সিস্টিন	5
সিল্কের	5
সিরিক	5
সিমো	5
সিনেমাতে	5
সিদ্ধান্তহীনতা	5
সিকি	5
সিএনজির	5
সিংহের	5
সাহেবের	5
সাহিত্যিকের	5
সাহিত্যিকদের	5
সালেহ্	5
সার্জারি	5
সার্কেল	5
সারে	5
সাম্যবাদী	5
সাবধানে	5
সাফের	5
সান্ত্বনার	5
সাধনা	5
সাধক	5
সাতজনকে	5
সাতকানিয়ায়	5
সাজপোশাক	5
সাগাটিয়া	5
সাগরের	5
সাকিবকে	5
সাইক্লিস্ট	5
সাইকোলজিক্যাল	5
সাংবিধানিকভাবে	5
সহায়তাও	5
সহস্রলোচনা	5
সহশিল্পীদের	5
সহধর্মিণী	5
সহকর্মীরা	5
সর্বস্ব	5
সর্বনাশ	5
সরেজমিন	5
সম্পাদনার	5
সম্পাদনা	5
সমারোহ	5
সমানে	5
সমাদৃত	5
সমাজসেবা	5
সময়টি	5
সময়কার	5
সবকিছুরই	5
সফট	5
সন্ত্রাসবিরোধী	5
সন্তানসহ	5
সদিচ্ছার	5
সদস্যসহ	5
সতর্কবার্তার	5
সড়কপথ	5
সক্ষমতায়	5
সকালেও	5
সংস্কৃতিও	5
সংস্করণে	5
সংশোধিত	5
সংশোধনীসহ	5
সংবাদমাধ্যমে	5
সংবলিত	5
সংজ্ঞাগত	5
সংজ্ঞাকে	5
সংঘবদ্ধভাবে	5
সংগ্রহশালা	5
সংকীর্ণ	5
শ্রীলঙ্কা	5
শৌচাগার	5
শোভাযাত্রায়	5
শোধনাগাগার	5
শোধ	5
শেয়ারিংয়ের	5
শেডের	5
শুল্কের	5
শুধরে	5
শুচি	5
শুকানো	5
শিশুসুলভ	5
শিশুসন্তানকে	5
শিশুবিকাশ	5
শিশুপুত্র	5
শিল্পপ্রেমীদের	5
শিবলীসহ	5
শিখিয়েছে	5
শিক্ষাবর্ষ	5
শিক্ষানবিশ	5
শাহে	5
শাহীনেরা	5
শাহীনা	5
শাসকগোষ্ঠীর	5
শালদুধ	5
শাল	5
শাঙ্গন	5
শহরগুলোতে	5
শর্ষের	5
শরীরব্যথা	5
শব্দদূষণ	5
শব্দটি	5
শবনম	5
শত্রুতা	5
শত্রুকে	5
শক	5
লোকেরই	5
লোকের	5
লোকে	5
লোকারণ্য	5
লোকটা	5
লোকগান	5
লেফটেন্যান্ট	5
লিপ্ত	5
লিডারশিপ	5
লিখিয়ে	5
লাব্বাইক	5
লাটে	5
লাজলজ্জার	5
লাগিয়েছি	5
লরেন্ট	5
লবণের	5
লজ্জাবোধ	5
লজিস্টিক	5
লঘুচাপের	5
লক্ষ্যবস্তুগুলোর	5
লক্ষ্যবস্তুকে	5
রোমানিয়ার	5
রোমানস	5
রেস্তোরাঁয়	5
রেলস্টেশনের	5
রেমব্রান্ট	5
রেন্ট	5
রেডি	5
রেকর্ডিংয়ের	5
রুবেলা	5
রুটের	5
রুটস	5
রীতি	5
রিসেপ্টর	5
রিলি	5
রাষ্ট্রপ্রধানের	5
রাষ্ট্রপ্রধান	5
রাফিয়াত	5
রাফায়েলের	5
রাতটা	5
রাণী	5
রাজপথকে	5
রাজধানীকে	5
রাজছত্র	5
রাখবো	5
রসবোধের	5
রমরমা	5
রবিঠাকুরের	5
রদ্রির	5
রক্ষণাবেক্ষণকেন্দ্র	5
যৌক্তিকতা	5
যোগ্যতায়	5
যোগাযোগদক্ষতা	5
যোগদান	5
যেভাবেই	5
যেতো	5
যেখানেসেখানে	5
যেখান	5
যুদ্ধবিমান	5
যুগোস্লাভিয়া	5
যাসনে	5
যাবত	5
যানে	5
যানবাহনে	5
যাত্রীকে	5
যত্নও	5
ম্লান	5
ম্যারাথন	5
ম্যানুফ্যাকচারিং	5
ম্যাডোনা	5
ম্যাডাম	5
ম্যাডনেস	5
ম্যাজিক্যাল	5
ম্যাগিয়ার্স	5
মৌন	5
মৌচাকে	5
মোনাজাত	5
মোতাবেক	5
মোক্তার	5
মোকাবিলার	5
মেহজাবীনের	5
মেসেজ	5
মেশানো	5
মেলেনি	5
মেরামতে	5
মেয়েকেও	5
মেন্টরশিপ	5
মেধার	5
মেঘদূতম	5
মৃত্যুগুলোর	5
মৃত্যুগুলোকে	5
মূল্যবোধের	5
মূল্যছাড়	5
মুহূর্তটিকে	5
মুহূর্তগুলোর	5
মুসল্লি	5
মুশতাক	5
মুরগির	5
মুদ্রানীতি	5
মুঠোয়	5
মুজাম্মিলের	5
মুচি	5
মুখটি	5
মীযানুল	5
মিলস	5
মিনোগ	5
মিনিসিরিজ	5
মিনিটও	5
মিটফোর্ডে	5
মিট	5
মি	5
মাস্টারপ্ল্যান	5
মাসআলা	5
মাশাআল্লাহ	5
মাশা	5
মালুম	5
মার্টের	5
মার্কেটে	5
মার্কেটীয়	5
মারে	5
মারিয়ানো	5
মারকাজি	5
মামুনকে	5
মান্দায়	5
মানুষেরও	5
মানু	5
মানিয়ে	5
মানবসৃষ্ট	5
মাদকের	5
মাঘ	5
মাওলা	5
মাইল	5
মাইনসে	5
মহাসংকটের	5
মহানগরকে	5
মহাতারকা	5
মহড়াস্থলে	5
মস্তিষ্কের	5
মস্তিষ্কে	5
মর্জি	5
মরিয়াম	5
মরা	5
মরণফাঁদে	5
মরক্কোর	5
মরক্কোকে	5
মন্ত্রণালয়কে	5
মনোযোগের	5
মনোভাব	5
মনু	5
মনিপুর	5
মধ্যবিত্তের	5
মতিঝিলের	5
মতবিনিময়ের	5
মগবাজার	5
মগ	5
মওলা	5
মং	5
ভ্রমণে	5
ভ্যানওয়ালাকে	5
ভোক্তা	5
ভেলার	5
ভেন্যুতে	5
ভেদ	5
ভেতরেই	5
ভেঙেছেন	5
ভূজপুর	5
ভুনা	5
ভুতি	5
ভুট্টা	5
ভিসাসহ	5
ভিন্নমত	5
ভিডু	5
ভিডিওটির	5
ভিড়ভাট্টাও	5
ভিটামিনের	5
ভাসবে	5
ভালোবেসে	5
ভার্মিয়ারের	5
ভার্দেকে	5
ভাবাপন্ন	5
ভানু	5
ভাতিজা	5
ভাড়ায়	5
ভাঙছে	5
ভাগ্যের	5
ভাগ্যে	5
ভাগ্যবান	5
ভাইসহ	5
ভর্তুকি	5
ভয়েস	5
ভবিষ্যৎমুখী	5
বৎসরের	5
ব্ল্যাংক	5
ব্রুথাল	5
ব্রিলিয়ান্ট	5
ব্রাহ্মণ	5
ব্যুরো	5
ব্যাখ্যায়	5
ব্যর্থতায়	5
ব্যবহারিক	5
ব্যবস্থাপক	5
ব্যবধান	5
বোহেমিয়ান	5
বোয়িংয়ের	5
বোমারু	5
বোনহাম	5
বোনদের	5
বেহুলার	5
বেহবাহান	5
বেসিক	5
বেনজীর	5
বেডের	5
বেড়ান	5
বেঙ্গালুরু	5
বৃষ্টিবিলাসী	5
বৃষ্টিপ্লাবিত	5
বৃষ্টিদুর্বলতা	5
বৃক্ষে	5
বৃক্ষশক্তি	5
বুনে	5
বুঝব	5
বুকসমান	5
বুকজুড়ে	5
বিসিসিআই	5
বিসিবি	5
বিসিক	5
বিষ্ঠামুখর	5
বিষয়টিও	5
বিষণ্নতা	5
বিশ্বস্বাস্থ্য	5
বিশ্বব্যবস্থাকে	5
বিশেষত্ব	5
বিশেষজ্ঞরাই	5
বিশদভাবে	5
বিশ	5
বিরোধে	5
বিমাখাতে	5
বিভীষিকা	5
বিব্রতকর	5
বিবি	5
বিপৎসীমা	5
বিপিএলে	5
বিপদসীমার	5
বিধিবিধান	5
বিদ্রোহ	5
বিচ্ছিন্নতা	5
বিচারব্যবস্থা	5
বিচারকদের	5
বিক্ষুব্ধ	5
বিকাশের	5
বিকাল	5
বিওয়াইডি	5
বিএনপিকে	5
বিউটির	5
বিআইইডি	5
বাহিরে	5
বাস্তবায়নকারী	5
বাসস্টেশনে	5
বার্মিংহাম	5
বায়ুশক্তি	5
বাবাকে	5
বাপের	5
বাধাতে	5
বাদশাহ	5
বাদলায়	5
বাদরদিনে	5
বাটার	5
বাজাচ্ছে	5
বাজল	5
বাচ্চাদের	5
বাকা	5
বাইসেন্টিনিয়াল	5
বাইডেনের	5
বাংকার	5
বাঁধুক	5
বাঁধলে	5
বাঁচবে	5
বহুতল	5
বহির্ভূত	5
বসেছেন	5
বসিয়ে	5
বসব	5
বলেনি	5
বলতেন	5
বর্তমানদের	5
বর্ণিল	5
বর্জ্যমুক্ত	5
বরণীয়	5
বয়োজ্যেষ্ঠদের	5
বয়সীদের	5
বন্যাপ্রবাহ	5
বন্দোবস্ত	5
বদলাবে	5
বড়সংখ্যক	5
বড়জোর	5
বড়ই	5
বছরগুলোর	5
বক্তা	5
বক্তব্যকে	5
ফ্লাওয়ার্স	5
ফ্রেডরিখ	5
ফ্যাশনের	5
ফোর্ডকে	5
ফোয়ারাগুলো	5
ফেল	5
ফেরেননি	5
ফেরে	5
ফেরতের	5
ফেবারিট	5
ফুলের	5
ফুরোয়	5
ফুটন্ত	5
ফিলিস্তিনিরা	5
ফিরেছিলেনও	5
ফিরেছি	5
ফিরিতেছিল	5
ফিরি	5
ফিরতি	5
ফিনালে	5
ফিজিকে	5
ফিজি	5
ফিউশন	5
ফাস্ট	5
ফালাফালা	5
ফারিণের	5
ফাইটার	5
ফাই	5
ফাঁকা	5
ফলোআপ	5
ফয়সালের	5
প্রোটেকশন	5
প্রোগ্রামিং	5
প্রান্তিকের	5
প্রান্তর	5
প্রাণীজগৎ	5
প্রাণশক্তি	5
প্রাণগুলো	5
প্রাইভেটকারটি	5
প্রস্তাবও	5
প্রসেশন	5
প্রসূতি	5
প্রসারিত	5
প্রসঙ্গত	5
প্রশ্নগুলোর	5
প্রশ্নকে	5
প্রশিক্ষণপ্রাপ্ত	5
প্রলোভন	5
প্রয়োগবিষয়ক	5
প্রভাবও	5
প্রবাহের	5
প্রবণতার	5
প্রথমেই	5
প্রত্যাশিত	5
প্রত্যাবাসন	5
প্রতীকও	5
প্রতিরক্ষামন্ত্রী	5
প্রতিরক্ষাব্যবস্থাকে	5
প্রতিরক্ষাব্যবস্থা	5
প্রতিবাদে	5
প্রতিনিধিদলের	5
প্রজননক্ষেত্র	5
প্রক্সি	5
প্র	5
প্যালেসের	5
প্যাপিলোমা	5
পৌষ	5
পেস্ট	5
পেশাজীবী	5
পেয়েও	5
পেয়েই	5
পেনি	5
পেনশন	5
পূর্বাঞ্চলেও	5
পূর্বঘোষিত	5
পুলিশিং	5
পুনর্জীবিত	5
পিটপিট	5
পিএইচডির	5
পার্শ্বপ্রতিক্রিয়া	5
পার্কের	5
পারিশ্রমিকের	5
পারিপার্শ্বিক	5
পারলেই	5
পারফরম্যান্সে	5
পান্থপথ	5
পানীয়ই	5
পানিশূন্যতা	5
পাদদেশে	5
পাঠালে	5
পাকস্থলিজাত	5
পলিটেকনিক	5
পর্বেও	5
পর্দা	5
পরোয়ানাভুক্ত	5
পরেরবারের	5
পরেছেন	5
পরীক্ষাটির	5
পরীক্ষাকে	5
পরীক্ষাই	5
পরিস্থিতিতেও	5
পরিষ্কারভাবে	5
পরিশ্রমী	5
পরিবেশকেও	5
পরিবহনমন্ত্রী	5
পরিচ্ছেদের	5
পরিচ্ছন্নতার	5
পরিচালকের	5
পরিচালকরা	5
পরিচয়কে	5
পরিক্রমা	5
পরিকল্পনাগত	5
পরশপাথরের	5
পয়লা	5
পদাবলি	5
পদাধিকারীর	5
পদব্রজেই	5
পদব্রজে	5
পথযাত্রার	5
পত্রিকাটি	5
পড়েনি	5
পড়ালেখার	5
পক্ষপাতহীন	5
নৌপরিবহনমন্ত্রী	5
নৌপরিবহন	5
নৌকার	5
নোঙর	5
নেহায়েতই	5
নেওয়াই	5
নুহের	5
নীলফামারীতে	5
নীরা	5
নীরবতাকেও	5
নিস্তব্ধতার	5
নিষ্কাশনব্যবস্থার	5
নিশ্চিতের	5
নির্ভুলভাবে	5
নির্নিমেষে	5
নিরুৎসাহিত	5
নিরাপত্তাচাদর	5
নিরলসভাবে	5
নিরন্তর	5
নিয়মিতই	5
নিয়তি	5
নিম্নহার	5
নিমগাছ	5
নিবিড়ভাবে	5
নিচেই	5
নিউমার্কেটের	5
নিউজের	5
নিউজিল্যান্ডে	5
নাহলে	5
নাহয়	5
নাসের	5
নাসিমুল	5
নালার	5
নারীসহ	5
নামলাম	5
নামতেই	5
নানুর	5
নানাবিধ	5
নাতনি	5
নাড়ে	5
নাচটা	5
নাগরিকত্ব	5
নাইটহুড	5
নাইজেল	5
নষ্টকারী	5
নরকযন্ত্রণা	5
নমুনার	5
নমনীয়	5
নবীনগর	5
নদীপথ	5
নথিতে	5
নড়াইলের	5
নগরব্যবস্থাই	5
নকলের	5
ধ্যান	5
ধ্বংসস্তূপ	5
ধ্বংসযজ্ঞে	5
ধেয়ে	5
ধারাসহ	5
ধারাগুলো	5
ধারন	5
ধানমণ্ডিসহ	5
ধর্মাবলম্বী	5
ধরিত্রী	5
ধরনায়	5
দ্বীনে	5
দৌরাত্ম্য	5
দৌড়ালেন	5
দৌড়ানোর	5
দৌড়বিদসহ	5
দোলা	5
দোরগোড়ায়	5
দেনমোহর	5
দেজফুলসহ	5
দেখিয়েছেন	5
দেখিতেছিল	5
দৃশ্যপট	5
দূতাবাস	5
দুর্মর	5
দুর্গন্ধের	5
দুপাশের	5
দুজনে	5
দুজনই	5
দুইয়ের	5
দুঃস্বপ্ন	5
দিব	5
দিনমজুরেরা	5
দিছি	5
দিচ্ছিল	5
দিকেই	5
দারিদ্র্যমুক্ত	5
দায়ীদের	5
দায়িত্ববোধ	5
দাবিগুলো	5
দাতাদেশের	5
দাওয়াত	5
দাওয়া	5
দশটায়	5
দশকেরও	5
দরিয়া	5
দমাতে	5
দমনের	5
দখলমুক্ত	5
দক্ষিণাঞ্চলীয়	5
থ্রেটেনিং	5
থিয়াওকে	5
থিম	5
থিতু	5
থিওরি	5
থামানো	5
থামলে	5
থাকল	5
থাক	5
ত্রুটিটি	5
ত্রুটজিনতি	5
তোরা	5
তোকে	5
তেমনই	5
তেতে	5
তেজাবি	5
তেজগাঁওয়ে	5
তৃপ্তির	5
তীব্রতায়	5
তিতাসের	5
তিক্ত	5
তাহিয়া	5
তাসমানিয়ান	5
তাসনিয়া	5
তাস	5
তালা	5
তামাদি	5
তানজিদের	5
তানজিদ	5
তাঁকেও	5
তহবিলের	5
তলে	5
তরিকুল	5
তথ্যকে	5
তত্ত্ব	5
ততটা	5
ততক্ষণে	5
ঢোল	5
ঢেউ	5
ঢাকায়ই	5
ড্রেনকে	5
ড্রেজিং	5
ড্যাফোডিলের	5
ডোমিনিয়ন	5
ডোবে	5
ডোবার	5
ডোবা	5
ডেভেলপমেন্টের	5
ডিস্টিংগুইশড	5
ডিস্টার্ব	5
ডিলারকে	5
ডিপ	5
ডিন	5
ডিটেনশন	5
ডিএসসিসির	5
ডিএসসিসি	5
ডাল্টন	5
ডালের	5
ডালাসে	5
ডার্ন	5
ডারমট	5
ডায়রিয়ার	5
ডাকেন	5
ডাউনস্টেজ	5
ডাউন	5
ডাই	5
ডগস	5
ঠেগা	5
ঠিকাদারের	5
ঠিকভাবে	5
ঠাকুরপাড়া	5
ট্যারাসে	5
টেস্টে	5
টেস্টও	5
টেলিভিশনেও	5
টেলিভিশনে	5
টেবিলে	5
টিমোথি	5
টালির	5
টারবাইনগুলো	5
টারবাইন	5
টাকাও	5
টাওয়ারের	5
টাউনশিপ	5
টাইপ	5
ঝালিয়ে	5
জ্যেষ্ঠতম	5
জ্বালানী	5
জোগাতে	5
জেলাটির	5
জেনিটাল	5
জুটি	5
জীবিকায়নের	5
জীবনযন্ত্রণা	5
জীবনদক্ষতা	5
জীবদ্দশায়	5
জিহানের	5
জিনাত	5
জিডি	5
জিউইঙ্গার	5
জাহাজের	5
জাহাজগুলোতে	5
জাস্ক	5
জার্মানিসহ	5
জার্নালিজম	5
জার্নাল	5
জায়েদ	5
জানিস	5
জানালে	5
জানালায়	5
জানার	5
জাতিসংঘে	5
জলপথ	5
জর্ডানকে	5
জর্জিয়া	5
জরায়মুখ	5
জয়টা	5
জমিন	5
জমার	5
জমবে	5
জবি	5
জবানবন্দি	5
জন্মায়	5
জন্মবার্ষিকীতে	5
জন্মনাম	5
জন্ডিসসহ	5
জনস্বাস্থ্যবিদ	5
জনস্বাস্থ্যগত	5
জনসেবামূলক	5
জনশুমারি	5
জটে	5
জজ	5
ছুটেছি	5
ছুঁতে	5
ছিলই	5
ছিমছাম	5
ছায়াপ্রায়	5
ছাদের	5
ছাত্রীদের	5
ছাতায়	5
ছাড়ায়নি	5
ছাড়লেও	5
ছাইপাঁশ	5
ছবিগুলোয়	5
চোখেও	5
চোখও	5
চেস্টার	5
চেখে	5
চেকোস্লোভাকিয়া	5
চূড়া	5
চিহ্ন	5
চিরনিদ্রায়	5
চিরদিনের	5
চিন্তাভাবনা	5
চিড়া	5
চিজের	5
চিজ	5
চিকিৎসাবিজ্ঞানের	5
চাহিয়া	5
চালাত	5
চারি	5
চামার	5
চামড়ার	5
চাবাহারের	5
চাপানো	5
চাকরিবিধি	5
চাকরিজীবীদের	5
চাইল্ডহুড	5
চাইত	5
চাঁদাবাজ	5
চসিক	5
চলেছি	5
চলিতেছে	5
চলল	5
চলন্ত	5
চলত	5
চলছেই	5
চলছি	5
চর্থা	5
চরাঞ্চলের	5
চরমভাবে	5
চরফ্যাশন	5
চণ্ডাল	5
চক্ষুসেবা	5
চক্রটি	5
চকবাজার	5
চইল্যা	5
ঘোরাঘুরির	5
ঘুমাচ্ছে	5
ঘায়েল	5
ঘামের	5
ঘাড়	5
ঘাঁটিগুলোও	5
ঘরবন্দি	5
ঘনবসতিপূর্ণ	5
ঘনঘটা	5
ঘণ্টারও	5
ঘণ্টায়ই	5
ঘটিয়ে	5
ঘটলেও	5
ঘটনাপ্রবাহ	5
ঘটনাটিকে	5
ঘটনাটা	5
গ্র্যাচুইটিসহ	5
গ্রিনল্যান্ড	5
গ্রাহকেরাও	5
গ্রহণে	5
গ্রন্থের	5
গ্যারাজে	5
গ্যাং	5
গৌরবকে	5
গোলার	5
গেমিং	5
গেমসের	5
গুলিবিদ্ধ	5
গুয়াভুইয়া	5
গুনতে	5
গুণাবলি	5
গুটিয়েছি	5
গুচ্ছ	5
গির্জার	5
গাইনি	5
গলি	5
গর্ভে	5
গরমিল	5
গবেষণালব্ধ	5
গবাদি	5
গণটিকাদানের	5
গণটিকাদানেও	5
গণটিকাদান	5
গণটিকা	5
গণঅভ্যুত্থানে	5
গড়েই	5
গজল	5
গঙ্গা	5
গগনে	5
খ্যাতির	5
খোন্দাব	5
খোকন	5
খেলোয়াড়কে	5
খুঁটিনাটি	5
খুঁজি	5
খুঁজবে	5
খুঁজছে	5
খালকে	5
খামারি	5
খামার	5
খাচ্ছে	5
খাচ্ছি	5
খাওয়ানোর	5
খাওয়াও	5
খলিল	5
ক্ষেপণাস্ত্রব্যবস্থা	5
ক্ষেপণাস্ত্রগুলো	5
ক্ষেপণাস্ত্রই	5
ক্ষতিপূরণ	5
ক্ষণিকের	5
ক্ষণটুকু	5
ক্লান্তির	5
ক্রোধে	5
ক্রীড়াবিদই	5
ক্রীড়াবিজ্ঞানে	5
ক্রিকেটে	5
ক্রয়প্রক্রিয়ায়	5
ক্যাম্পে	5
ক্যাম্পাসের	5
ক্যাম্পাসে	5
ক্যাম্পবেল	5
ক্যামেরায়	5
ক্যানবেরার	5
ক্যাটাগরির	5
কোস্টগার্ড	5
কোষ্ঠ	5
কোষাগারে	5
কোষ	5
কোমল	5
কোটিপতি	5
কোকদণ্ডী	5
কেরানীহাট	5
কেমনে	5
কেন্দ্রেই	5
কেন্দ্রসংলগ্ন	5
কেনো	5
কেউকেটা	5
কৃষিজীবী	5
কৃষিজমির	5
কূল	5
কূটনীতিক	5
কুলিং	5
কুয়ালালামপুরের	5
কুম্ভমেলায়	5
কুবি	5
কীর্তি	5
কীই	5
কিলোমিটারের	5
কিনার	5
কিনল	5
কাস্টমসের	5
কাসুন্দি	5
কার্যক্ষমতা	5
কার্বোহাইড্রেটের	5
কারুকাজ	5
কারণগুলোর	5
কাপে	5
কান্ট্রি	5
কানাডায়	5
কানকো	5
কাতালান	5
কাড়াকাড়ি	5
কাজীপাড়ায়	5
কাজিন	5
কাউন্সিলর	5
কাউন্টিতে	5
কাউকেই	5
কাইলি	5
কাঁপছে	5
কহিল	5
কষ্টসাধ্য	5
কর্মসূচিকে	5
কর্মব্যস্ত	5
কর্মপরিবেশ	5
কর্মদিবসে	5
কর্মজীবন	5
কর্মক্ষমতায়	5
কর্পোরেশনের	5
করোনাভাইরাসের	5
করিছে	5
করপোরেশনে	5
করতেও	5
করও	5
কম্প্যানিয়ন	5
কমিউনিটিতে	5
কমায়	5
কভারেজ	5
কবিতাপ্রেমীদের	5
কফির	5
কফিন	5
কন্যাটির	5
কন্যা	5
কন্ডিশন	5
কনসার্ট	5
কনটেন্টের	5
কণ্ঠশিল্পী	5
কখনােই	5
কইরা	5
ঔষধি	5
ওসমানী	5
ওরে	5
ওয়ালিওল্লাহ	5
ওয়ার্ডভিত্তিক	5
ওয়ার্কিং	5
ওয়ারট	5
ওয়াইনারি	5
ওয়াই	5
ওয়াং	5
ওমিদিয়েহ	5
ওমাহ	5
ওপাশ	5
ওটাগো	5
ওখান	5
ঐতিহ্যে	5
এহসানুল	5
এসএসসির	5
এলাকাগুলোর	5
এলবের	5
এলজিবিটি	5
এরে	5
এম্পায়ার	5
এভিল	5
এপাশ	5
এনেছেন	5
এনবিসির	5
এতক্ষণ	5
এজিএম	5
এঙ্গেলসের	5
এঙ্গেলস	5
এগোলেই	5
একেকটি	5
একাত্মতা	5
একবারই	5
একচ্ছত্র	5
এএমডি	5
এইস	5
এইটুকু	5
উৎসের	5
উৎসর্গ	5
উৎপাদনে	5
উসকানিমূলক	5
উল্লাস	5
উর্বশী	5
উপাসনালয়ে	5
উপাত্তই	5
উপস্থাপনের	5
উপলক্ষ	5
উপভোগের	5
উন্মাদনায়	5
উন্মাতাল	5
উন্নয়নবিষয়ক	5
উন্নয়নকাজ	5
উন্নয়নকর্মী	5
উদ্যোগটির	5
উদ্বোধনের	5
উদ্বেগও	5
উদিত	5
উদযাপনে	5
উত্তরহীন	5
উত্তরসূরি	5
উড়োজাহাজে	5
উড়ালসেতুর	5
উঠবেই	5
উঠব	5
উচ্ছেদ	5
উচ্চাভিলাষী	5
উচ্চতায়	5
উগ্রপন্থি	5
উইন্ডো	5
উইন্ডমিল	5
উইন্ড	5
উইকএন্ড	5
ইস্টার্ন	5
ইসলামকে	5
ইসমাইল	5
ইলেকট্রোলাইটসমৃদ্ধ	5
ইলেকট্রো	5
ইলেকট্রিক্যাল	5
ইলিয়াছ	5
ইরাম	5
ইয়ার্ড	5
ইম্পেরিয়াল	5
ইন্টেলিজেন্স	5
ইন্টারন্যাশনালের	5
ইনস্টাগ্রামে	5
ইনফ্লুয়েন্সার	5
ইজারা	5
ইচ্ছেমতো	5
ইউনূসসহ	5
ইউনিসের	5
ইউনিভার্সেল	5
ইউজ	5
আহভাজের	5
আসিস	5
আসামের	5
আসামিপক্ষের	5
আসলেই	5
আসবেন	5
আসবাবপত্র	5
আশ্রয়ণের	5
আশাব্যঞ্জক	5
আল্লু	5
আলোকচিত্রী	5
আলেম	5
আলিসন	5
আলামি	5
আলজেরিয়াকে	5
আর্সেনাল	5
আর্লি	5
আরএইচ	5
আরআরআরসি	5
আয়োজকেরা	5
আয়ারল্যান্ডের	5
আয়ারল্যান্ড	5
আমেরিকায়	5
আমেনা	5
আমিরদের	5
আমিনুরের	5
আমিনবাজার	5
আমিই	5
আমায়	5
আমান	5
আমাকেও	5
আমাকেই	5
আমলেও	5
আভা	5
আব্বা	5
আবেগের	5
আবেগাপ্লুত	5
আবেগপ্রবণ	5
আবহের	5
আফিমে	5
আপত্তিটি	5
আন্দোলনও	5
আন্তঃমহাদেশীয়	5
আনিসা	5
আনি	5
আনন্দময়	5
আধুলি	5
আধঘণ্টা	5
আদ্যিকালের	5
আদিখ্যেতা	5
আদর্শের	5
আত্মসমালোচনা	5
আতিশয্য	5
আজীবন	5
আজি	5
আক্রমণভাগকে	5
আকাশসীমার	5
আকাশভাঙা	5
আকাশপথের	5
আকাক্সক্ষার	5
আকরামুল	5
আইনগতভাবে	5
আইডিএফ	5
আইডি	5
আইছে	5
আইকাওর	5
আইকন	5
আঁতলামির	5
আঁকাআঁকি	5
আঁকড়ে	5
অ্যালবামে	5
অ্যামাজন	5
অ্যাপলের	5
অ্যাডমিনিস্ট্রেশন	5
অ্যাঞ্জেলস	5
অস্ত্রাগার	5
অস্ত্রগুলো	5
অস্ট্রিয়াকে	5
অসুবিধার	5
অসমাপ্ত	5
অসতর্ক	5
অসচেতনতাই	5
অশ্রুধারা	5
অলাভজনক	5
অলমার্কেটে	5
অর্ন্তবর্তী	5
অর্ধদিবস	5
অর্ধদিনের	5
অর্থপাচারের	5
অম্লান	5
অমীমাংসিত	5
অভিহিত	5
অভিশাপে	5
অভিধা	5
অব্যক্ত	5
অবিমিশ্র	5
অবস্থানকারী	5
অফিসার্স	5
অপ্রতুল	5
অপ্টা	5
অপূর্ণতাই	5
অপূর্ণতা	5
অপসারিত	5
অপরাধপ্রবণ	5
অন্যকেও	5
অন্বেষা	5
অনুষ্ঠেয়	5
অনুভূতিও	5
অনুপ্রেরণার	5
অনুদান	5
অনাকাঙ্ক্ষিত	5
অনভ্যস্ত	5
অনকোলজি	5
অধ্যবসায়	5
অধিকারভিত্তিক	5
অধমের	5
অদূরদর্শিতা	5
অথই	5
অডিটে	5
অঝোরে	5
অঙ্গভঙ্গি	5
অগাস্টাস	5
অকৃত্রিম	5
অকার্যকারিতা	5
অকথ্য	5
অংশটুকু	5
৯৮২	4
৯৮তম	4
৯৮	4
৯০৭	4
৯ম	4
৮৭৯টি	4
৮৭২টি	4
৮ম	4
৭৫৯	4
৭৫৪	4
৭৫টি	4
৭৪৫টি	4
৭০৪	4
৭টিসহ	4
৭টায়	4
৭টা	4
৬৭৯	4
৬৬৮	4
৬৫০টি	4
৬৪টি	4
৬১৪	4
৬০তম	4
৫৯০	4
৫৭২টি	4
৫৭০	4
৫৬১	4
৫০টির	4
৫টার	4
৪৯৮টি	4
৪৯২টি	4
৪২টি	4
৪১৮	4
৩৯টি	4
৩৬৫	4
৩৬২	4
৩৩৭১	4
৩১১টি	4
৩০টি	4
২৯৯	4
২৯৮৭	4
২৯১টি	4
২৭তম	4
২৭টি	4
২৬০	4
২৫১রেশম	4
২৩০	4
২২৭	4
২২১	4
২২টি	4
২১৮৮	4
২১৪	4
২০৭	4
২০১	4
২টিতে	4
২টা	4
১৯৮৭	4
১৯৮৫	4
১৯৬৫	4
১৯৫৩	4
১৯৫২	4
১৯৪৩	4
১৯৩৬	4
১৯৩২	4
১৯২৭	4
১৯২৬	4
১৯২৩	4
১৯২০	4
১৯০৬	4
১৮৯১	4
১৮৯০	4
১৮৬৭	4
১৮৩৪	4
১৭৫টি	4
১৬৫	4
১৬২	4
১৬টিই	4
১৩৪০	4
১৩১	4
১১৫	4
১১০টি	4
১০২	4
১০১তম	4
১০০টির	4
১টি	4
০১০	4
্য	4
হোসাইনকে	4
হোরা	4
হোমল্যান্ড	4
হেল্পলাইনটি	4
হেল্ড	4
হেলেনিক	4
হেলির	4
হেলিপ্যাড	4
হেরেও	4
হেমেত্তি	4
হেমন্তে	4
হেনেরাল	4
হেনরি	4
হৃদ্যন্ত্রের	4
হৃদয়ও	4
হুরায়রা	4
হুমায়ুনের	4
হুজ	4
হুইপের	4
হুইটম্যান	4
হুইচ	4
হীনম্মন্যতার	4
হিসাবেও	4
হিসাবভুক্ত	4
হিরোশিমায়	4
হিন্দুত্ববাদী	4
হিটলার	4
হিউস্টনে	4
হিউস্টন	4
হিউমার	4
হাহাকার	4
হাস্যরসাত্মক	4
হাস্যরস	4
হাসমাহর	4
হাসবাড়ী	4
হাসপাতালেই	4
হাসপাতালগুলোতে	4
হালিরামপাড়া	4
হার্নান্দেস	4
হারেনি	4
হারুক	4
হারিয়েছিলেন	4
হারিয়েছিল	4
হারালো	4
হারাচ্ছে	4
হারলো	4
হারতে	4
হাম্বুর	4
হামাস	4
হাবিলদার	4
হাবিবুর	4
হাফিজ	4
হান্টাভাইরাস	4
হাদরাউইকে	4
হাদরাউই	4
হাতেম	4
হাতড়ে	4
হাটের	4
হাঙর	4
হাওরের	4
হাইব্রিড	4
হাঁটেননি	4
হস্তশিল্পের	4
হসপিটালে	4
হসপিটালস	4
হলিডে	4
হর্স	4
হর্ন	4
হরিণা	4
হরতাল	4
হয়ত	4
হবিগঞ্জে	4
হবার	4
হন্তারক	4
হন্ডুরাস	4
হনুফা	4
হত্যায়	4
হতাম	4
হডে	4
হটলাইন	4
হকাররা	4
হকারদের	4
হককে	4
হংকংয়ের	4
হংকংয়ে	4
সৎভাবে	4
স্ল্যাব	4
স্রষ্টা	4
স্যোশালিস্ট	4
স্যালাইনের	4
স্যালনে	4
স্যারের	4
স্মৃতিই	4
স্বৈরাচারীর	4
স্বেচ্ছায়	4
স্বাস্থ্যসেবাসহ	4
স্বাস্থ্যসংকট	4
স্বাস্থ্যবিষয়ক	4
স্বারকলিপি	4
স্বামীকে	4
স্বাধীনতাকামী	4
স্বাতন্ত্র্যই	4
স্বল্পমূল্যে	4
স্বল্পতায়	4
স্বর্ণপদক	4
স্বর্গের	4
স্বভাবজাতও	4
স্বদেশ	4
স্বচক্ষে	4
স্পোকেন	4
স্পেসিফিক	4
স্পেনেও	4
স্পেনদেশি	4
স্পার্টার	4
স্পার্টাও	4
স্পাইওয়্যার	4
স্পর্শিয়ার	4
স্নায়ুযুদ্ধের	4
স্নায়ুযুদ্ধকে	4
স্নাতকোত্তরে	4
স্থিতাবস্থার	4
স্থিতাবস্থা	4
স্থাবর	4
স্থাপনকারীরা	4
স্থানভেদে	4
স্থানটি	4
স্থানও	4
স্থগিতাদেশ	4
স্তালিনগ্রাদের	4
স্তালিন	4
স্তরেই	4
স্ট্রাকচার	4
স্ট্রবেরি	4
স্টোরস	4
স্টেজ	4
স্টুডিও	4
স্টিভ	4
স্টিক	4
স্টাডিজ	4
স্টাডি	4
স্টপেজ	4
স্ক্রিপ্ট	4
স্ক্রিনে	4
স্ক্রাব	4
স্ক্রল	4
স্কিমে	4
স্কিমটির	4
স্কার্ট	4
স্কর্পিয়নফিশ	4
সৌহার্দ্য	4
সৌল	4
সৌরবিদ্যুৎ	4
সৌম্যর	4
সৌন্দর্যময়	4
সোস্যাল	4
সোশ্যালিস্ট	4
সোশালিস্ট	4
সোল	4
সোয়ে	4
সোমালিয়াকে	4
সোমালিয়া	4
সোনাবানের	4
সৈয়দপুর	4
সৈনিকেরা	4
সৈনিকদের	4
সেসময়ে	4
সেসময়	4
সেলাঙ্গর	4
সেলবা	4
সেরাদের	4
সেমিফাইনালেও	4
সেমি	4
সেবাপ্রদান	4
সেবাগ্রহীতা	4
সেপ্টেম্বরজুড়ে	4
সেন্টেনারি	4
সেন্টারকে	4
সেন্টমার্টিন	4
সেনসুয়াস	4
সেটাকে	4
সেটাও	4
সেটলারদের	4
সেজেছে	4
সেজায়ারের	4
সেগুলোতে	4
সেগুলোও	4
সেগুনবাগিচা	4
সেক্ষেত্রে	4
সেঁটেছেন	4
সৃষ্টিযোজনায়	4
সৃষ্টিতেই	4
সৃষ্টিকর্ম	4
সূচালো	4
সূচকগুলোর	4
সূচকও	4
সুহৃদ	4
সুশীল	4
সুশাসনেরও	4
সুলি	4
সুররিয়ালিস্টিক	4
সুররিয়ালিজমের	4
সুররিয়ালিজমকে	4
সুরটি	4
সুরটা	4
সুরক্ষামূলক	4
সুযোগমুদ্রণ	4
সুযোগবেসামরিক	4
সুযোগবিমান	4
সুমহান	4
সুবোধ	4
সুবিধাভোগী	4
সুবিধাবিহীন	4
সুবিধাজনক	4
সুপারস্টার	4
সুপারমার্কেটের	4
সুন্দরাছড়া	4
সুদৃঢ়	4
সুদান	4
সুদখোর	4
সুচারুভাবে	4
সুগন্ধ	4
সুইমিংপুলসহ	4
সুইডেনের	4
সুইডিশ	4
সীমারেখার	4
সীমারেখাও	4
সীমাবদ্ধতার	4
সীমান্তজুড়ে	4
সিহাসাক	4
সিসিসিআই	4
সিসিটিভিতে	4
সিলেটের	4
সিলেটেও	4
সিলেক্টেড	4
সিরাজগঞ্জে	4
সিম্বলিস্টদের	4
সিম্বলিজম	4
সিম্ফনি	4
সিমলা	4
সিপিসির	4
সিন্ডিকেটের	4
সিনেটের	4
সিনেটে	4
সিনেটরের	4
সিতি	4
সিডিসি	4
সিজেএফডির	4
সিঙ্গাপুরি	4
সিঙ্গাপুরকে	4
সিক্যুরিয়াসও	4
সিক্ত	4
সিকদার	4
সিওটেক	4
সিওও	4
সিএমপির	4
সিএমজি	4
সিএমএমএস	4
সিএনজি	4
সিইসি	4
সিংহভাগ	4
সিংগাইর	4
সাহিত্যিকেরাও	4
সাহিত্যিকদেরও	4
সাহিত্যসহ	4
সাহিত্যচর্চায়	4
সাহিত্যকেই	4
সাহিত্যকে	4
সাহায্যটুকুও	4
সাশ্রয়ীমূল্যে	4
সাশ্রয়	4
সালাহ	4
সালাদ	4
সার্ত্রের	4
সার্কেলের	4
সারিবদ্ধভাবে	4
সারারাত	4
সারাদিনের	4
সারমর্ম	4
সারপ্রাইজ	4
সায়দাতিয়া	4
সাম্রাজ্যবাদীরা	4
সাম্রাজ্যবাদীদের	4
সামলানোর	4
সাময়িকীতে	4
সাময়িকীকে	4
সামনাসামনি	4
সামচু	4
সামগ্রিকভাবে	4
সাম	4
সাবালেঙ্কা	4
সাবাব	4
সাফারি	4
সাপোর্টে	4
সান্যাল	4
সান্নিধ্যে	4
সানু	4
সানায়ে	4
সানফ্লাওয়ার	4
সাধনের	4
সাদাব	4
সাদমান	4
সাতটায়	4
সাজে	4
সাজাই	4
সাজকে	4
সাগরকন্যা	4
সাক্ষাৎকারেও	4
সাইমুম	4
সাইদুর	4
সাইদা	4
সাঁতারু	4
সাঁড়াশি	4
সহৃদয়	4
সহানুভূতি	4
সহযোদ্ধা	4
সহযাত্রীকে	4
সহকারে	4
সশ্রম	4
সশরীর	4
সর্বশক্তি	4
সর্বপ্রকার	4
সর্বক্ষেত্রে	4
সর্টার	4
সরানো	4
সরলেও	4
সরবরাহশৃঙ্খলের	4
সরবরাহশৃঙ্খল	4
সরকারস্বীকৃত	4
সরকারপ্রধানের	4
সম্মুখপানে	4
সম্মাননায়	4
সম্মানও	4
সম্মানই	4
সম্ভাবনাময়	4
সম্ভাবনাকে	4
সম্প্রদায়ভিত্তিক	4
সম্পূর্ণভাবে	4
সম্পর্কবিষয়ক	4
সম্পর্কটা	4
সমুদ্রসৈকতে	4
সমীক্ষাসহ	4
সমাহার	4
সমালোচনায়	4
সমালোচনামূলকভাবে	4
সমাবেশস্থল	4
সমাপ্তি	4
সমানতালে	4
সমাজেও	4
সমাজমাধ্যমে	4
সমাজনীতি	4
সমাজজীবনের	4
সমস্যাবলির	4
সমষ্টির	4
সমষ্টিকে	4
সমর্থনে	4
সমর্থনপুষ্ট	4
সময়নিষ্ঠ	4
সময়দানের	4
সময়ক্ষেপণ	4
সমধর্মিতায়	4
সমঅধিকার	4
সবুজায়ন	4
সবগুলোতেই	4
সবগুলো	4
সফরটি	4
সফরও	4
সন্ধ্যার	4
সন্ধিক্ষণ	4
সন্ধানে	4
সন্দেহজনকভাবে	4
সন্দিগ্ধকে	4
সন্তুষ্টির	4
সনাতনী	4
সনদও	4
সদস্যবান্ধব	4
সদস্যদেশের	4
সত্তাসহ	4
সত্তাসম্পন্ন	4
সতবাজি	4
সততার	4
সততাপূর্ণ	4
সড়কেই	4
সড়কসহ	4
সঞ্চিত	4
সঞ্চালনায়	4
সঞ্চয়ের	4
সজীবতা	4
সজীবকে	4
সজাগ	4
সচিবালয়	4
সঙ্গের	4
সঙ্কট	4
সগোত্রীয়	4
সংস্পর্শে	4
সংস্থায়	4
সংস্থাও	4
সংস্কৃতিতেই	4
সংস্কৃতিকেও	4
সংস্কারকাজ	4
সংস্করণের	4
সংশোধনেরও	4
সংশয়	4
সংলাপ	4
সংযোগব্যবস্থা	4
সংযুক্তির	4
সংযুক্তি	4
সংযমের	4
সংবেদনশীলতার	4
সংবিধানপ্রদত্ত	4
সংবিধানও	4
সংবাহনবিন্দু	4
সংবর্ধনা	4
সংগ্রামকে	4
সংগ্রহকে	4
সংগতিপূর্ণ	4
সংখ্যাতত্ত্ব	4
সংখ্যাগরিষ্ঠতাভিত্তিক	4
সংখ্যাগরিষ্ঠতাই	4
সংখ্যাগত	4
সংখ্যক	4
সংক্ষেপিত	4
সংকলনে	4
ষোলোতেও	4
ষোলঘর	4
ষাটোর্ধ্ব	4
ষাটের	4
শ্রেষ্ঠতম	4
শ্রেণিকক্ষের	4
শ্রুতিকে	4
শ্রমে	4
শ্রমমান	4
শ্রবণের	4
শ্বেতাঙ্গিনীকেও	4
শ্বাসকষ্টের	4
শোভাযাত্রা	4
শোনো	4
শোনানোর	4
শোন	4
শোধনাগারগুলোকে	4
শোণিতের	4
শোচনীয়	4
শোকবস্ত্র	4
শোকজ	4
শৈলীর	4
শেষটির	4
শেয়ারেন্টিং	4
শেয়ারিংয়ে	4
শেয়ারসূচক	4
শেয়ারবাজারের	4
শেডে	4
শেখেন	4
শেখায়	4
শেখানোর	4
শেখানোই	4
শেখর	4
শেক্সপিয়ার	4
শেকড়ের	4
শেইখ	4
শৃঙ্খলে	4
শৃগালেরও	4
শৃগাল	4
শুয়ে	4
শুমারের	4
শুভশ্রীর	4
শুনেই	4
শুনিয়ে	4
শুনার	4
শুনলেই	4
শুদ্ধতা	4
শুড	4
শুকুরিয়া	4
শুকনা	4
শীলক	4
শীতলক্ষ্যা	4
শীঘ্রই	4
শিশিরের	4
শিল্পরুচিতে	4
শিল্পকলার	4
শিয়ে	4
শিনিচি	4
শিনজো	4
শিগেরু	4
শিগগির	4
শিক্ষাবৃত্তি	4
শিক্ষাবিদরাও	4
শিক্ষাবিদও	4
শিকারকে	4
শিকড়ে	4
শাহানাজকে	4
শাহাজান	4
শাহবাগ	4
শাসনকে	4
শার্ল	4
শার্ম	4
শারজা	4
শায়রুল	4
শামসুর	4
শামসুদ্দিন	4
শান্তিপ্রিয়	4
শাড়িতে	4
শাওলীন	4
শহরেই	4
শহরও	4
শস্যভাঙার	4
শরৎকালীন	4
শর্তাধীনে	4
শর্তগুলো	4
শর্ট	4
শরীরী	4
শরীরকে	4
শরিকদের	4
শরফ	4
শয্যাবিশিষ্ট	4
শমসের	4
শব্দসমষ্টি	4
শব্দযুদ্ধ	4
শব্দবন্ধের	4
শব্দবন্ধটি	4
শব্দবন্ধ	4
শফিকুর	4
শপিংয়ের	4
শপিংমল	4
শতকোটি	4
শটের	4
শটটি	4
শক্তিয়ারখলা	4
শক্তিয়ারকলা	4
শক্তিটি	4
শক্তিকে	4
ল্যান্ডিং	4
ল্যাঞ্জেভাঁ	4
লোহারদের	4
লোহরী	4
লোরকা	4
লোভনীয়	4
লোটাস	4
লোকাল	4
লোকসাহিত্যের	4
লোকসানের	4
লোকবল	4
লোকনৃত্য	4
লোককাহিনি	4
লেবেল	4
লেবাননের	4
লেনিন	4
লেনদেনকে	4
লেতিজিয়ার	4
লেগুনা	4
লেখালেখির	4
লেখনীতে	4
লেখকেরা	4
লেখকদেরও	4
লেখককে	4
লেকচারার	4
লুণ্ঠনের	4
লুণ্ঠন	4
লুই	4
লীলাখেলা	4
লিসা	4
লিরিক্যাল	4
লিমায়	4
লিপিবিহীন	4
লিটারেরি	4
লিটারেচার	4
লিঙ্কেজ	4
লিখলে	4
লিখনকৌশল	4
লিখতেন	4
লিখছেন	4
লারেলাপ্পা	4
লায়নফিশের	4
লাভজনকও	4
লাভও	4
লাঞ্ছনা	4
লাজারো	4
লাগাবে	4
লাগল	4
লাখে	4
লাখখানেক	4
লাউতারো	4
লাউঞ্জের	4
লাইসেন্সপ্রাপ্ত	4
লাইফস্টাইলসহ	4
লাইনসমূহ	4
লরেন্স	4
লরাঁ	4
লড়ছিল	4
লটকন	4
লঞ্চের	4
লঞ্চটি	4
লজ্জিত	4
লজ্জাহত	4
লজিক্যাল	4
লক্ষ্মীনারায়ণের	4
র্যাশনাল	4
র্যাডিক্যাল	4
র্যাঁবোকে	4
রৌদ্রোজ্জ্বল	4
রোহানকে	4
রোমেরোর	4
রোদবৃষ্টিতে	4
রেসের	4
রেশিয়েন	4
রেলশ্রমিকের	4
রেলপথ	4
রেলগাড়ি	4
রেফার	4
রেডিওলোজী	4
রেডিওলোজি	4
রেজিস্ট্রেশনেই	4
রেঙ্গুন	4
রেগুলেটর	4
রেকর্ডারে	4
রেইয়েস	4
রেইন	4
রূপগঞ্জে	4
রূপই	4
রুসেল	4
রুয়েট	4
রুমের	4
রুমীসহ	4
রুমানিয়া	4
রুবেলের	4
রুবেন	4
রীতিনীতি	4
রীতিতে	4
রিলে	4
রিলায়েন্স	4
রিলসের	4
রিলকে	4
রিয়ালিজমের	4
রিমঝিম	4
রিভিশনও	4
রিপ্রেজেন্টেটিভসের	4
রিপামনি	4
রিটেইল	4
রিটল	4
রিজার্ভকে	4
রিজভীর	4
রিজভীকে	4
রিচ	4
রাহুলকে	4
রাহাত	4
রাহমান	4
রাস্তায়ও	4
রাষ্ট্রব্যবস্থা	4
রাষ্ট্রবিজ্ঞানে	4
রাষ্ট্রপক্ষের	4
রাষ্ট্রক্ষমতার	4
রাষ্ট্রক্ষমতায়	4
রাষ্ট্রকাঠামো	4
রাষ্ট্রই	4
রাশেদের	4
রাশেদা	4
রায়হানসহ	4
রায়পুরা	4
রায়চৌধুরীকে	4
রায়গঞ্জ	4
রামেশ্বরপুর	4
রানের	4
রানে	4
রানবন্যার	4
রাতজুড়ে	4
রাজেশের	4
রাজার	4
রাজয়	4
রাজমিস্ত্রির	4
রাখত	4
রাউত	4
রাইস	4
রাইটিংয়ের	4
রাইটার্সের	4
রাইটার	4
রাইটও	4
রহিত	4
রহস্যই	4
রহমানসহ	4
রশ্মির	4
রশিদুজ্জামান	4
রশিতে	4
রয়	4
রবীন্দ্রসরোবরে	4
রবসনের	4
রবসন	4
রফতানির	4
রপ্ত	4
রথীন্দ্রনাথ	4
রথ	4
রঞ্জন	4
রচনার	4
রঙে	4
রক্ষণশীল	4
রক্তলাল	4
রক্তপাত	4
রংধনুর	4
যৌবনে	4
যৌথমূলধনী	4
যোগসূত্র	4
যোগসাজশে	4
যোগদানকে	4
যেখানেই	4
যুবসমাজকে	4
যুদ্ধাহত	4
যুদ্ধপূর্ব	4
যুদ্ধকে	4
যুগোস্লাভিয়ায়	4
যুক্তিযুক্ত	4
যুক্তিতে	4
যুক্তিগুলো	4
যুক্তিকে	4
যুক্তরাষ্ট্রসহ	4
যুক্তফ্রন্ট	4
যুক্ততা	4
যিনিই	4
যাবৎ	4
যাপনের	4
যাত্রাবিরতির	4
যাত্রাপথে	4
যন্ত্রাদি	4
যন্ত্রাংশ	4
যন্ত্রপাতির	4
যন্ত্রণা	4
যতবার	4
ম্যাপে	4
ম্যানুয়েলসহ	4
ম্যানশনকে	4
ম্যাটিসকে	4
ম্যাচপ্রতি	4
ম্যাচটিকে	4
ম্যাগাজিনও	4
ম্যাকমাস্টার	4
মৌসুমীর	4
মৌলভীবাজারে	4
মোস্ট	4
মোসাদ্দেক	4
মোরান	4
মোড়ানো	4
মোটা	4
মোটরযানের	4
মোকাবিলাতেই	4
মেলবোর্নে	4
মেয়েসহ	4
মেয়েটি	4
মেয়াদও	4
মেম্বারসকে	4
মেম্বার	4
মেনেই	4
মেথামফেটামিন	4
মেট্রোস্টেশন	4
মেটাডেটা	4
মেটলাইফেও	4
মেঘালয়ের	4
মেকার্স	4
মেকওভার	4
মেইলটি	4
মৃত্যুমুখোশ	4
মৃত্যুদণ্ডপ্রাপ্ত	4
মৃত্তিকা	4
মৃতপ্রায়	4
মূল্যস্ফীতিও	4
মূল্যবোধকে	4
মূলেও	4
মূলহোতা	4
মূলধারা	4
মূলধনি	4
মুহূর্তটাও	4
মুস্তাফিজকে	4
মুসোলিনির	4
মুসলিমবিদ্বেষী	4
মুষ্টি	4
মুরদের	4
মুম্বাইয়ে	4
মুম্বাইকে	4
মুমিনগণ	4
মুভি	4
মুভমেন্টটি	4
মুন্সীর	4
মুন্সীগঞ্জে	4
মুন্নি	4
মুচাচোস	4
মুখেই	4
মুখাবয়ব	4
মুখচিহ্নে	4
মুক্তিসংগ্রামে	4
মুক্তিপ্রাপ্ত	4
মুক্তিকামী	4
মুকেশ	4
মীম	4
মিস্ট্রি	4
মিশ্রণের	4
মিল্লাত	4
মিলের	4
মিলেমিশে	4
মিলিয়নিয়ার	4
মিলারের	4
মিয়ানমারকে	4
মিমস	4
মিনুর	4
মিনিটেরও	4
মিথিলার	4
মিথিক	4
মিডফিল্ডারই	4
মিঠামইন	4
মিগুয়েল	4
মিউজিক	4
মাহাদি	4
মাহাজবিকে	4
মাহমুদুল্লাহ	4
মাহবোদ	4
মাসেস	4
মাসজুড়েই	4
মালেকের	4
মালিশ	4
মালিয়াট	4
মালার্মে	4
মালা	4
মার্জ	4
মার্কিং	4
মারেন	4
মারকোনি	4
মার	4
মায়াকভস্কি	4
মামলাগুলো	4
মাপের	4
মানোন্নয়ন	4
মানুষেরই	4
মানুষটির	4
মানসজগৎকে	4
মানসচেতনা	4
মানবেতিহাসের	4
মানবপাচার	4
মানবতাবোধ	4
মানবজীবনের	4
মানবজাতিরই	4
মাদ্রাসায়	4
মাদককারবারি	4
মাথাচাড়া	4
মাতাবেন	4
মাঠকর্মী	4
মাঝেই	4
মাঝখান	4
মাজারে	4
মাঙ্গারাতিবা	4
মাকসুদের	4
মাউন্টেন	4
মাইলস্টোনে	4
মাইন্ড	4
মাইগ্রেশন	4
মাইক্লো	4
মাইক্রোসফট	4
মাংসের	4
মহোদয়ের	4
মহিষটি	4
মহারাষ্ট্র	4
মহারশী	4
মহাখালীর	4
মহল্লাবাসী	4
মহত্ত্ব	4
মহকুমার	4
মস্ত	4
মশিউর	4
মশারাও	4
মশগুল	4
মর্যাদায়	4
মর্যাদাকে	4
মরুভূমির	4
মরু	4
মরাঠেগাসহ	4
মরণের	4
মন্দিরপাড়া	4
মন্ত্রণালয়বিমান	4
মন্তব্যেরই	4
মন্তব্যেও	4
মন্তব্যই	4
মনোমুগ্ধকর	4
মনোনিবেশ	4
মনামী	4
মনপ্রাণ	4
মননজাত	4
মনটা	4
মনগড়া	4
মধ্যাহ্নবিরতি	4
মধ্যদিয়ে	4
মতিনুর	4
মতাদর্শের	4
মতবাদ	4
মতও	4
মডার্নিজমের	4
মডার্নিজমে	4
মজ্জাগত	4
মজিদ	4
মজনু	4
মকবুল	4
মওকুফ	4
ভ্রাতৃত্বপূর্ণ	4
ভ্রমণসেবা	4
ভ্রমণপত্র	4
ভ্যাকেশন	4
ভোল্টা	4
ভোলেননি	4
ভোগান্তিতেও	4
ভোগই	4
ভেহিকল	4
ভেষজ	4
ভেরিফিকেশন	4
ভেনিজুয়েলায়	4
ভূমির	4
ভূমধ্যসাগরজুড়ে	4
ভূমধ্যসাগর	4
ভূপতিত	4
ভুবনে	4
ভুগিয়েছে	4
ভুগলেও	4
ভুগছিল	4
ভুক্তভোগীরা	4
ভুক্ত	4
ভিয়েতনাম	4
ভিন্নগ্রহের	4
ভিদেলার	4
ভিদেলা	4
ভিত্তিপ্রস্তর	4
ভিতকেই	4
ভিডিওবার্তায়	4
ভিডিওগুলোই	4
ভিডিওগুলো	4
ভিটেমাটি	4
ভিজেছে	4
ভিক্ষুদের	4
ভিক্ষার	4
ভি	4
ভাষণধর্মী	4
ভালোবাসিনি	4
ভার্স	4
ভার্জিনিয়া	4
ভার্চ্যুয়াল	4
ভারাক্রান্ত	4
ভাবের	4
ভাবে	4
ভাবলেই	4
ভান্ডারে	4
ভাঙতে	4
ভাইরাসকে	4
ভাইয়েরাও	4
ভর্তিপ্রক্রিয়া	4
ভয়াবহতা	4
ভবনটি	4
ভট্টাচার্য	4
ভঙ্গি	4
ভগবান	4
ব্লাইয়ের	4
ব্র্যান্ডেড	4
ব্র্যান্ডগুলো	4
ব্রেমের	4
ব্রিজসংলগ্ন	4
ব্রিগেডের	4
ব্রিগেডে	4
ব্রিক	4
ব্রাজিলিয়ানের	4
ব্রাজিলিয়ানদের	4
ব্রথের	4
ব্রণকে	4
ব্রণ	4
ব্যালেয়ারিক	4
ব্যারাকপুর	4
ব্যাপারের	4
ব্যাপারেও	4
ব্যাপারীর	4
ব্যান্ডেজ	4
ব্যানারে	4
ব্যাননকে	4
ব্যানন	4
ব্যাধিতে	4
ব্যাটল	4
ব্যাখ্যামূলক	4
ব্যাকনের	4
ব্যাকন	4
ব্যাংকসহ	4
ব্যাংকগোষ্ঠীতে	4
ব্যাংকঋণের	4
ব্যস	4
ব্যবহারবান্ধব	4
ব্যবস্থাপনাগত	4
ব্যবসাপ্রতিষ্ঠানকে	4
ব্যক্তিজীবনে	4
বৌদ্ধিক	4
বোস্তামী	4
বোল্ড	4
বোল্টের	4
বোলিংয়ে	4
বোর্ডিং	4
বোর্ডগুলো	4
বোমাবর্ষণের	4
বোধহয়	4
বোদ্ধা	4
বোদলেয়ার	4
বোথ	4
বোকা	4
বৈশাখের	4
বৈশাখেই	4
বৈলছড়ি	4
বৈবাহিক	4
বৈধই	4
বৈঠকগুলোয়	4
বেস্টসেলার	4
বেসে	4
বেলী	4
বেলায়েত	4
বেভারলি	4
বেপারিপাড়া	4
বেনিফিট	4
বেনামে	4
বেধেছিল	4
বেড়েছেই	4
বেড়িবাঁধের	4
বেড়াবে	4
বেড়াচ্ছিলাম	4
বেড়াই	4
বেটার	4
বেচার	4
বেঙ্গালুরুকে	4
বেঙ্গলি	4
বেকারত্ব	4
বেইগি	4
বৃহদায়তন	4
বৃদ্ধা	4
বৃদ্ধকে	4
বৃক্ষরোপণসহ	4
বুসানে	4
বুলগেরিয়া	4
বুরবুরিছড়ার	4
বুবলী	4
বুদ্ধির	4
বুদ্ধিজাত	4
বুদ্ধিগত	4
বুদ্ধিকে	4
বুড়িগঙ্গা	4
বুট	4
বুঝেছি	4
বুঝেই	4
বুকটা	4
বীরত্বে	4
বীজতলার	4
বীজতলা	4
বিহারীদের	4
বিহনে	4
বিস্মৃতি	4
বিস্তৃতি	4
বিস্তৃতভাবে	4
বিসিএসেও	4
বিসিএসেই	4
বিষয়বস্তুর	4
বিষয়টিতে	4
বিষয়টাকে	4
বিষয়গুলোতে	4
বিষয়গুলোকে	4
বিষপ্রয়োগে	4
বিষণ্নতায়	4
বিষণ্নতম	4
বিষগ্রন্থি	4
বিশ্লেষণের	4
বিশ্লেষণধর্মীভাবে	4
বিশ্লেষণক্ষমতা	4
বিশ্রী	4
বিশ্রামাগার	4
বিশ্বহরিগাছা	4
বিশ্বসাহিত্যের	4
বিশ্বরেকর্ড	4
বিশ্বযুদ্ধোত্তর	4
বিশ্বম্ভরপুর	4
বিশ্বব্যাংকও	4
বিশ্ববিপ্লবের	4
বিশ্ববিখ্যাত	4
বিশ্ববাসী	4
বিশ্ববাজার	4
বিশ্বনেতাদের	4
বিশ্বজোড়া	4
বিশ্বকাপেই	4
বিশ্বকবিতার	4
বিলুপ্তপ্রায়	4
বিলীনের	4
বিলম্বিত	4
বিলম্বজনিত	4
বিরোধের	4
বিরিয়ানি	4
বিমায়	4
বিমানবাহী	4
বিমানটির	4
বিভেদ	4
বিভিন্নভাবে	4
বিভাজনের	4
বিভাগেও	4
বিবেকবানেরা	4
বিবিএমসিসিআই	4
বিবিএ	4
বিবর্তনের	4
বিবরণে	4
বিপর্যয়ে	4
বিপরীতেও	4
বিপক্ষেই	4
বিনোদনমূলক	4
বিনায়ক	4
বিধৃত	4
বিধিমোতাবেক	4
বিধিবদ্ধ	4
বিদ্রোহীদের	4
বিদ্রূপ	4
বিদ্যুতায়িত	4
বিদ্যালয়গুলোর	4
বিদ্যাপীঠ	4
বিদেশিবিদ্বেষী	4
বিদেশিবিদ্বেষ	4
বিত্তশালীদের	4
বিতর্কিতভাবে	4
বিড়ালসহ	4
বিটিএমএ	4
বিট	4
বিজ্ঞাপনবিহীন	4
বিজ্ঞপ্তির	4
বিচ্ছিন্নতার	4
বিচ্ছিন্নও	4
বিচারব্যবস্থার	4
বিচারব্যবস্থায়	4
বিচরণের	4
বিচক্ষণতার	4
বিক্রয়মূল্যের	4
বিক্রয়মূল্য	4
বিক্রয়	4
বিকেএমইএ	4
বিওপিতে	4
বিএফআইইউ	4
বিএআরএফের	4
বিএ	4
বিআরআই	4
বিআইএফ	4
বাহ্যিকতাকেই	4
বাহুতে	4
বাহিনীটি	4
বাহন	4
বাস্তবের	4
বাস্তবায়নাধীন	4
বাস্তবসম্মতভাবে	4
বাসোয়ালতো	4
বাসিন্দার	4
বাসাগুলো	4
বাসতাম	4
বাসটির	4
বালুকারাশির	4
বালুকা	4
বালাঘাটা	4
বার্সেলোনায়	4
বার্ষিকীতে	4
বার্নহাম	4
বার্নস্টোন	4
বার্ধক্যের	4
বারুদ	4
বারিও	4
বারান্দায়ও	4
বায়োপিকে	4
বায়ুদূষণের	4
বামপন্থীদের	4
বামপন্থী	4
বামপন্থার	4
বাবুলের	4
বান্দরবানসহ	4
বানায়	4
বানাতে	4
বানাত	4
বানরের	4
বাতাসকে	4
বাতায়নের	4
বাতাবরণ	4
বাণিজ্যে	4
বাড়িসহ	4
বাড়িগুলোর	4
বাড়িগুলো	4
বাড়িওয়ালা	4
বাড়ছিল	4
বাটাভিয়া	4
বাঞ্ছারামপুরে	4
বাজুসের	4
বাজারঘাট	4
বাজতে	4
বাছাইয়ে	4
বাছাইপর্বে	4
বাঙ্ময়	4
বাঙালিরও	4
বাঙালিত্বের	4
বাঙলার	4
বাঘা	4
বাগানে	4
বাগানই	4
বাক্যবিন্যাস	4
বাক্যগুলো	4
বাক্যই	4
বাকলে	4
বাইলস	4
বাইক	4
বাংলাদেশিরা	4
বাঁধাইকারী	4
বহ্ন্যুৎসব	4
বহুস্তরবিশিষ্ট	4
বহুলপঠিত	4
বহুভঙ্গিম	4
বস্তুবাদ	4
বস্তুনিষ্ঠতা	4
বস্তির	4
বস্তা	4
বসেছে	4
বসেছি	4
বসানোর	4
বসবাসসহ	4
বসবাসরত	4
বসতঘরসহ	4
বলিষ্ঠ	4
বলিদানের	4
বলায়	4
বললো	4
বলপূর্বক	4
বলকে	4
বর্ষাতেই	4
বর্ষণও	4
বর্শা	4
বর্বর	4
বর্ণমালার	4
বর্ণনির্বিশেষে	4
বর্ণনায়	4
বরিশালকে	4
বরাবরের	4
বরাত	4
বরফ	4
বয়ানের	4
বয়সই	4
ববিকে	4
বন্ধুরা	4
বন্ধুমহল	4
বন্দীর	4
বন্দিজীবন	4
বন্দি	4
বন্দবিলা	4
বনশ্রীতে	4
বনশ্রী	4
বদলেছেন	4
বণ্টনের	4
বজ্রের	4
বছরগুলো	4
বছরকাল	4
বঙ্গোপসাগরেও	4
বঙ্গাব্দেও	4
বঙ্গবন্ধু	4
বক্সের	4
বক্তব্যটি	4
বকলের	4
বইঠা	4
বইটি	4
বইগুলোর	4
বইগুলো	4
ফ্লোরিডার	4
ফ্লোরাল	4
ফ্লিক্সবাসের	4
ফ্লাইহিস্ক	4
ফ্রেশ	4
ফ্রেন্ড	4
ফ্রিডম	4
ফ্রিজি	4
ফ্রাঙ্কো	4
ফ্রম	4
ফ্রন্টের	4
ফ্রন্টে	4
ফ্যাসিবাদের	4
ফ্যাসিবাদকে	4
ফ্যাশনভিত্তিক	4
ফ্যাচিনেটেড	4
ফ্যাক্টরি	4
ফোর্সেস	4
ফোরলানকে	4
ফোরও	4
ফোকাল	4
ফোঁটা	4
ফেললাম	4
ফেলতেন	4
ফেরতে	4
ফেয়ার	4
ফেমি	4
ফেদেরিকো	4
ফেডের	4
ফেং	4
ফুলকে	4
ফুয়েল	4
ফুয়ের্তে	4
ফুয়াংকেতকেও	4
ফুটপাথেই	4
ফিলোসফি	4
ফিলিপ	4
ফিরোজশাহ	4
ফিরলো	4
ফিরলেও	4
ফিরলেই	4
ফিডে	4
ফিজিবল	4
ফিজিক্স	4
ফিকশনে	4
ফিকশন	4
ফিউচারিজম	4
ফিউচারও	4
ফারহান	4
ফারইস্টের	4
ফাবিয়েন	4
ফান্ডের	4
ফান্ডেডনেক্সট	4
ফাকুন্দো	4
ফাইলে	4
ফাইভ	4
ফাইনালসহ	4
ফাইনালও	4
ফাইজার	4
ফসলের	4
ফলোয়ার	4
ফলবান	4
ফলপ্রসূ	4
ফলপ্রত্যাশীরা	4
ফর্মে	4
ফরাসির	4
ফরম্যাট	4
ফন্টমফ্রম	4
ফণা	4
ফকির	4
প্ল্যাটফর্মটি	4
প্র্যাকটিস	4
প্র্যাকটিক্যাল	4
প্রোসিডিংস	4
প্রোডাক্ট	4
প্রেসিডেন্টও	4
প্রেমিকের	4
প্রেক্ষাগৃহে	4
প্রিলির	4
প্রিয়াঙ্কার	4
প্রিমরোজেজ	4
প্রিমরোজ	4
প্রিভেনশন	4
প্রিন্টস	4
প্রিজোনার	4
প্রার্থীরাও	4
প্রার্থীগণ	4
প্রাবন্ধিক	4
প্রাপ্যতা	4
প্রাপ্তিতে	4
প্রাপ্তিই	4
প্রান্তেই	4
প্রান্তিকীকরণের	4
প্রান্তসীমায়	4
প্রাণিবিশেষজ্ঞদের	4
প্রাণিত	4
প্রাণি	4
প্রাণপ্রাচুর্যে	4
প্রাণপুরুষ	4
প্রাচীর	4
প্রাক	4
প্রাইভেটকারের	4
প্রাইভেটকারটিও	4
প্রাইভেটকারকে	4
প্রাইজ	4
প্রস্থে	4
প্রস্তুতিমূলক	4
প্রস্তাবটি	4
প্রসিকিউশন	4
প্রসার	4
প্রসাধনসামগ্রী	4
প্রসঙ্গও	4
প্রশ্রয়দাতাদের	4
প্রশ্নেরও	4
প্রশ্নপত্রে	4
প্রশ্নটিকেই	4
প্রশ্নকর্তা	4
প্রশ্নই	4
প্রশিক্ষণও	4
প্রশংসাপত্র	4
প্রয়োজনীয়সংখ্যক	4
প্রয়োজনও	4
প্রয়োগযোগ্য	4
প্রভোস্ট	4
প্রভূত	4
প্রভাবসঞ্চারী	4
প্রবেশাধিকারের	4
প্রবেশপত্রসহ	4
প্রবিধান	4
প্রবাসের	4
প্রবাসীকে	4
প্রবাদ	4
প্রবন্ধটি	4
প্রবচন	4
প্রদেশটির	4
প্রদাহ	4
প্রদর্শনী	4
প্রদর্শনকে	4
প্রদত্ত	4
প্রথাগত	4
প্রথা	4
প্রত্যেকে	4
প্রত্যেকটি	4
প্রত্যাশীরা	4
প্রত্যাবর্তন	4
প্রত্যয়কেও	4
প্রতীকবাদকে	4
প্রতিষ্ঠানকে	4
প্রতিশ্রুতির	4
প্রতিশ্রুতিও	4
প্রতিশ্রুত	4
প্রতিশোধমূলক	4
প্রতিরূপ	4
প্রতিরক্ষার	4
প্রতিরক্ষাব্যবস্থার	4
প্রতিযোগীরা	4
প্রতিমন্ত্রীকে	4
প্রতিবেশীরা	4
প্রতিবেদনটি	4
প্রতিবিম্ব	4
প্রতিনিধিত্বশীল	4
প্রতিনিধিত্বশালী	4
প্রতিনিধিত্বও	4
প্রতিধ্বনি	4
প্রতিদ্বন্দ্বিতার	4
প্রতিদ্বন্দ্বিতায়	4
প্রতিটির	4
প্রতিটিকে	4
প্রতিচ্ছবি	4
প্রতিঘাতমুখর	4
প্রতিক্রিয়াসহ	4
প্রতিক্রিয়ার	4
প্রতিকূলতার	4
প্রতারণামূলক	4
প্রত	4
প্রণোদনায়	4
প্রটেক্টিভ	4
প্রজাতান্ত্রিক	4
প্রজাতন্ত্রীদের	4
প্রজাতন্ত্রী	4
প্রচারকৌশলবিদ	4
প্রচারকার্যে	4
প্রচণ্ডভাবে	4
প্রগ্রেসিভ	4
প্রক্রিয়াজাতকরণ	4
প্রকল্পগুলোর	4
প্রকল্পগুলো	4
প্যাস্টেল	4
প্যারাট্রুপার	4
প্যারাগুয়ে	4
প্যানেলের	4
প্যান	4
প্যাকেজিং	4
পোস্টটিতে	4
পোস্টগ্র্যাজুয়েট	4
পোস্টকে	4
পোশাকটির	4
পোর্টালে	4
পোনা	4
পেশাদারিত্ব	4
পেলোপনেশিয়ান	4
পেরেছিলাম	4
পেরেছিল	4
পেরুর	4
পেরুভিয়ান	4
পেরু	4
পেয়েছিলাম	4
পেপারের	4
পেনাল্টিতে	4
পেদ্রো	4
পেটেও	4
পেজটির	4
পেছাতে	4
পেঙ্গুইন	4
পেগাসাস	4
পেকারম্যানের	4
পেঁপের	4
পেঁপেচাষি	4
পৃষ্ঠাজুড়ে	4
পৃথিবীকে	4
পূ্র্বাভাস	4
পূর্বপুরুষদের	4
পূর্বনির্ধারিত	4
পূর্ণিমার	4
পূর্ণতাপ্রাপ্ত	4
পূর্ণগ্রাস	4
পূর্ণকালীন	4
পূরণসহায়	4
পূবালী	4
পূজনীয়	4
পুরাতন	4
পুরস্কারপ্রাপ্ত	4
পুপিরো	4
পুনর্মূল্যায়নের	4
পুনর্জীবনের	4
পুনরুচ্চারণ	4
পুনঃস্মরণ	4
পুনঃপ্রতিষ্ঠার	4
পুনঃপ্রতিষ্ঠা	4
পুনঃঅর্থায়ন	4
পুণ্যের	4
পুড়লে	4
পুঞ্জীভূত	4
পিরথা	4
পিতৃত্বকালীন	4
পিএসজি	4
পাহারাদার	4
পাসপোর্টে	4
পাশ্চাত্যের	4
পাশ্চাত্য	4
পালস	4
পালনকালে	4
পালনকারীরা	4
পার্সপেকটিভস	4
পার্বত্যবিষয়ক	4
পার্থক্যের	4
পার্থক্যটা	4
পারসোনাল	4
পারসনরা	4
পারলালে	4
পারলাল	4
পারলারেই	4
পারমিটের	4
পারফর্মিং	4
পারফরম্যান্সের	4
পারচেজের	4
পারকিন্স	4
পায়ু	4
পানিভর্তি	4
পানিও	4
পাতে	4
পাতার	4
পাততে	4
পাঠের	4
পাঠায়	4
পাঠকবান্ধব	4
পাঠকনন্দিত	4
পাঠকই	4
পাটে	4
পাটাতনেই	4
পাটাতনে	4
পাটগ্রাম	4
পাচ্চর	4
পাখনাগুলো	4
পাউন্ড	4
পাউডার	4
পাইপের	4
পাঁচলাইশ	4
পসরা	4
পশ্চিমাদের	4
পশ্চিমাঞ্চলে	4
পশ্চিমাঞ্চলকে	4
পলিটিকোর	4
পলিটিকস	4
পলাশী	4
পর্যালোচনার	4
পর্যবেক্ষণেই	4
পর্যবসিত	4
পর্যটকরা	4
পরেও	4
পরীমনি	4
পরীক্ষাসমূহ	4
পরীক্ষাতেও	4
পরীক্ষাতেই	4
পরীক্ষাগুলোতে	4
পরীক্ষাগুলোকে	4
পরী	4
পরিস্থিতিতেই	4
পরিসম্পদ	4
পরিষ্কারে	4
পরিষদকে	4
পরিমার্জনের	4
পরিভ্রমণ	4
পরিবেশবিদরা	4
পরিবেশবাদী	4
পরিবেশনায়	4
পরিবেশও	4
পরিবারটির	4
পরিবারটিকে	4
পরিবহনপথের	4
পরিবর্তনও	4
পরিপূর্ণভাবে	4
পরিপত্র	4
পরিদপ্তর	4
পরিতোষ	4
পরিচ্ছন্নতাকর্মীরা	4
পরিচালন	4
পরিচয়ে	4
পরিক্রমায়	4
পরিকল্পনাটিও	4
পরিকল্পনাকে	4
পরামর্শের	4
পরাবাস্তববাদী	4
পরশু	4
পররাষ্ট্রমন্ত্রীরা	4
পররাষ্ট্রনীতি	4
পম্পা	4
পপ	4
পদবিটি	4
পদবি	4
পদত্যাগও	4
পদক্ষেপগুলো	4
পদক্ষেপকে	4
পথসভা	4
পথচলায়	4
পথও	4
পথই	4
পত্র	4
পণ্যকে	4
পণ্ডিত	4
পড়েই	4
পড়ুন৩৭৮	4
পড়লাম	4
পড়তেন	4
পড়তেই	4
পড়ছেন	4
পডকাস্টে	4
পঠনপাঠনের	4
পটাশিয়াম	4
পজেটিভ	4
পক্ষেও	4
পক্ষপাতী	4
পক্ষপাতিত্ব	4
পক্ষপাত	4
ন্যায়বিচারে	4
ন্যাটোর	4
নোয়াখালীসহ	4
নোমানী	4
নোট	4
নৈরাশ্যবাদের	4
নৈরাশ্যবাদী	4
নৈপুণ্য	4
নৈতিকতাবাদী	4
নৈঃশব্দ্যে	4
নেহাত	4
নেমেই	4
নেভিলও	4
নেফতালি	4
নেপিউপাড়া	4
নেত্রীর	4
নেত্রীকে	4
নেতৃত্বকে	4
নেতাসহ	4
নেতানিয়াহুকে	4
নেতাও	4
নেটওয়ার্কজুড়ে	4
নেগেটিভ	4
নেক্সট	4
নেওয়াও	4
নৃশংসতা	4
নৃত্যবৈচিত্র্যের	4
নুরুন্নাহার	4
নুরুন্নবী	4
নুরউদ্দিন	4
নুনিয়েজ	4
নীতিসমূহ	4
নীতিমালার	4
নীতিমালাকে	4
নীতিভিত্তিক	4
নীতিনির্ধারকেরাও	4
নীতিনির্ধারকেরা	4
নীতিতে	4
নীতিগ্রহণ	4
নীতিগুলোকে	4
নিষ্ঠুরতার	4
নিষ্ক্রিয়	4
নিষ্কাশনও	4
নিশ্চিতভাবেই	4
নিশ্চায়নের	4
নিলেই	4
নির্ভুলতা	4
নির্ভরশীলতা	4
নির্বাসিত	4
নির্বাচনকেই	4
নির্ধারিতসংখ্যক	4
নির্দেশিকাতেও	4
নির্দয়ভাবে	4
নিরূপণে	4
নিরুৎসাহে	4
নিরাপদভাবে	4
নিরাপত্তাব্যবস্থা	4
নিরর্থক	4
নিরন্তন	4
নিয়োগকর্তাকে	4
নিয়মাবলির	4
নিয়মাবলি	4
নিয়মমালার	4
নিয়মবহির্ভূত	4
নিয়বার্গ	4
নিয়ন্ত্রণেও	4
নিয়তকে	4
নিম্নির	4
নিম্নবিত্ত	4
নিবেদিত	4
নিবিষ্ট	4
নিপীড়িত	4
নিপীড়নের	4
নিত্যপ্রয়োজনীয়	4
নিত্যনতুন	4
নিটওয়্যার	4
নিজামুল	4
নিক্কেই	4
নিকোলাসপাড়া	4
নিকাশের	4
নিকটের	4
নিওতিরির	4
নিঃসঙ্গতারও	4
নাহিয়ান	4
নাহিদরাও	4
নাসডাক	4
নারীকেও	4
নামেননি	4
নামা	4
নামটি	4
নানামুখী	4
নানামাত্রিক	4
নাট্যচর্চায়	4
নাট্যকার	4
নাজমুন	4
নাজমা	4
নাজনীনের	4
নাঈমা	4
নাইজেরিয়ায়	4
নলকূপ	4
নরমাল	4
নয়টার	4
নম্রতা	4
নম্র	4
নম্বরপত্রগুলো	4
নম্বরপত্র	4
নবীনগরের	4
নবী	4
নবান্ন	4
নববর্ষের	4
নবজন্ম	4
নবগঠিত	4
নবগঙ্গা	4
ননদের	4
নথির	4
নতুনত্ব	4
নড়াই	4
নটর	4
নজিরের	4
নগুগির	4
নগুগি	4
নগরীও	4
নগররাষ্ট্রের	4
নগদায়নে	4
ধ্যানধারণার	4
ধ্বনির	4
ধ্বনিবৈচিত্র্যের	4
ধ্বনিপ্রবাহ	4
ধ্বনি	4
ধ্বংসে	4
ধ্বংসাবশেষ	4
ধোয়া	4
ধূলিধূসর	4
ধুয়েমুছে	4
ধীবরের	4
ধারাভাষ্যকার	4
ধারাবাহিকে	4
ধারণাটিই	4
ধারণাকেও	4
ধাতুর	4
ধাক্কাই	4
ধসিয়ে	4
ধর্ষিত	4
ধর্মেরই	4
ধর্মগ্রহণ	4
ধর্মকে	4
ধরেছিলাম	4
ধরি	4
ধরল	4
ধনেপাতার	4
ধনুক	4
ধনদৌলত	4
ধনতন্ত্র	4
দ্যুতির	4
দ্যান	4
দ্যাট	4
দ্বৈতসাত্তিক	4
দ্বৈতপ্রকৃতির	4
দ্বৈত	4
দ্বীপরাষ্ট্রের	4
দ্বীপপুঞ্জের	4
দ্বীপপুঞ্জ	4
দ্বিমত	4
দ্বিধাদ্বন্দ্বে	4
দ্বারস্থ	4
দ্বান্দ্বিক	4
দৌলতপুরের	4
দোসরদের	4
দোলাইরপাড়	4
দোপাট্টা	4
দোকানদারেরা	4
দেহজুড়ে	4
দেশান্তর	4
দেশবিরোধী	4
দেশপ্রেমিকদের	4
দেশত্যাগ	4
দেশগুলোসহ	4
দেবলীনা	4
দেবপ্রিয়	4
দেবকে	4
দেড়শ	4
দেড়টার	4
দেখাটা	4
দেখলো	4
দেখছিলেন	4
দেওয়ারও	4
দেওবন্দ	4
দেউলিয়া	4
দৃষ্টিহীন	4
দৃষ্টিনন্দন	4
দৃষ্টিতলে	4
দৃঢ়পদে	4
দূরপ্রাচ্যের	4
দূরদূরান্ত	4
দুষছে	4
দুর্যোগকবলিত	4
দুর্ভেদ্যতা	4
দুর্বোধ্য	4
দুর্বৃত্ত	4
দুর্গা	4
দুরবস্থায়	4
দুরন্ত	4
দুযোর্গপূর্ণ	4
দুয়েকের	4
দুবারের	4
দুনিয়াতেই	4
দুনিয়াজোড়া	4
দুগ্ধজাত	4
দুগ্ধ	4
দুইশ	4
দুইপাশে	4
দুইটা	4
দুঃসাহসিক	4
দুঃখভরা	4
দীর্ঘশ্বাস	4
দীর্ঘদিনেও	4
দীপ্তি	4
দীপিকাই	4
দিল্লিসহ	4
দিল্লিতে	4
দিয়েছিলাম	4
দিয়ালো	4
দিপু	4
দিনাতিপাত	4
দিনাগত	4
দিদারুল	4
দিতো	4
দিতাম	4
দিত	4
দিঘল	4
দিগন্তকে	4
দিকটিও	4
দিকগুলো	4
দাশের	4
দালালের	4
দারুল	4
দারিওর	4
দায়িত্বপ্রাপ্তদের	4
দায়বদ্ধতা	4
দাফনের	4
দানবাক্স	4
দাদাইজম	4
দাঁড়ের	4
দাঁড়িয়েছিলাম	4
দাঁড়িয়েই	4
দশকব্যাপী	4
দলিলও	4
দলবদ্ধভাবে	4
দর্শনকেই	4
দরজাই	4
দয়বান	4
দপ্তরটি	4
দণ্ডে	4
দখলদার	4
দক্ষিণে	4
দংশিত	4
থ্রেট	4
থ্রু	4
থুসিডিডিস	4
থুতু	4
থিয়োঙ্গো	4
থিয়েনখাই	4
থিমও	4
থামিনি	4
থামানোর	4
থামল	4
থাকাবস্থায়	4
থমবাগ	4
তৎপর	4
ত্রৈমাসিক	4
ত্রিপুরাছড়া	4
ত্বকে	4
তৌহিদুজ্জামান	4
তোয়াক্কা	4
তোমাকির	4
তোমাকি	4
তেলবিশ্লেষক	4
তেরেসা	4
তেভেজ	4
তৃতীয়বারের	4
তুলেছিলেন	4
তুলবেন	4
তুলব	4
তুলত	4
তুরপাঁর	4
তুমিই	4
তীক্ষ্ণ	4
তিস্তার	4
তিলক	4
তির	4
তিনটিতে	4
তিনজনসহ	4
তিক্ততা	4
তি	4
তাহিরপুরে	4
তাসমীম	4
তালের	4
তালি	4
তালতলা	4
তারল্যসংকটের	4
তারই	4
তামিমের	4
তামাদির	4
তাফ্লাতমি	4
তানিয়া	4
তাদেরই	4
তাণ্ডবে	4
তাকাইচির	4
তাক	4
তাইওয়ানসহ	4
তাঁরাও	4
তাঁদেরই	4
তহশিলদার	4
তল্লাশির	4
তরুণকে	4
তপ্ত	4
তদুপরি	4
তদারককারী	4
তথ্যটি	4
তত্ত্বে	4
তত্কালীন	4
ততটুকু	4
ঢেউয়ে	4
ঢুকলেই	4
ঢিলে	4
ঢালাওভাবে	4
ঢালাও	4
ঢালাই	4
ঢঙে	4
ড্রেস	4
ড্রাইভার	4
ড্যাশ	4
ডোমিনিকান	4
ডোমার	4
ডোম	4
ডেস্টিনড	4
ডেলয়েটের	4
ডেম	4
ডেটাবেজের	4
ডুবিয়ে	4
ডিমলা	4
ডিবেটে	4
ডিপ্রেশনে	4
ডিপোতে	4
ডিপিএস	4
ডিজেল	4
ডিজিজ	4
ডিঙিয়ে	4
ডিগ্রিধারী	4
ডিকলোনাইজিং	4
ডিএসই	4
ডালপালা	4
ডায়মন্ড	4
ডায়নামোর	4
ডাবে	4
ডাবল	4
ডানা	4
ডাচেসদের	4
ডাক্তারদের	4
ডাকনেওয়ার	4
ডাউনলোড	4
ডলি	4
ডব্লিউটিআই	4
ডক্টরেট	4
ডকট্রিন	4
ট্র্যাভিস	4
ট্র্যাডিশনটা	4
ট্র্যাক	4
ট্রেডার্সের	4
ট্রেডার্সকে	4
ট্রেঞ্চের	4
ট্রেজারি	4
ট্রেইনি	4
ট্রু	4
ট্রিলিয়ন	4
ট্রিপল	4
ট্রানজ্যাকশন	4
ট্রাকচাপায়	4
ট্রাইসাইকেলে	4
ট্রলারটির	4
ট্যাক্স	4
ট্যাকসেস	4
ট্যাংক	4
টোটা	4
টোকিওর	4
টো	4
টেস্টের	4
টেলিগ্রামের	4
টেরোড্যাকটিল	4
টেমুকো	4
টেপ	4
টেক্সট	4
টেকনিক্যাল	4
টেকনিকটি	4
টুল	4
টুডে	4
টি১৩৩৫	4
টিমকে	4
টিভিকের	4
টিবি	4
টিনসেডের	4
টিন	4
টিকিটে	4
টিকবে	4
টিকটকের	4
টিউমার	4
টিআইএন	4
টার্মিনালসহ	4
টার্গেট	4
টাপুরচর	4
টানাপোড়েনের	4
টানাপোড়েন	4
টানবে	4
টানতেই	4
টানতে	4
টানছে	4
টাচ	4
টাঙ্গুয়ার	4
টাইব্রেকারসহ	4
টাইগাররা	4
টস	4
ঝিরিতে	4
ঝিরি	4
ঝিনাইগাতী	4
ঝামেলার	4
ঝলমল	4
ঝলকানির	4
ঝরার	4
ঝঞ্ঝাবিক্ষুব্ধ	4
জ্যারেড	4
জ্যাক	4
জ্যঁ	4
জ্বলছিল	4
জোহানেসবার্গ	4
জোরাল	4
জোভান	4
জোতদার	4
জোটকে	4
জৈবিক	4
জৈব	4
জেপিএন	4
জেনেশুনে	4
জেনেও	4
জেনারেটেড	4
জেদ্দায়	4
জেতায়	4
জেতাও	4
জেড	4
জেটিতে	4
জুলুমবাজ	4
জুলাইতে	4
জুয়াড়ি	4
জুবাইদা	4
জুনেই	4
জীবনেরই	4
জীবনাবসান	4
জীবনসঙ্গীকে	4
জীবনব্যবস্থা	4
জীবনদর্শনের	4
জিলা	4
জিমন্যাস্ট	4
জিব্রাল্টার	4
জিপার	4
জিনিয়াস	4
জিতেন্দ্র	4
জিতলো	4
জিডিপির	4
জিডিপি	4
জিডিআই	4
জিগাতলা	4
জিকেএস	4
জিএমপির	4
জিএমপি	4
জিইসি	4
জিআর	4
জাহিন	4
জার্সিই	4
জায়েজ	4
জাম্প	4
জামাতা	4
জাপানে	4
জানুয়ারিতে	4
জানুক	4
জানালাসহ	4
জানাবে	4
জানাজানি	4
জানাচ্ছিলাম	4
জানলেই	4
জানব	4
জানতো	4
জাদুকরের	4
জাদুকরী	4
জাদিম	4
জাদারের	4
জাতিসহ	4
জাতিসমূহের	4
জাঙেয়েছড়া	4
জাইকার	4
জসীমউদ্দীন	4
জল্পনা	4
জলের	4
জলাবদ্ধতাপ্রবণ	4
জর্ডানে	4
জয়াকে	4
জয়গুলোর	4
জয়ও	4
জভেরেভের	4
জব্দকৃত	4
জবাবদিহিমূলক	4
জবরদস্তি	4
জন্মেছি	4
জন্মহারের	4
জন্মস্থান	4
জন্মভূমির	4
জন্মভূমিতে	4
জন্মদাতা	4
জন্মগত	4
জন্তুর	4
জনস্বার্থে	4
জনস্বার্থ	4
জনসেবা	4
জনসাধারণকে	4
জনসমাগম	4
জনবিন্যাস	4
জনপরিসরের	4
জননীতি	4
জননী	4
জনদুর্ভোগে	4
জনগোষ্ঠীগুলোর	4
জনগণসহ	4
জনআস্থার	4
জড়ায়	4
জট	4
জগৎময়	4
জগতের	4
জকোভিচকে	4
ছুরিকার	4
ছুইয়ের	4
ছুই	4
ছিন	4
ছিঁড়ে	4
ছায়ার	4
ছাপের	4
ছাপার	4
ছাপানোর	4
ছাপাতো	4
ছাপাখানাকে	4
ছানাকে	4
ছাদবাগান	4
ছাত্রশিবিরের	4
ছাত্রনেতা	4
ছাত্রজীবন	4
ছাড়ের	4
ছাড়কে	4
ছাঁটাই	4
ছয়েক	4
ছবিই	4
ছন্দময়	4
ছনুয়া	4
ছদ্মনামের	4
ছদ্মনামে	4
ছড়িয়েছে	4
ছড়ানোর	4
চ্যারিটি	4
চ্যাম্পিয়নশিপের	4
চ্যাপলিন	4
চৌরাস্তা	4
চৌধূরী	4
চৌধুরীসহ	4
চোরা	4
চোর	4
চেষ্টাকালে	4
চেরি	4
চেয়েছি	4
চেয়ারম্যানও	4
চেকোস্লোভাকিয়ার	4
চূর্ণবিচূর্ণ	4
চুলের	4
চুলকানো	4
চুমোর	4
চুমচুমি	4
চুপচাপ	4
চুক্তিমূল্য	4
চীনই	4
চিরিরবন্দরের	4
চিরায়ত	4
চিপ	4
চিন্তাধারা	4
চিত্রের	4
চিত্ররূপময়	4
চিত্রকল্পের	4
চিত্রকলা	4
চিত্রও	4
চিত্রই	4
চিতাবাঘ	4
চিকিৎসালয়ে	4
চিকিৎসককে	4
চালে	4
চালিকাশক্তি	4
চালাচ্ছি	4
চালকরা	4
চার্লি	4
চারাটি	4
চারদিক	4
চায়নিজ	4
চামর	4
চামড়াজাত	4
চাবুকের	4
চান্দবীঘাট	4
চান্দগাঁও	4
চাননি	4
চাদারাছড়া	4
চাতুচাক	4
চাড়িয়ে	4
চাটার্ড	4
চাচ্ছি	4
চাঙ্গা	4
চাকলাপাড়া	4
চাকরিজীবীরা	4
চাকরিচ্যুত	4
চাক	4
চাওয়ার	4
চাইল্ড	4
চাইবে	4
চাঁদেও	4
চাঁদার	4
চলাকলীন	4
চললেও	4
চলব	4
চলনবিলে	4
চরিত্রকে	4
চরিত্রও	4
চমৎকারত্বের	4
চমত্কৃত	4
চব্বিশ	4
চন্দ্রঘোনা	4
চন্দ্রগ্রহণ	4
চন্দনাইশে	4
চন্দন	4
চক্রান্তকে	4
চকবাজারের	4
ঘোষণামূলক	4
ঘোন	4
ঘোড়াটার	4
ঘেরাও	4
ঘেঁটে	4
ঘৃণায়	4
ঘুরেইয়েছড়া	4
ঘুমিয়ে	4
ঘুমায়	4
ঘুমান	4
ঘুমাই	4
ঘুমন্ত	4
ঘানাতেই	4
ঘাত	4
ঘাটের	4
ঘাটে	4
ঘাটনে	4
ঘাটতিসহ	4
ঘা	4
ঘরবাড়িতে	4
ঘরজুড়ে	4
ঘনিষ্ঠতার	4
ঘণ্টাধ্বনির	4
ঘড়িতে	4
ঘটিয়েছেন	4
ঘটাত	4
ঘটনাবহুল	4
গ্লেন	4
গ্র্যাচুইটি	4
গ্রেফতারদের	4
গ্রেপ্তারকাণ্ডে	4
গ্রিসের	4
গ্রিস	4
গ্রাহকেরা	4
গ্রামেই	4
গ্রামীণফোন	4
গ্রহণও	4
গ্রন্থাগারমন্ত্রী	4
গ্যাম্বলিং	4
গ্যাংও	4
গোসাইরহাট	4
গোলপোস্টের	4
গোলপোস্টে	4
গোলকধাঁধার	4
গোর্কি	4
গোরমেন	4
গোপীনাথ	4
গোপনাঙ্গে	4
গোনা	4
গোদের	4
গোত্র	4
গোগ্রাসে	4
গোখরাসহ	4
গোঁয়ারতুমির	4
গেড়েছেন	4
গেটে	4
গেটগুলোর	4
গৃহিণী	4
গৃহকর্মী	4
গুলো	4
গুলিবর্ষণে	4
গুরুগম্ভীর	4
গুণতে	4
গুণগ্রাহী	4
গুটিসুটি	4
গুইছড়ি	4
গিলল	4
গির্জা	4
গিয়েতো	4
গিকুয়ু	4
গালাল	4
গালা	4
গাম্ভীর্যপূর্ণ	4
গামারীতলা	4
গাত্রদাহ	4
গাড়িটিকে	4
গাড়িটিও	4
গাড়িটি	4
গাঠনিক	4
গাছগুলোকে	4
গাউট	4
গাইবে	4
গাইত	4
গল্পগুলোতে	4
গল্পগুলো	4
গমন	4
গবেষণায়ও	4
গবেষণাটি	4
গবেষণাগুলো	4
গনি	4
গদ্যে	4
গতিধারা	4
গতিকে	4
গণিতের	4
গণসাক্ষরতা	4
গণযোগাযোগ	4
গণবিজ্ঞপ্তি	4
গণপিটুনির	4
গণপরিষদের	4
গণতন্ত্রেই	4
গণতন্ত্রকে	4
গড়েন	4
গড়ায়নি	4
গড়বে	4
গঞ্জালেসের	4
গজারি	4
গজদন্ত	4
খ্যাতি	4
খোলেন	4
খোলাবাজারে	4
খোঁজেন	4
খৈয়াম	4
খেলেছেন	4
খেলেছিল	4
খেয়ালি	4
খুশিই	4
খুইয়েছেন	4
খুঁজত	4
খুঁচিয়ে	4
খাসিয়ার	4
খালা	4
খারাপের	4
খায়ের	4
খানখানাবাদ	4
খাদ্যে	4
খাদ্যসহায়তা	4
খাদে	4
খাতুনকে	4
খাতা	4
খাতই	4
খাড়া	4
খাজনা	4
খাঁচাটির	4
ক্ষেত্রও	4
ক্ষীণ	4
ক্ষান্তি	4
ক্ষমতায়নের	4
ক্ষমতাবলে	4
ক্ষমতাকেও	4
ক্ষণস্থায়ী	4
ক্ল্যাসিক্যাল	4
ক্লেমঁ	4
ক্লিকের	4
ক্লিকেই	4
ক্লিকটি	4
ক্লান্তিতে	4
ক্লথস	4
ক্রোয়েশিয়ায়ও	4
ক্রেপুসকুলারিও	4
ক্রেডিট	4
ক্রীড়াবিদ	4
ক্রিসেন্ট	4
ক্রিয়েটিভ	4
ক্রিপ্টো	4
ক্রান্তিলগ্নে	4
ক্রয়ের	4
ক্রমে	4
ক্রমহ্রাসমান	4
ক্যাস্টালিয়ান	4
ক্যারিবীয়	4
ক্যারাভ্যান	4
ক্যাম্ব্রিয়ান	4
ক্যামেরনের	4
ক্যাবরাল	4
ক্যাপাসিটি	4
ক্যানভাসে	4
ক্যাটকিনস	4
ক্যাটকিন	4
ক্যাচিংঘাটা	4
কৌতূহলের	4
কোলাহলের	4
কোরিয়ায়	4
কোম্পানিতেই	4
কোমেলাকে	4
কোনোদিন	4
কোটিরও	4
কৈশোর	4
কেলেঙ্কারিসহ	4
কেলসের	4
কেরালায়	4
কেরানীগঞ্জের	4
কেরানীগঞ্জে	4
কেভিন	4
কেন্দ্রীভূত	4
কেন্দ্রনির্ভর	4
কেন্দ্রগুলো	4
কেনাঙ্গা	4
কেজির	4
কেএসকে	4
কেএইচ	4
কেআর	4
কৃষ্ণের	4
কৃষিপণ্যের	4
কৃষিপণ্যসহ	4
কৃষিঋণ	4
কৃষকরা	4
কূটনীতিতে	4
কূটনীতিকেরাও	4
কূটনীতিকদের	4
কুরি	4
কুন্তলের	4
কুড়িটি	4
কিসিঞ্জারসহ	4
কিসমিসের	4
কিনের	4
কিডস	4
কিঞ্চিৎ	4
কিউরিওসিটি	4
কিউবিজম	4
কিউটিকলে	4
কিউ	4
কিংবদন্তির	4
কাস্তেলদেফেলসেও	4
কাস্টমসসহ	4
কাস্টম	4
কাসকাইশের	4
কাসকাইশ	4
কালাঘাটা	4
কালক্ষেপণ	4
কার্যালয়মহিলা	4
কার্যাদেশে	4
কার্যসূচি	4
কার্যকারণকে	4
কার্পেটিং	4
কারুশিল্প	4
কারিগরিভাবে	4
কারবারির	4
কারণটিও	4
কায়ক্লেশ	4
কামারশালায়	4
কাব্যের	4
কাব্যে	4
কাব্যিক	4
কাব্যান্দোলন	4
কাব্যসাধনার	4
কাব্যসাধনায়	4
কাব্যসত্তার	4
কাব্যময়তার	4
কাব্যধারা	4
কাফকা	4
কাপুরুষ	4
কান্নার	4
কান্দি	4
কান্তো	4
কানাচে	4
কাননের	4
কাদার	4
কাদাপানির	4
কাতারসহ	4
কাঠুরিয়া	4
কাঠামোয়	4
কাঠামোগতভাবে	4
কাটাতেন	4
কাঞ্চনাবাদ	4
কাঞ্চনপুর	4
কাজলের	4
কাজল	4
কাজটাই	4
কাগজের	4
কাগজপত্রের	4
কাগজকলগুলো	4
কাকলী	4
কাওসার	4
কাউছার	4
কাইনসিওলজি	4
কাঁদালেন	4
কাঁদছে	4
কাঁটাযুক্ত	4
কাঁটাগাছও	4
কাঁচঘেরা	4
কস্ট	4
কসাইখানা	4
কসমোপলিটন	4
কষ্টেরই	4
কল্যাণে	4
কল্পকাহিনির	4
কলোনিয়াল	4
কলেরার	4
কলেজসহ	4
কলামে	4
কলাপাড়ার	4
কলরবের	4
কলম্বো	4
কর্মস্থলই	4
কর্মশালায়	4
কর্মযোগের	4
কর্মবহুল	4
কর্মজীবনে	4
কর্মচারীদের	4
কর্তৃপক্ষকেও	4
কর্তিত	4
করেন৷	4
করিয়েছেন	4
করাবে	4
করব্যবস্থার	4
করনীতিসংক্রান্ত	4
করনীতির	4
করনীতিকেও	4
করদায়ের	4
করদাতায়	4
কয়েল	4
কম্পোজ	4
কম্পিটিশন	4
কমেমোরেটিভ	4
কমিশনে	4
কমিটিসহ	4
কমিটিগুলো	4
কমিউনিস্টদের	4
কমালো	4
কমরেড	4
কমছেই	4
কবিরাও	4
কবিরাই	4
কবিই	4
কফিল	4
কফিনের	4
কন্ট্রিবিউটরি	4
কনসাল	4
কনসার	4
কনশাস	4
কনজারভেন্সি	4
কনকচাঁপা	4
কদাচিৎই	4
কথাশিল্পী	4
কতবার	4
কড়াকড়িও	4
কটাক্ষের	4
কক্ষের	4
কক্ষটিতে	4
কংগ্রেসে	4
কংগ্রেসম্যান	4
ওসোফিসান	4
ওষুধেরও	4
ওষুধের	4
ওলতু	4
ওয়েস্টার্ন	4
ওয়েলসে	4
ওয়েলফেয়ার	4
ওয়েলনেস	4
ওয়েবের	4
ওয়াশুক	4
ওয়াশিম	4
ওয়ার্শ	4
ওয়ার্কার	4
ওয়ার্কশপে	4
ওয়ারসেম	4
ওয়ানে	4
ওয়ানডেতেও	4
ওভারের	4
ওবায়দুল	4
ওপোকোর	4
ওপোকো	4
ওপার	4
ওদিক	4
ওথ	4
ওতপ্রোতভাবে	4
ওডিএ	4
ওগো	4
ওখানকার	4
ঐশ্বর্যকে	4
ঐন্দ্রজালিক	4
ঐতিহ্যিক	4
ঐতিহ্যগুলো	4
ঐক্যজোটের	4
এহেরসিতো	4
এস্কেপ	4
এসোসিয়েশনের	4
এসএমএ	4
এসএকেওয়াই	4
এসএইচএস	4
এসঅ্যান্ডপি	4
এশাসহ	4
এলিয়েসের	4
এলিয়টের	4
এলাকাও	4
এলসি	4
এলডিসি	4
এলডিপি	4
এরেনবুর্গের	4
এরেনবুর্গ	4
এরিয়ায়	4
এরইমধ্যে	4
এমবোলোকে	4
এমবিএফএ	4
এমবিএ	4
এমবাপেকে	4
এমফিল	4
এমডিআইএইচ	4
এমএসসিআই	4
এমএস	4
এমএএস	4
এমএএল	4
এমইউ	4
এমআরটির	4
এভারেস্ট	4
এফসিসিজেতে	4
এফডিসি	4
এফওআইপি	4
এন্ট্রি	4
এনবিআরে	4
এনবিআরকে	4
এনক্রিপ্টেড	4
এনআইসিইউতে	4
এদুল	4
এড়াল	4
এটির	4
এটিও	4
এজেন্সিও	4
এজেন্টরা	4
এজরি	4
এগুলোই	4
এক্সামের	4
এক্সপ্রেস	4
এক্সটারনাল	4
এক্সঅ্যানালিস্টসের	4
একেএম	4
একালের	4
একাদশে	4
একাডেমিয়া	4
একলাফেই	4
একলাফে	4
একরোখা	4
একনিষ্ঠ	4
একদমই	4
একজামিনার	4
একজনও	4
একগুচ্ছ	4
এএফসি	4
এইরেস	4
এইমে	4
এইচএসসিতে	4
এআইএস	4
এঁকেছেন	4
ঋতুবৈচিত্র্য	4
ঊর্ধ্বমুখী	4
উৎসর্গকে	4
উৎসগুলোকে	4
উৎপাদনেও	4
উৎপাদনশিল্প	4
উৎপাদনই	4
উৎকৃষ্ট	4
উৎকর্ষের	4
উৎকর্ষ	4
উল্লেখ্যযোগ্য	4
উল্টাপাল্টা	4
উলুম	4
উলফ	4
উভয়েরই	4
উভয়েই	4
উভয়ই	4
উপায়েই	4
উপাদানগুলোর	4
উপস্থিতিসহ	4
উপসহকারী	4
উপসর্গ	4
উপলক্ষও	4
উপভোগ্য	4
উপন্যাসের	4
উপনিবেশবাদীদের	4
উপত্যকা	4
উপজীব্য	4
উপকৃত	4
উপকারিতাসহ	4
উপকারভোগীরা	4
উন্মাদনা	4
উন্নীতকরণের	4
উদ্যোগটি	4
উদ্যাপনে	4
উদ্ভাসিত	4
উদ্ভাবনী	4
উদ্বেগকে	4
উদ্বাস্তু	4
উদ্ধৃতির	4
উদ্ধারকৃত	4
উদ্ধত	4
উদ্দেশ্যবিহীন	4
উদ্দেশ্যকে	4
উদ্দেশেও	4
উদ্দেশেই	4
উদ্ঘাটন	4
উদারতা	4
উদার	4
উদাত্ত	4
উত্স	4
উত্পীড়নে	4
উত্তরাধিকারী	4
উত্তরাধিকার	4
উত্তরাঞ্চলে	4
উত্তরাঞ্চলসহ	4
উত্তরপ্রদেশ	4
উড্ডয়নের	4
উড	4
উঠেছিলেন	4
উঠলেন	4
উজ্জ্বলতর	4
উজানীপাড়ার	4
উজানীপাড়া	4
উচ্চহার	4
উচ্চকিত	4
উচ্চকণ্ঠে	4
উক্ত	4
উইলোজ	4
উইলো	4
উইলিস	4
উঁচুমানের	4
উঁচুতে	4
ইস্যুগুলোকে	4
ইসিবি	4
ইসিতে	4
ইসলামীক	4
ইসলামপুরসহ	4
ইসরা	4
ইশিবা	4
ইল্যান্ডের	4
ইল্যান্ডও	4
ইলেকট্রিকের	4
ইলেকট্রনিক	4
ইয়েন	4
ইয়ারাচুই	4
ইয়ামালকে	4
ইয়ান	4
ইমোশনাল	4
ইমিরেটাস	4
ইমিগ্রেশনের	4
ইমিগ্রেশনে	4
ইমপর্ট্যান্ট	4
ইমদাদুল	4
ইবাদান	4
ইপিজেডসহ	4
ইপিএ	4
ইন্দ্রিয়কে	4
ইন্দ্রাণীর	4
ইন্দোনেশিয়া	4
ইন্ডাস্ট্রির	4
ইন্ডাস্ট্রিয়াল	4
ইন্টেলেকচুয়াল	4
ইন্টেলিজেন্ট	4
ইন্টারপ্রেটার	4
ইন্টার	4
ইনুর	4
ইনিশিয়েটিভ	4
ইনস্পেকশন	4
ইনসিওরেন্সের	4
ইনফর্ম	4
ইতিহ্যে	4
ইতি	4
ইটাবের	4
ইটভাটায়	4
ইটনা	4
ইঞ্জিনিয়ারকে	4
ইজিপিপি	4
ইঙ্গিতবাহী	4
ইকোসিস্টেম	4
ইকবালের	4
ইউরোর	4
ইউরোপজুড়েই	4
ইউরোপকে	4
ইউয়ান	4
ইউনিয়নেই	4
ইউনিফিকেশন	4
ইউনিটির	4
ইউজারনেম	4
ইউএনওরা	4
আহ্বানের	4
আহ্বানে	4
আহরণের	4
আহমেদসহ	4
আস্তানায়	4
আসহাব	4
আসলেও	4
আসলাম	4
আশ্রয়হীন	4
আশ্রয়শিবির	4
আশ্বাসও	4
আশ্চর্য	4
আশীর্বাদরত	4
আশাবাদ	4
আশাকে	4
আশঙ্কাও	4
আল্লাহকে	4
আল্ট্রাসাউন্ডের	4
আলোতপাত	4
আলোচনাটাও	4
আলোচনাই	4
আলোচক	4
আলোক	4
আলেন্দেই	4
আলেন্দে	4
আলাপের	4
আলাপী	4
আলান	4
আলবার্তি	4
আলফ্রেদো	4
আলফা	4
আলজেরীয়	4
আর্মীপাড়ার	4
আর্মিপাড়া	4
আর্দ্র	4
আর্তুর	4
আর্জেন্টিনাতেই	4
আর্জেন্টিনাই	4
আর্কিটাইপাল	4
আরেকজনের	4
আরিফ	4
আরামের	4
আরাগঁ	4
আরসিসি	4
আরলিংটনে	4
আরম্ভ	4
আরবেও	4
আরবি	4
আরএমডি	4
আরএমও	4
আরএমএম	4
আয়েন্দেকে	4
আয়েই	4
আয়ে	4
আয়ুর্বেদ	4
আয়ত্ত	4
আমিরি	4
আমিরাবাদ	4
আমিনুরকে	4
আমিত্বের	4
আমানতসমূহেরও	4
আমলাতন্ত্র	4
আমবাগান	4
আমদানিকৃত	4
আমগাছতলা	4
আবেদের	4
আবেদুজ্জামান	4
আবেদনকারীদের	4
আবেদনকারিগরি	4
আবেগকেই	4
আবে	4
আবুধাবিতে	4
আবির্ভাব	4
আবাহনীর	4
আবহাওয়াবিদেরা	4
আফ্রিকানদের	4
আফ্রিকাকেই	4
আফটার	4
আপাচেতে	4
আপনাদেরও	4
আপত্তিতে	4
আন্দ্রেয়াস	4
আন্দোলনরত	4
আন্দেস	4
আন্তর্জাতিকভাবেই	4
আন্তঃমন্ত্রণালয়	4
আন্তঃবাহিনী	4
আনেনি	4
আনুন	4
আনাম	4
আনাচে	4
আনবেন	4
আনফাল	4
আনন্দর	4
আনন্দনগর	4
আধুনিকতার	4
আধার	4
আদেশকে	4
আদিরূপের	4
আদিকালদো	4
আদালতও	4
আদলকে	4
আদর্শকে	4
আদর	4
আদম	4
আত্মাকে	4
আত্মস্থ	4
আত্মসাতসংক্রান্ত	4
আত্মসম্মানবোধও	4
আত্মসম্মানই	4
আত্মমর্যাদা	4
আত্মবিশ্বাসও	4
আত্মপ্রকাশ	4
আত্মতৃপ্তির	4
আত্মগোপন	4
আড়াইটার	4
আড়তদারদের	4
আটি	4
আটলান্টিকের	4
আটকের	4
আজম	4
আজটেক	4
আচেবেসহ	4
আচেবের	4
আঙ্গিক	4
আঙ্কারাকে	4
আঙিনাজুড়ে	4
আগ্রহে	4
আগেভাগেই	4
আগেকার	4
আগুনরাঙা	4
আগামীকালের	4
আগমনে	4
আগমনী	4
আখ্যান	4
আখেরাতে	4
আকবর	4
আকণ্ঠ	4
আওন	4
আউস্ত্রাল	4
আউন্স	4
আইলহাঁস	4
আইরনি	4
আইবিএ	4
আইনসভাকে	4
আইনসভা	4
আইনমন্ত্রী	4
আইনও	4
আইডল	4
আইটি	4
আইজির	4
আইএসইউ	4
আইএফআইসি	4
আইইএলটিএস	4
আইইআর	4
আং	4
অ্যাসিড	4
অ্যালেক্সিসই	4
অ্যালেক্স	4
অ্যালার্জি	4
অ্যারোপ্লেন	4
অ্যারেস্ট	4
অ্যাভাটার	4
অ্যাবাভ	4
অ্যাপোনিয়া	4
অ্যানাদার	4
অ্যাডমিনিস্ট্রেশনের	4
অ্যাডমিনিস্ট্রেটর	4
অ্যাডমিট	4
অ্যাডভান্সড	4
অ্যাটেনশন	4
অ্যাক্টিভিস্ট	4
অ্যাক্ট	4
অ্যাকুইস্টিক	4
অ্যাকাউন্টিং	4
অস্বাভাবিকভাবে	4
অস্থিতিশীলতার	4
অস্ত্রে	4
অস্তিত্বকে	4
অস্ট্রিয়ার	4
অস্কারে	4
অসাম্য	4
অসামান্য	4
অসাবধানতার	4
অসভ্য	4
অষ্টগ্রামে	4
অশ্রুজল	4
অশ্রু	4
অশুভ	4
অশুচিতা	4
অল্পকিছু	4
অলিম্পিয়ানের	4
অলিম্পিকের	4
অলিম্পিক	4
অলিভিয়ে	4
অলিভারই	4
অলস	4
অল	4
অর্পিত	4
অর্ধাহারে	4
অর্ধাঙ্গিনী	4
অর্থপ্রাপ্তির	4
অর্থপ্রাপ্তি	4
অর্থপ্রবাহ	4
অর্থপাচারে	4
অর্থনৈতিকভাবেও	4
অর্থদণ্ডে	4
অর্থটি	4
অরুচি	4
অরণ্য	4
অমোঘ	4
অমানবিকতার	4
অভ্যুদয়ের	4
অভিযোগটির	4
অভিমুখে	4
অভিব্যক্তি	4
অভিনয়জীবনের	4
অভিনয়কে	4
অভিনন্দন	4
অভিজিত	4
অভাবের	4
অভয়নগর	4
অবেলা	4
অবিস্মরণীয়ভাবে	4
অবিভক্ত	4
অবিবাহিত	4
অবাস্তবায়নযোগ্য	4
অবাস্তব	4
অবাধে	4
অবস্থানেই	4
অবস্কিউরিটির	4
অবস্কিউরিটি	4
অবশ্যম্ভাবিতা	4
অবশ্যপাঠ্য	4
অবয়ব	4
অবধি	4
অবধারিতভাবে	4
অবকাঠামোকে	4
অপেক্ষাই	4
অপূর্ণ	4
অপস	4
অপরিকল্পিতভাবে	4
অপয়া	4
অপটা	4
অপছন্দের	4
অন্যরা	4
অন্যভাবে	4
অন্যটিতে	4
অন্নদা	4
অন্তর্মুদ্রাবাদী	4
অন্তর্মুখী	4
অন্তর্মিলের	4
অন্তর্গত	4
অন্তরাত্মায়	4
অন্তঃশক্তি	4
অনেককেই	4
অনুসন্ধানী	4
অনুল্লেখিত	4
অনুরাগীদের	4
অনুমোদনের	4
অনুমতিসহ	4
অনুমতির	4
অনুভবের	4
অনুপাত	4
অনুচ্ছেদকে	4
অনুকরণে	4
অনুকরণ	4
অনিয়ন্ত্রিত	4
অনিবার্যতা	4
অনিচ্ছার	4
অনিচ্ছাকৃতভাবে	4
অনিকেত	4
অনাহারে	4
অনাবৃত	4
অনাদায়ী	4
অনাগ্রহী	4
অনাগত	4
অনস্বীকার্য	4
অনর্থের	4
অনড়	4
অনটন	4
অধ্যায়ভিত্তিক	4
অধিদপ্তরটি	4
অধিগ্রহণের	4
অধিকারবঞ্চিত	4
অত্যাচারী	4
অতিসম্প্রতি	4
অতিদ্রুত	4
অতিক্রান্ত	4
অতর্কিতভাবে	4
অডিওতে	4
অটোরিকশার	4
অটোরিকশায়	4
অটোপসি	4
অটল	4
অঞ্চলটি	4
অঞ্চলও	4
অজান্তেই	4
অজস্র	4
অচলাবস্থায়	4
অঙ্গুরীয়	4
অঙ্গীকারে	4
অঙ্গীকারকেই	4
অঙ্গীকারও	4
অঙ্ক	4
অগ্রাধিকারভিত্তিক	4
অগ্রহণযোগ্য	4
অগ্রগতিতে	4
অগ্ন্যুদ্গিরণকারী	4
অক্সফোর্ড	4
অক্ষরগুলো	4
অক্ষমতার	4
অক্ষম	4
অকপটভাবে	4
অংসাউপাড়ায়	4
অংশীদারে	4
অংশীদারিত্বের	4
অংশীজন	4
অংশগুলো	4
৯৮৯	3
৮৫২	3
৮৩৮	3
৮২২	3
৮২০	3
৮০৯টি	3
৮০০টি	3
৭৭৪	3
৭৬৩	3
৭৪০	3
৭০৭	3
৭০০০	3
৭টির	3
৭টার	3
৬৯০	3
৬৮০টি	3
৬৭০টি	3
৬৫০	3
৬৪৬২	3
৬১৫	3
৬০৫	3
৫৭টি	3
৫৬৬টি	3
৫৬টি	3
৫৫৯	3
৫৪৩	3
৫২৮	3
৪৯৬	3
৪৮৭	3
৪৮টি	3
৪৭১	3
৪৫১	3
৪২৮	3
৪২৩	3
৪২০	3
৪০৫	3
৪০তম	3
৪০টির	3
৩৮১	3
৩৪৪৬	3
৩৩০	3
৩২০	3
৩১৬	3
৩১৫	3
৩০৭	3
৩০৪	3
৩০১	3
৩০০টি	3
২৯টি	3
২৮৯৮	3
২৮৬টি	3
২৭০০	3
২৬৭	3
২৪৮	3
২৩৪	3
২১৯	3
২০৭২০০০০১১১৯৪	3
২০৬	3
২০৩৮	3
২০৩৫	3
২০৩০ডব্লিউআরজি	3
২০০০	3
২টায়	3
১৯৯২	3
১৯৮	3
১৯৬টি	3
১৯৫১	3
১৯৫	3
১৯৪৬	3
১৯০০	3
১৯তম	3
১৮৮	3
১৭৯৩	3
১৭৭৬	3
১৬৯	3
১৬৭২	3
১৬৪টি	3
১৬০০	3
১৫৪টি	3
১৪৫১	3
১২২	3
১২টায়	3
১১৩তম	3
১১৩	3
১০৪	3
১০১৩	3
১নং	3
০১৭১৩০৬৭৫৭৬	3
০০০টি	3
্যাম্পের	3
্পর্কিত	3
ার	3
ায়	3
হ্যান্ডলিংয়ে	3
হোল	3
হেল্প	3
হেলেন	3
হেলিনা	3
হেমেত্তিসহ	3
হেমেত্তিকে	3
হেমিংওয়ে	3
হেনেছিল	3
হেডম্যান	3
হৃদ্রোগবিশেষজ্ঞ	3
হৃদযন্ত্র	3
হৃত	3
হুহু	3
হুসেইন	3
হুড়মুড়	3
হীনম্মন্যতা	3
হিলারিকে	3
হিলারি	3
হিলটন	3
হিমেল	3
হিমাদ্রি	3
হিব্বান	3
হিন্দুত্ববাদ	3
হিটম্যান	3
হিউ	3
হি	3
হাস্যোজ্জ্বল	3
হাসিনায়	3
হাসিঠাট্টাও	3
হাসিখুশি	3
হাসানুজ্জামান	3
হাসপাতালভিত্তিক	3
হাসপাতালগুলো	3
হালনাগাদ	3
হালদা	3
হারিকেন	3
হারারেতে	3
হারাম	3
হারাবেন	3
হারাবে	3
হারাইছি	3
হামিদাউইকে	3
হামিদসহ	3
হামসহ	3
হাভানার	3
হাবিবুল্লাহ	3
হাবটি	3
হাফেজ	3
হাফিজুন	3
হান্নান	3
হানায়	3
হাদীর	3
হাদিসে	3
হাতেখড়ি	3
হাতিকে	3
হাজেরা	3
হাজীগঞ্জের	3
হাজারিবাগ	3
হাজারটা	3
হাজরা	3
হাছান	3
হাওয়ালাইনা	3
হাওয়াইয়ের	3
হাউজসহ	3
হাইস্কুলের	3
হাইস্কুলে	3
হাইস্কুল	3
হাইকমিশনার	3
হাইওয়ের	3
হাঁটেন	3
হাঁটবে	3
হলসহ	3
হরিলুটের	3
হরিনটানা	3
হরি	3
হরতকীতলা	3
হরগজ	3
হয়েছেন৷	3
হয়েছিলাম	3
হয়না	3
হবেও	3
হপকিনসের	3
হনলুলুতে	3
হত্যাচেষ্টার	3
হত্যাকারীদের	3
হত্যাকাণ্ডকে	3
হচ্ছিলাম	3
হকসহ	3
হওয়ারই	3
হওয়াতে	3
হইছিল	3
স্হানীয়দের	3
স্ল্যাম	3
স্লোগানও	3
স্লেজিং	3
স্যুটে	3
স্যালুট	3
স্যালাইনসহ	3
স্যালন	3
স্যাটায়ারধর্মী	3
স্যাটায়ার	3
স্মৃতিচারণা	3
স্মিথ	3
স্মরণের	3
স্বৈরতান্ত্রিক	3
স্বাস্থ্যসেবাও	3
স্বাস্থ্যসুরক্ষার	3
স্বাস্থ্যসংক্রান্ত	3
স্বাস্থ্যব্যবস্থাই	3
স্বাস্থ্যপেশার	3
স্বাস্থ্যগুজব	3
স্বাস্থ্যকর্মীরা	3
স্বাস্থ্যকর্মীর	3
স্বার্থসংশিষ্ট	3
স্বামীই	3
স্বাধীনতাও	3
স্বাক্ষরকারী	3
স্বল্পসুদে	3
স্বল্পব্যয়েও	3
স্বরন	3
স্বভাবের	3
স্বভাবে	3
স্বভাবতই	3
স্বপ্নযাত্রা	3
স্বপ্নটা	3
স্বনামধন্য	3
স্বজনহারাদের	3
স্বচ্ছতার	3
স্বকীয়তা	3
স্প্রাউস	3
স্পোর্টস্টার	3
স্পেসগুলো	3
স্পেলের	3
স্পেনীয়রা	3
স্পিরিট	3
স্পিরিচুয়াল	3
স্পিনিং	3
স্পিন	3
স্পষ্টতা	3
স্পনসরশিপ	3
স্পনসর	3
স্পটেড	3
স্নাতকদের	3
স্থিতিশীলতাকে	3
স্থায়িত্বের	3
স্থাপনকারী	3
স্থানেও	3
স্থানজুড়ে	3
স্থানগুলোয়	3
স্থলে	3
স্ত্রীসহ	3
স্তম্ভে	3
স্তন	3
স্ট্রেসের	3
স্ট্রেঞ্জার	3
স্ট্রিমিং	3
স্ট্রাইকারের	3
স্ট্যাটেন্স	3
স্টোরেজসহ	3
স্টোক	3
স্টেপফোর্ড	3
স্টেডিয়ামটি	3
স্টেজিং	3
স্টেইন	3
স্টিলের	3
স্টপ	3
স্ক্রলিংয়ের	3
স্কোরের	3
স্কোয়াডে	3
স্কুলেও	3
স্কুলশিক্ষা	3
স্কুলপড়ুয়া	3
স্কিনসট	3
স্কিন	3
স্কলারশিপের	3
স্কয়ার	3
স্কটিশ	3
সৌদির	3
সোম	3
সোনাকে	3
সোডাসহ	3
সো	3
সেশনে	3
সেলেস্ট	3
সেলিব্রিটি	3
সেলসিয়াসের	3
সেলসিয়াস	3
সেরাম	3
সেরাটারও	3
সেরাটা	3
সেমিস্টার	3
সেমিফাইনালিস্ট	3
সেমিফাইনালটি	3
সেমিনারের	3
সেবাদাতা	3
সেবাটির	3
সেবনকারীরা	3
সেন্সরকেন্দ্রিক	3
সেন্টকমের	3
সেনাসমর্থিত	3
সেনার	3
সেনানিবাসের	3
সেনাদের	3
সেনাঘাঁটির	3
সেনসেশন	3
সেদিনের	3
সেদিনটা	3
সেদিনই	3
সেটেলারদের	3
সেটেই	3
সেটে	3
সেটিরই	3
সেটআপ	3
সেচের	3
সেকারণে	3
সেও	3
সৃষ্টিকর্তার	3
সূর্যাস্তের	3
সূত্রটি	3
সূচির	3
সূচকের	3
সুস্থ্য	3
সুরেশ্বর	3
সুরুজ	3
সুরমার	3
সুরক্ষাব্যবস্থা	3
সুযোগরাজউকের	3
সুযোগকে	3
সুযোগই	3
সুবিধাকে	3
সুবাহান	3
সুবর্ণজয়ন্তী	3
সুফলেই	3
সুপ্রতিষ্ঠিত	3
সুপারহিট	3
সুপারস্টাররা	3
সুপারভাইজারের	3
সুপরিকল্পিত	3
সুনীল	3
সুনজরে	3
সুধীজনদের	3
সুজনের	3
সুচির	3
সুগভীর	3
সুখে	3
সুইসকন্ট্যাক্ট	3
সুইমিং	3
সুইচ	3
সীমায়	3
সীমাবদ্ধতাও	3
সিসিবিএল	3
সিলভার	3
সিরিজেও	3
সিরিজটি	3
সিরিজগুলো	3
সিরিজই	3
সিয়াভাশের	3
সিভিতে	3
সিপিএমও	3
সিপি	3
সিনেম্যাটিক	3
সিনেমারও	3
সিনেমাটিতে	3
সিনেমাগুলোর	3
সিনেমাও	3
সিনহা	3
সিডনির	3
সিটেই	3
সিটিটিসি	3
সিজার	3
সিজনেই	3
সিঙ্কে	3
সিগন্যাল	3
সিক্সকে	3
সিকুয়েল	3
সিএনবিসি	3
সিএ	3
সিআউডির	3
সিংভূম	3
সাহ্রি	3
সাহিত্যকর্ম	3
সাহাবুদ্দীন	3
সাহাবুদ্দিন	3
সাহাবি	3
সাহাপুরে	3
সাহাপুর	3
সাসপেন্ড	3
সালিসের	3
সালিসকারীদের	3
সালাহউদ্দিনকে	3
সালামকে	3
সার্ভের	3
সার্কিটের	3
সার্কাসে	3
সারায়া	3
সারাফ	3
সারাদিনই	3
সায়েন্সভিত্তিক	3
সায়রা	3
সায়	3
সামাজিকমাধ্যমে	3
সামলানো	3
সামর্থ্যের	3
সামনেই	3
সামগ্রীসহ	3
সাবাস	3
সাবস্ক্রাইবার	3
সাপোর্টারদের	3
সানারপাড়ে	3
সানফ্রান্সিসকোতে	3
সানন্দে	3
সাদিয়ার	3
সাদার	3
সাতারু	3
সাতছড়ি	3
সাড়াশব্দ	3
সাটুরিয়া	3
সাটন	3
সাজ্জাদের	3
সাজ্জাদসহ	3
সাজের	3
সাজিয়েছিল	3
সাজসজ্জার	3
সাক্ষাৎকারটি	3
সাক্ষরিত	3
সাউদাম্পটন	3
সাইরেন	3
সাইফ	3
সাইপ্রাসের	3
সাইন	3
সাইদ	3
সাইক্লিং	3
সাংষ্কৃতিক	3
সাংবাদিকের	3
সহায়তাকর্মীরা	3
সহায়	3
সহস্রাধিক	3
সহকারীরা	3
সহকারীদের	3
সহকর্মীকে	3
সলিলসমাধি	3
সর্বাধিনায়কের	3
সর্বদা	3
সরানোর	3
সরাননি	3
সরবরাহব্যবস্থা	3
সরফরাজ	3
সরকারসহ	3
সরকারব্যবস্থাসংবলিত	3
সরকারব্যবস্থাকে	3
সরকারকেও	3
সয়াবিনের	3
সম্রাটদের	3
সম্মিলনে	3
সম্মিলন	3
সম্ভাব্যতা	3
সম্প্রদায়ে	3
সম্প্রচারমন্ত্রীর	3
সম্পূর্ণরূপে	3
সম্পর্কীয়	3
সমুদ্রসমান	3
সমুদ্রবন্দরে	3
সমুদ্রবন্দরগুলোর	3
সমুদ্রপৃষ্ঠ	3
সমুদ্রপথের	3
সমালোচনাকে	3
সমাধিস্থ	3
সমাজতত্ত্ববিদ	3
সমাজকে	3
সমস্যাবিষয়ক	3
সমস্ত	3
সমর্পণের	3
সমর্থকেরাও	3
সমর্থকদেরই	3
সমর্থকও	3
সমর্থকই	3
সময়টুকুতে	3
সময়কালকে	3
সমমনা	3
সমবেত	3
সমঝোতায়	3
সভ্যতাকে	3
সভাকক্ষ	3
সবে	3
সবুজের	3
সবুজায়নের	3
সবমিলিয়ে	3
সবচাইতে	3
সফলতায়	3
সফরকারী	3
সফটওয়্যারগুলো	3
সপ্তাহান্তে	3
সপ্তাহব্যাপী	3
সন্ন্যাসীরচর	3
সন্ধিক্ষণের	3
সন্দেহের	3
সন্দীপ	3
সদস্যরাষ্ট্রগুলোকে	3
সদলে	3
সদরিস্ট	3
সদরসহ	3
সদরপুরের	3
সদরদপ্তর	3
সত্যততা	3
সত্ত্বের	3
সত্তাকে	3
সত্তা	3
সত্তর	3
সতীর্থ	3
সড়কেও	3
সজ্জার	3
সজ্জন	3
সজোরে	3
সচিবদের	3
সঙ্কটের	3
সগর্বে	3
সক্ষমতাকেই	3
সংস্পর্শ	3
সংস্কারে	3
সংস্কারগুলো	3
সংশ্লিষ্টতার	3
সংশোধনসহ	3
সংশোধনবিষয়ক	3
সংশয়ী	3
সংরক্ষণকে	3
সংযোগও	3
সংবিধানবিশেষজ্ঞ	3
সংবিধানবিরোধী	3
সংবাদমাধ্যমগুলো	3
সংবাদগুলোর	3
সংঘের	3
সংগ্রহই	3
সংগঠনে	3
সংগঠনসহ	3
সংক্ষেপে	3
সংকল্পকে	3
সংকটকালীন	3
সঁপে	3
ষোলোয়	3
ষড়যন্ত্রতত্ত্বও	3
শ্লথ	3
শ্রেণিভুক্ত	3
শ্রীলঙ্কায়	3
শ্রীমন্তপুর	3
শ্রাবণ	3
শ্রমিকদেরও	3
শ্রমশক্তি	3
শ্রদ্ধায়	3
শ্রদ্ধাবোধ	3
শ্বাসতন্ত্রের	3
শ্বাসকষ্টসহ	3
শ্বশুরবাড়িতে	3
শ্বশুরবাড়ি	3
শ্বশুর	3
শৌলজালিয়া	3
শৌচাগারে	3
শোনালেন	3
শোনাচ্ছেন	3
শোকানুষ্ঠানগুলো	3
শোকর	3
শেষমেশ	3
শেষপর্যন্ত	3
শেষদিকে	3
শেখেরখীল	3
শেখারই	3
শেখাতে	3
শেওড়াপাড়ার	3
শে	3
শৃঙ্খলকে	3
শূন্যে	3
শূন্যহাতে	3
শূন্যরেখায়	3
শূকরের	3
শুভকামনার	3
শুনেছেন	3
শুনানিতে	3
শুনলে	3
শুনতে	3
শীলপাড়া	3
শীর্ষস্তরের	3
শীতাতপনিয়ন্ত্রিত	3
শিশুসন্তান	3
শিশুটিকেও	3
শিশুখাদ্য	3
শিশুও	3
শিল্পাঞ্চলগুলোতে	3
শিল্পমন্ত্রী	3
শিরিন	3
শিবিরেও	3
শিবিরগুলোর	3
শিবচরেই	3
শিফটের	3
শিডিউল	3
শিখি	3
শিখা	3
শিখতেও	3
শিক্ষার্থীরাই	3
শিক্ষার্থীবৃন্দ	3
শিক্ষার্থীদেরও	3
শিক্ষাব্যবস্থারও	3
শিক্ষাপ্রতিষ্ঠানটির	3
শিক্ষাপ্রতিষ্ঠানটিতে	3
শিক্ষাপথ	3
শিক্ষাজীবনে	3
শিক্ষাঙ্গনকে	3
শিক্ষাগুলো	3
শিক্ষাও	3
শিক্ষকসহ	3
শিক্ষকসংখ্যা	3
শিক্ষককে	3
শাহের	3
শাহীন	3
শাহিনা	3
শাহিদ	3
শাহার	3
শাহরুখের	3
শাহবাজ	3
শাহনামায়	3
শাহনাজ	3
শাহতলী	3
শাহজাহানপুরে	3
শাস্তিযোগ্য	3
শাসনভিত্তিক	3
শাসনকাল	3
শাসকদের	3
শার্ট	3
শারাফাত	3
শায়েস্তাগঞ্জে	3
শামিম	3
শামসুরের	3
শাটডাউনের	3
শাজার	3
শাখাওয়াত	3
শহরতলির	3
শহরগুলোর	3
শসার	3
শল্যচিকিৎসক	3
শর্তভঙ্গের	3
শরীরেই	3
শরিফুলকে	3
শরিফও	3
শরণার্থীশিবিরের	3
শরণার্থীশিবিরে	3
শয্যায়	3
শব্দদূষণের	3
শব্দগুলো	3
শফিউদ্দিন	3
শনিবারও	3
শনাক্তকরণ	3
শত্রুরা	3
শতাব্দী	3
শঙ্খ	3
শঙ্কার	3
শখের	3
শক্তিশালীকরণ	3
শক্তিটুকু	3
শক্তিগুলোকে	3
শক্তিও	3
শওকতের	3
শংকরে	3
ল্যাপটপে	3
ল্যান্ডস্কেপ	3
লোম	3
লোকমুখ	3
লোকগুলো	3
লো	3
লেনের	3
লেডি	3
লেজ	3
লেখাপড়ার	3
লেখাগুলো	3
লেঃ	3
লুহরম্যানের	3
লুসাইল	3
লুমার	3
লুটপাটের	3
লুকার	3
লুকাকে	3
লিস্টটি	3
লিমিটেডে	3
লিবিয়ায়	3
লিনিয়েটাস	3
লিঙ্গবৈষম্য	3
লিখেছে	3
লিখবো	3
লাহোরের	3
লাসে	3
লামিসা	3
লামিনের	3
লাভবান	3
লাদাখ	3
লাঠিচার্জ	3
লাগালাম	3
লাগলে	3
লাগত	3
লাকি	3
লাউজ	3
লাউ	3
লাইসেন্সবিহীন	3
লাইব্রেরিতেই	3
লাইব্রেরি	3
লাইনস	3
লাইটহাউস	3
লাইজ	3
লর্ড	3
লন্ডার	3
লতিফা	3
লতাবুনিয়া	3
লড়েছে	3
লড়াকু	3
লড়াইকে	3
লঞ্চার	3
লঞ্চঘাট	3
লঙ্ঘিত	3
লঙ্ঘনকারী	3
লঘুচাপে	3
লক্ষ্যহীন	3
লংকাবাংলা	3
র্যালিতে	3
র্যাফেল	3
র্যাপোর্টিয়ার	3
রৌপলঙ্কারের	3
রোহিঙ্গাকে	3
রোয়ানুর	3
রোয়ানু	3
রোমেরোকে	3
রোমানিয়া	3
রোনাল্ড	3
রোজ	3
রোগবালাইয়ের	3
রোখা	3
রোকনুজ্জামান	3
রোকনউদ্দিন	3
রেসিপিও	3
রেসলিং	3
রেসপন্স	3
রেলপথে	3
রেলগেটে	3
রেভ্যুলুশনারি	3
রেভোল্যুশন	3
রেফাত	3
রেড্ডি	3
রেজুলেশনের	3
রেজিম	3
রেজিনের	3
রেজার	3
রেজাই	3
রেজওয়ানুল	3
রেখেও	3
রে	3
রূপালী	3
রূপালি	3
রুয়ান্ডা	3
রুম্মান	3
রুমাইসা	3
রুমন	3
রুবায়াত	3
রুপালি	3
রুটলেজ	3
রুটগুলোর	3
রুজ	3
রিসাইকেলযোগ্য	3
রিলস	3
রিয়্যালিটি	3
রিয়েলিটি	3
রিমন	3
রিফের	3
রিফিউজাল	3
রিফাই	3
রিপ্লে	3
রিপোর্টিংয়ে	3
রিপোর্টারের	3
রিপাবলিক	3
রিন্দ	3
রিতা	3
রিটের	3
রিজেন্সির	3
রিজওয়ানা	3
রিগ্যান	3
রিকোর	3
রিংপাইপের	3
রিংটিতে	3
রিংগুলোর	3
রাস্তাগুলোয়ও	3
রাষ্ট্রযন্ত্র	3
রাষ্ট্রবিজ্ঞানী	3
রাষ্ট্রপ্রধানই	3
রাষ্ট্রপক্ষ	3
রাষ্ট্রটি	3
রাষ্ট্রগুলোর	3
রাষ্ট্রগঠনেরও	3
রায়গুলো	3
রামসহ	3
রামগড়বাসীর	3
রাবার	3
রাফাত	3
রান্নাঘরের	3
রানীনগরের	3
রাত্রিযাপনের	3
রাডারপ্রযুক্তির	3
রাজ্যগুলোতে	3
রাজেন্দ্র	3
রাজারবাগ	3
রাজাদের	3
রাজাকার	3
রাজপুত্রের	3
রাজনৈতিকসহ	3
রাজনীতিরই	3
রাজনীতিকে	3
রাজতন্ত্রের	3
রাজউকের	3
রাঙামাটিসহ	3
রাগিবকে	3
রাখেননি	3
রাখুক	3
রাখাও	3
রাখলেও	3
রাখব	3
রাওথার	3
রাউন্ডে	3
রাইফেলের	3
রাইফেল	3
রাঁধতে	3
রাঁচি	3
রহস্যজনক	3
রহমান৷	3
রহমানও	3
রহম	3
রলস	3
রমিন	3
রব্বানী	3
রফিককে	3
রনি	3
রণজিৎ	3
রণক্ষেত্রেই	3
রণকৌশলের	3
রচনাবলি	3
রক্ষাকর্তার	3
রক্ষাকর্তা	3
রক্তে	3
রক্তপিপাসু	3
রক্তক্ষয়ী	3
রকিবুল	3
রকিব	3
রকি	3
যৌনতাপূর্ণ	3
যোদ্ধাকে	3
যোগাযোগযন্ত্রে	3
যোগাযোগমাধ্যমের	3
যেটিতে	3
যেটাই	3
যুবসংঘের	3
যুদ্ধাবস্থা	3
যুদ্ধকৌশল	3
যুগোপযোগী	3
যুগেও	3
যুগান্তর	3
যুক্তিতর্ক	3
যুক্তরাষ্ট্রইসরায়েলের	3
যুক্তরাষ্টের	3
যুক্তরা	3
যিলযাল	3
যাচনা	3
যাওয়াটা	3
যাওয়াও	3
যাইব	3
যন্ত্রণাদায়ক	3
যন্ত্রটিকে	3
যথার্থই	3
যতটুক	3
যক্ষ্মা	3
মৎস্যসহ	3
মৎস্যবন্দরের	3
ম্যালইনফরমেশনকে	3
ম্যালইনফরমেশন	3
ম্যাপলস	3
ম্যান্ডেট	3
ম্যানেজমেন্টে	3
ম্যানস	3
ম্যাচগুলোর	3
ম্যাক্সিকান	3
ম্যাকিং	3
ম্যাকার্টনির	3
ম্যাকাইতে	3
মৌলিকভাবে	3
মৌজার	3
মৌ	3
মোহামেডান	3
মোহনের	3
মোহনগঞ্জ	3
মোহটিই	3
মোহকে	3
মোস্তাফিক	3
মোস্তফাপুরসহ	3
মোল্যার	3
মোল্যা	3
মোরাল	3
মোমবাতির	3
মোমবাতি	3
মোবিলিটি	3
মোফাজ্জল	3
মোদী	3
মোদারেস	3
মোডে	3
মোড়লগিরি	3
মোড়ক	3
মোটসাইকেল	3
মোক্তারুল	3
মোকাবেলার	3
মোকাবিলাই	3
মোকদ্দমা	3
মেহেরপুরে	3
মেহেনুম	3
মেহবুবা	3
মেরেই	3
মেরুর	3
মেরুন	3
মেরুদণ্ড	3
মেরি	3
মেয়েটিই	3
মেকানিজম	3
মেক	3
মৃৎশিল্প	3
মৃত্যুহারের	3
মৃত্যুবার্ষিকীতে	3
মৃত্যুদাবির	3
মৃত্যুদণ্ডাদেশ	3
মৃতদেহ	3
মূলস্রোতে	3
মূলভিত্তি	3
মূর্খতায়	3
মুহূর্তেও	3
মুহারেমোভিচকে	3
মুষ্টির	3
মুশফিকা	3
মুশতারীর	3
মুলাঁ	3
মুরব্বিদের	3
মুম্বাই	3
মুমূর্ষু	3
মুফতির	3
মুন্নাসহ	3
মুন্না	3
মুঠোফোনের	3
মুঠোফোনকে	3
মুজগুন্নী	3
মুগ্ধতা	3
মুখিয়ে	3
মুখবন্ধে	3
মুখপাত্রের	3
মুখপাত্রকে	3
মুক্তিযুদ্ধে	3
মুক্তিপণ	3
মুক্তাদা	3
মীরসরাই	3
মিসোজিনি	3
মিসট্রাস্ট	3
মিসইনফর্মড	3
মিশেলে	3
মিশুকও	3
মিলিশিয়ারা	3
মিলিশিয়া	3
মিলিয়েই	3
মিলিত	3
মিলিটির	3
মিলতেই	3
মিলকারখানা	3
মির্জার	3
মিম	3
মিন্টো	3
মিনিটেই	3
মিনি	3
মিনার	3
মিতু	3
মিডিয়াসহ	3
মিডিয়াম	3
মিডিয়াগুলোও	3
মিডটার্ম	3
মিজল্স	3
মিজ	3
মাহাদীসহ	3
মাহাতিম	3
মাহশাহরের	3
মাহবুববার	3
মাস্টারবাড়ি	3
মাসুন্দিয়া	3
মাসরুর	3
মাসজুড়ে	3
মাশরুর	3
মাশখেল	3
মাল্টিমোডাল	3
মাল্টিপল	3
মালিগ্রাম	3
মালিকানায়	3
মাল	3
মার্লা	3
মার্ট	3
মার্জিত	3
মার্গোস	3
মার্গারেট	3
মার্ক্সও	3
মার্কেসের	3
মারবে	3
মামুনুলের	3
মামলাগুলোর	3
মাপে	3
মাপার	3
মাপকাঠি	3
মান্না	3
মানোন্নয়নকে	3
মানুষেরাও	3
মানুষগুলো	3
মানায়	3
মানাবিতিস	3
মানসিকতায়	3
মানলেও	3
মানবাধিকারের	3
মানবাধিকারগত	3
মানবাধিকারকামী	3
মানবসৃষ্টও	3
মানবসম্পদের	3
মানববন্ধনের	3
মানবজাতি	3
মানচিত্র	3
মানকেই	3
মাধ্যাকর্ষণ	3
মাধ্য	3
মাদ্রাসাছাত্রকে	3
মাথাটাও	3
মাত্রাও	3
মাতৃভূমির	3
মাতৃভূমিকে	3
মাতারও	3
মাতার	3
মাতামহীকেও	3
মাতামহ	3
মাঠেও	3
মাটিতেই	3
মাঝেও	3
মাঝরাতে	3
মাঝরাত	3
মাঝনদী	3
মাঝখানের	3
মাছগুলো	3
মাগুরার	3
মাগরিবের	3
মাগরিব	3
মাগফিরাত	3
মাগনা	3
মাকোন্দোর	3
মাকোন্দো	3
মাক	3
মাওয়াসি	3
মাওয়ার	3
মাউশি	3
মাইনে	3
মাইক্রোফোন	3
মহোদয়	3
মহিরুহের	3
মহিমান্বিত	3
মহিমা	3
মহিবুল	3
মহাসড়কজুড়ে	3
মহাসড়ককে	3
মহারাজা	3
মহাবিশ্বের	3
মহানন্দা	3
মহাদেশে	3
মহাদেশীয়	3
মহাজোটের	3
মহাজাগতিক	3
মহাকর্ষীয়	3
মহলেও	3
মহলও	3
মসিকের	3
মসজিদসহ	3
মলয়	3
মর্যাদাও	3
মরিচা	3
মরিচসহ	3
মরহুম	3
মরশুম	3
মরদেহের	3
মরণঘাতী	3
ময়ূরের	3
ময়ূরসহ	3
ময়নাতদন্ত	3
ময়না	3
মমিনুল	3
মমিন	3
মমতাজ	3
মবুলাই	3
মন্দিরগুলোতে	3
মন্টাগ্লিয়ানি	3
মনোভাবের	3
মনোভাবে	3
মনোবিজ্ঞানীদের	3
মনোবিজ্ঞানী	3
মনিরুজ্জামান	3
মনিরা	3
মনিরও	3
মনিটাইজ	3
মনামীর	3
মধ্যস্বত্বভোগী	3
মধ্যস্থতায়	3
মধ্যস্থতাকারী	3
মধো	3
মধে৵	3
মথুরা	3
মতবিনিমিয়	3
মতবিনিময়কালে	3
মতই	3
মণিপুরীপাড়ার	3
মডেলটি	3
মঞ্জু	3
মঞ্চস্থ	3
মজুর	3
মজুমদারের	3
মজুতকেন্দ্র	3
মজলিস	3
মজবুত	3
মক্কেলের	3
মঈন	3
ভ্রমণপিপাসু	3
ভ্যানের	3
ভৌতিক	3
ভৌত	3
ভৌগোলিকভাবে	3
ভোল্টেজ	3
ভোররাতে	3
ভোররাত	3
ভোটের	3
ভোটাভুটিতে	3
ভোক্তাদের	3
ভেহিকেল	3
ভেস্টারগার্ড	3
ভেবেছে	3
ভেবেচিন্তে	3
ভেনিসের	3
ভেনিস	3
ভেদাভেদ	3
ভেতরেও	3
ভেতরটা	3
ভেজে	3
ভূরাজনীতিতেও	3
ভূয়সী	3
ভূমিহীন	3
ভূমিতে	3
ভূমিকাও	3
ভূখণ্ডকে	3
ভূখণ্ড	3
ভুলেরই	3
ভুলের	3
ভুলগুলো	3
ভুরঘাটাসহ	3
ভুরঘাটা	3
ভুগেছিলেন	3
ভীতিকর	3
ভিসাধারী	3
ভিসাকে	3
ভিলমোস	3
ভিয়ারিয়াল	3
ভিন্নতা	3
ভিটে	3
ভিক্টর	3
ভিকারি	3
ভিএআর	3
ভাসুরের	3
ভাসিয়ে	3
ভাসছিলেন	3
ভাষাচর	3
ভালোবাসায়	3
ভালোবাসাকে	3
ভার্জিনয়া	3
ভারেঙ্গাসহ	3
ভারতবর্ষে	3
ভারতবর্ষ	3
ভাবেনি	3
ভাবেনইনি	3
ভাবার	3
ভাববেন	3
ভাববে	3
ভাবনাতেই	3
ভাবনাটাই	3
ভাবনাই	3
ভাবতেন	3
ভাবত	3
ভাবছেন	3
ভাবছি	3
ভান্ডারবাড়ি	3
ভান্ডার	3
ভানজাককে	3
ভাদোইউ	3
ভাড়াটিয়ারা	3
ভাড়াও	3
ভাজা	3
ভাঙ্গাসহ	3
ভাঙ্গাজুড়ে	3
ভাঙলে	3
ভাঙনসহ	3
ভাঙনপ্রবণ	3
ভাগ্যিস	3
ভাগ্যবদল	3
ভাগ্যকে	3
ভাইদের	3
ভাংগা	3
ভলিউম	3
ভলান্টারি	3
ভয়ে	3
ভয়াবহভাবে	3
ভয়াবহতার	3
ভয়ানক	3
ভয়ই	3
ভদ্র	3
ব্ল্যাকআউট	3
ব্লেন্ডারের	3
ব্লাডার	3
ব্লগ	3
ব্লকেড	3
ব্লকে	3
ব্লকগুলো	3
ব্র্যান্ডগুলোর	3
ব্রোকার্ডি	3
ব্রীজ	3
ব্রিজের	3
ব্রায়েন	3
ব্রাদার্স	3
ব্রাঞ্চ	3
ব্রাউজারে	3
ব্রাইটনে	3
ব্রডার	3
ব্রজেন	3
ব্রজেজিনস্কির	3
ব্যালে	3
ব্যাটিংয়ের	3
ব্যাটারদের	3
ব্যাকস্টোরি	3
ব্যাংকটির	3
ব্যাংকগুলোতে	3
ব্যবহারকে	3
ব্যবহারকারীরা	3
ব্যবস্থাসংক্রান্ত	3
ব্যবসাবহির্ভূতভাবে	3
ব্যথানাশক	3
ব্যক্তিত্বদের	3
ব্যক্তিত্বকে	3
ব্যক্তরি	3
বোলাররা	3
বোলারদের	3
বোনেন	3
বোনকে	3
বোতলজাতকারী	3
বোট	3
বোঝালেন	3
বোঝাবুঝি	3
বোকামি	3
বৈষম্যমূলক	3
বৈশ্বিকভাবে	3
বৈশ্বিকনীতিও	3
বৈশিষ্ট্যের	3
বৈপ্লবিক	3
বৈপরীত্যই	3
বৈধভাবে	3
বৈঠকটিকে	3
বৈজ্ঞানিকভাবে	3
বেহাতের	3
বেল্লাল	3
বেলিংহ্যামেরও	3
বেলি	3
বেরোনো	3
বেভারেজেস	3
বেভারেজ	3
বেপজার	3
বেনাপোলেও	3
বেদের	3
বেদনাবিধুর	3
বেতনের	3
বেতনও	3
বেড়িবাঁধ	3
বেজড	3
বেচাকেনা	3
বেগুনের	3
বেগুনি	3
বেগুন	3
বেগাইলড	3
বেক্সিমকো	3
বেকিং	3
বেকারের	3
বেকহামের	3
বেইউইচড	3
বেঁধেও	3
বেঁকে	3
বৃষ্টিজনিত	3
বৃত্তিপ্রাপ্তদের	3
বৃত্তাকার	3
বুশ	3
বুলেটের	3
বুলবুলি	3
বুলডোজার	3
বুরেইজ	3
বুন্দেসতাগে	3
বুদ্ধিবৃত্তিক	3
বুতুনিল	3
বুটের	3
বুঝেছে	3
বুঝিয়েছে	3
বুঝল	3
বুগতি	3
বীরশ্রেষ্ঠ	3
বিহাইন্ড	3
বিস্ময়ের	3
বিস্তৃতির	3
বিস্তর	3
বিস্টের	3
বিস্কুট	3
বিষাদে	3
বিষয়কমন্ত্রী	3
বিষফোড়ার	3
বিষণ্ণতা	3
বিষক্রিয়ায়	3
বিশ্লেষ	3
বিশ্বাসেরই	3
বিশ্বাসভঙ্গসহ	3
বিশ্বাসটা	3
বিশ্বরোড	3
বিশ্ববিদ্যালয়গুলোকে	3
বিশ্বদরবারে	3
বিশ্বজয়ী	3
বিশালসংখ্যক	3
বিশদ	3
বিলুপ্তিও	3
বিলাসিতা	3
বিলকিস	3
বিয়েলসা	3
বিমানপথে	3
বিমানঘাঁটিকে	3
বিমানগুলোর	3
বিমানও	3
বিমগুলোই	3
বিমগুলো	3
বিভাজনমূলক	3
বিভাগসহ	3
বিভাগও	3
বিবেকে	3
বিবৃতির	3
বিবৃতিটি	3
বিবিসির	3
বিবাহ	3
বিবরণী	3
বিফলে	3
বিপদজনক	3
বিপত্তিতে	3
বিপণনের	3
বিন্দুতে	3
বিনোদিত	3
বিনোদনকেন্দ্রে	3
বিনিয়োগহীনতা	3
বিনিময়ের	3
বিনষ্ট	3
বিধায়ককেও	3
বিধায়ককে	3
বিধানসভায়	3
বিধানটি	3
বিদ্রোহের	3
বিদ্রুপ	3
বিদ্যুৎকেন্দ্র	3
বিদ্বেষী	3
বিদেশিরা	3
বিদগ্ধ	3
বিথীর	3
বিথীকে	3
বিতাড়িত	3
বিতরণব্যবস্থাও	3
বিতরণকৃত	3
বিটিএমএর	3
বিজ্ঞাপনের	3
বিজেপিশাসিত	3
বিজেপিরও	3
বিজেপিতে	3
বিজয়ীদের	3
বিচ্ছিন্নতাবাদীদের	3
বিচ্ছিন্নতাবাদী	3
বিচ্ছিন্নতাই	3
বিচারে	3
বিচারহীনতার	3
বিচারকের	3
বিচরণও	3
বিচক্ষণতা	3
বিচক্ষণ	3
বিকেলের	3
বিকেএমইএর	3
বিওয়াইডির	3
বিএসএফের	3
বিএনপিতে	3
বিআরটিসির	3
বিআইবিএম	3
বিআইডিএসের	3
বাহিনীও	3
বাহিত	3
বাহারুলরা	3
বাহাউদ্দিন	3
বাহকও	3
বাস্তুতন্ত্রে	3
বাস্তিল	3
বাস্তবায়নেও	3
বাস্তবমুখী	3
বাস্তবভাবে	3
বাসাবাড়িতে	3
বাসাবাড়ি	3
বাসাই	3
বালোগুনের	3
বালুময়	3
বালিয়াকান্দি	3
বার্ধক্যে	3
বার্থ	3
বারোটা	3
বারীর	3
বারকাল্লাহর	3
বায়ুথলির	3
বায়ুথলি	3
বায়না	3
বায়তুল	3
বাবাও	3
বান্দরবন	3
বানু	3
বাধাটা	3
বাদ্যযন্ত্রের	3
বাদীকে	3
বাত	3
বাণীতে	3
বাণিজ্যেও	3
বাণিজ্যসচিবের	3
বাণিজ্যযুদ্ধবিরতি	3
বাণিজ্যযুদ্ধ	3
বাণিজ্যমন্ত্রীর	3
বাড়ালেই	3
বাড়াতেও	3
বাড়ছেই	3
বাটনে	3
বাজিমাত	3
বাজারসহ	3
বাজানো	3
বাজ	3
বাচ্চু	3
বাচ্চাটাই	3
বাচ্চাগুলো	3
বাঘিনীও	3
বাঘবিশেষজ্ঞদের	3
বাঘকে	3
বাগানবাড়ি	3
বাগমারা	3
বাগদাদের	3
বাগডোকরা	3
বাকিদের	3
বাকবিতণ্ডা	3
বাক	3
বাইরেই	3
বাইজিদ	3
বাংলালিংক	3
বাংলানিউজ২৪	3
বাঁশখালি	3
বাঁশ	3
বাঁধা	3
বাঁধভাঙা	3
বাঁধটি	3
বাঁচাচ্ছে	3
বহুদূর	3
বহুকাল	3
বহালের	3
বসেছিলাম	3
বসিয়েই	3
বসি	3
বসাবে	3
বসনিয়া	3
বসতবাড়িটাও	3
বশির	3
বলিভিয়ার	3
বলাই	3
বললেও	3
বলবে	3
বর্ষাকালীন	3
বর্মণের	3
বর্মণ	3
বর্বরতা	3
বর্তায়	3
বর্ণনাকারী	3
বর্ণ	3
বর্গকিলোমিটারে	3
বরাদ্দও	3
বরকতের	3
বয়া	3
বয়সি	3
বয়সভিত্তিক	3
বয়লার	3
বয়ঃসন্ধিকালের	3
বয়	3
বপনের	3
বপন	3
বন্যাপীড়িত	3
বন্যাদুর্গতদের	3
বন্যপ্রাণীও	3
বন্দুকধারীদের	3
বন্দীদের	3
বন্দভিলা	3
বনি	3
বনায়ন	3
বনপাড়া	3
বনটির	3
বদরুদ্দীন	3
বণ্টনযোগ্যতা	3
বণ্টন	3
বড়দোয়ালী	3
বড়দিনের	3
বড়ইতলা	3
বটতলা	3
বজ্রধ্বনি	3
বছরজুড়ে	3
বচসায়	3
বঙ্গোপসাগরসহ	3
বঙ্গোপসাগরকেন্দ্রিক	3
বঙ্গোপসাগরকে	3
বগাইল	3
বক্তব্যেও	3
বক্তব্যই	3
বকুনিও	3
বকুনি	3
বকা	3
বকশিসের	3
বইতে	3
বংশের	3
বংশবৃদ্ধির	3
বংশবৃদ্ধি	3
বংশধরদের	3
ফ্লোরে	3
ফ্লোরিডাসহ	3
ফ্লোরিডায়	3
ফ্লোরিডাভিত্তিক	3
ফ্রেন্ডলিস্ট	3
ফ্রেড	3
ফ্রিদা	3
ফ্রিজে	3
ফ্রিকোয়েন্সি	3
ফ্রান্সসহ	3
ফ্যাটি	3
ফ্যাটালিজম	3
ফোরকান	3
ফোনটিকে	3
ফোনটি	3
ফোনকলও	3
ফেসবুককে	3
ফেসটাইমে	3
ফেসটাইম	3
ফেলতাম	3
ফেরিঘাট	3
ফেরাটা	3
ফেন্টানিলের	3
ফেনীর	3
ফেক	3
ফেইথ	3
ফুলটাইম	3
ফুটবলারও	3
ফুটবলপ্রেমী	3
ফুটবলপ্রীতি	3
ফুটবলপাগল	3
ফুঁপিয়ে	3
ফিসের	3
ফিশের	3
ফিল্টার	3
ফিরুন	3
ফিরলেন	3
ফিয়াথাই	3
ফিমেল	3
ফিন্যান্স	3
ফিতনা	3
ফিউচারসের	3
ফাল্গুনীকে	3
ফার্মাসিউটিক্যাল	3
ফার্নের	3
ফারাক	3
ফারজানাকে	3
ফায়ারম্যান	3
ফায়ারপ্লেস	3
ফায়দা	3
ফান্ডস	3
ফাদারল্যান্ড	3
ফাটল	3
ফাওজুল	3
ফাউন্ডেশনে	3
ফাইলের	3
ফাইন্যান্সে	3
ফাইজুস	3
ফাঁসিতে	3
ফাঁদেই	3
ফাঁকেই	3
ফাঁক	3
ফলোয়িং	3
ফলদ	3
ফর্মেশনগুলো	3
ফর্মেশন	3
ফরোয়ার্ডে	3
ফরিদপুরবাসীর	3
ফয়জুল	3
ফন্টেইনব্লোর	3
ফটোশুটে	3
ফজলে	3
প্ল্যান্টগুলো	3
প্ল্যাটফর্মভিত্তিক	3
প্লেয়ারস	3
প্লেনামে	3
প্লাসে	3
প্রোফাইল	3
প্রোডাক্টিভিটি	3
প্রোটেকটিং	3
প্রিয়াঙ্কা	3
প্রিয়ন্ত	3
প্রিয়জন	3
প্রিমিয়ারের	3
প্রিমিয়ারে	3
প্রিন্টের	3
প্রাসঙ্গিকতার	3
প্রামানিক	3
প্রাপ্তিগুলো	3
প্রাপ্তবয়স্কদের	3
প্রান্ত	3
প্রাদেশিক	3
প্রাদুর্ভাবগুলোর	3
প্রাণে	3
প্রাণীসহ	3
প্রাণীগুলোও	3
প্রাণীকে	3
প্রাণসঞ্চার	3
প্রাণকেন্দ্র	3
প্রাচুর্য	3
প্রাচীনকালে	3
প্রাঙ্গণ	3
প্রাক্কলনের	3
প্রস্তুতিটা	3
প্রস্তাবটির	3
প্রস্তাবকে	3
প্রস্তর	3
প্রসূতিসেবা	3
প্রসারের	3
প্রশ্নেও	3
প্রশ্নটিই	3
প্রশাসককে	3
প্রলোভনে	3
প্রযুক্তিকে	3
প্রয়োজনী	3
প্রয়াস	3
প্রভাবশালীদের	3
প্রভাবযুক্ত	3
প্রবেশে	3
প্রবেশনারি	3
প্রবৃদ্ধির	3
প্রবীণের	3
প্রবীণরা	3
প্রবাহে	3
প্রফেশনাল	3
প্রফুল্লতা	3
প্রফিটিয়ার্সের	3
প্রধানত	3
প্রদেশজুড়ে	3
প্রথমভাগে	3
প্রত্যাবাসনের	3
প্রত্যাখ্যানের	3
প্রত্যয়ে	3
প্রত্যক্ষদর্শীরা	3
প্রতীকগুলো	3
প্রতিহত	3
প্রতিষ্ঠানপ্রধান	3
প্রতিশ্রুতিমতো	3
প্রতিরোধব্যবস্থায়	3
প্রতিরোধক্ষমতার	3
প্রতিরোধক	3
প্রতিরক্ষামূলক	3
প্রতিযোগিতাতেও	3
প্রতিমন্ত্রীর	3
প্রতিবেশীদের	3
প্রতিবেশি	3
প্রতিবেশ	3
প্রতিবছরই	3
প্রতিপালকের	3
প্রতিপালককে	3
প্রতিপালক	3
প্রতিপাদ্যকে	3
প্রতিনিধিত্বকারী	3
প্রতিনিধিত্ব	3
প্রতিদ্বন্দ্বীর	3
প্রতিটিতে	3
প্রতিক্রিয়ায়ই	3
প্রতারকদের	3
প্রতাপশঙ্কর	3
প্রণালিটি	3
প্রণয়নেরও	3
প্রজেক্টে	3
প্রজাতিসুলভ	3
প্রচ্ছদে	3
প্রচেষ্টায়	3
প্রচারে	3
প্রক্রিয়াটিকে	3
প্রক্রিয়াটা	3
প্রক্রিয়াজাত	3
প্রকৌশলীরা	3
প্রকৌশলীদের	3
প্রকৌশলীগণ	3
প্রকৌশলীকে	3
প্রকল্পকে	3
প্যারাগুয়েতে	3
প্যানিক	3
প্যাট্রিয়ট	3
প্যাটার্ন	3
পৌঁছেছেন	3
পৌঁছেছিলেন	3
পৌঁছেছিল	3
পৌঁছাবে	3
পৌঁছানোয়	3
পোস্টারটাই	3
পোস্টও	3
পোশাককর্মী	3
পোলিওসহ	3
পোলিওমুক্ত	3
পোর্ট্রে	3
পোর্টালের	3
পোর্টার	3
পোর্টফোলিওর	3
পোর্টফোলিওতে	3
পোপের	3
পোড়াতে	3
পৈতৃক	3
পেসারদের	3
পেশাদারিত্বের	3
পেরুতে	3
পেপারবয়	3
পেনারোল	3
পেনসিলভানিয়া	3
পেত	3
পেট্রোল	3
পেটালেন	3
পেজগুলো	3
পেজকে	3
পেইন্ট	3
পেঁয়াজের	3
পূর্বানুমেয়	3
পূর্বমুখী	3
পূর্বধলা	3
পূর্ত	3
পূর্ণসভায়	3
পুষিয়ে	3
পুরোদস্তুর	3
পুরাডাঙ্গি	3
পুরস্কারও	3
পুয়ের্তো	3
পুনর্ব্যবহার	3
পুনর্বিক্রির	3
পুনর্বাসনকে	3
পুনর্নির্মাণের	3
পুনরুত্থান	3
পুনঃখননের	3
পুত্রবধূ	3
পুতিন	3
পুড়িয়ে	3
পিরামিডগুলো	3
পিপলডটকম	3
পিন্টু	3
পিতৃভূমি	3
পিতামহী	3
পিতামহ	3
পিডিপি	3
পিছলে	3
পিচে	3
পিকআপটিতে	3
পিকআপটিকে	3
পিক	3
পিও	3
পিইটি	3
পাহাড়া	3
পাল্লাকে	3
পালামৌ	3
পালনও	3
পালকে	3
পার্সোনেল	3
পার্শ্বে	3
পার্কস	3
পারিয়ান	3
পারাপার	3
পারহিলিটান	3
পারসন	3
পারলারটিকে	3
পারফরমারদের	3
পারপাস	3
পারছিলাম	3
পায়না	3
পান্থপথের	3
পানীয়টি	3
পানশালাগুলোয়	3
পাননিতে	3
পাত্রী	3
পাড়ায়	3
পাড়ানো	3
পাঠিয়েছিলেন	3
পাঠাচ্ছিলেন	3
পাটভিত্তিক	3
পাটজাত	3
পাটক্ষেতে	3
পাঞ্জু	3
পাচ্ছিলেন	3
পাগলামিটা	3
পাখনা	3
পাকিস্তানেও	3
পাকিস্তানি	3
পাকিস্তানকে	3
পাওয়ামাত্রই	3
পাইছিলায়	3
পাঁচ্চর	3
পাঁচজনকে	3
পশ্চাৎপদ	3
পলিটি	3
পর্যালোচনায়	3
পর্যালোচনামূলক	3
পর্যালোচনাধীন	3
পর্যবেক্ষণের	3
পর্যবেক্ষকেরা	3
পর্যবেক্ষকের	3
পর্যবেক্ষকরা	3
পর্যটনকেন্দ্র	3
পর্চার	3
পরোপকারী	3
পরিস্থিতিকেই	3
পরিসর	3
পরিসমাপ্তি	3
পরিষদে	3
পরিশীলিতই	3
পরিয়ে	3
পরিমাণগত	3
পরিমণ্ডিত	3
পরিমণ্ডল	3
পরিবেশিত	3
পরিবেশবাদীরা	3
পরিবেশটাকে	3
পরিবারব্যবস্থায়	3
পরিবহনসংক্রান্ত	3
পরিবর্তনসহ	3
পরিবর্তনটি	3
পরিবর্তনকে	3
পরিতাপের	3
পরিণাম	3
পরিণতিতে	3
পরিণতিও	3
পরিজন	3
পরিচালনাকারীরা	3
পরিকল্পনাহীনভাবে	3
পরিকল্পনাহীনতা	3
পরিকল্পনায়ও	3
পরিকল্পনাধীন	3
পরামর্শদান	3
পরস্পরের	3
পরস্পরসম্পর্কিত	3
পরস্পরকে	3
পরকালের	3
পরকালকে	3
পয়ঃবর্জ্য	3
পবিত্রতার	3
পন্যবাহী	3
পদ্ধতিগত	3
পদেও	3
পদস্থ	3
পদটি	3
পদকপ্রাপ্ত	3
পদক	3
পথিমধ্যে	3
পথসভায়	3
পথশিশু	3
পথটি	3
পথগুলো	3
পত্রের	3
পত্রিকাকে	3
পতাকাওয়ালা	3
পণ্যক্ষতির	3
পড়ুক	3
পড়ত	3
পটকা	3
পঞ্জিকার	3
পঞ্চাশ	3
পঞ্চমুখ	3
পছন্দে	3
পঙ্গুত্ব	3
পক্ষেরই	3
পক্ষভুক্ত	3
পকেটের	3
ন্যায়ের	3
ন্যায়বিচারের	3
ন্যান্সি	3
ন্যাড়া	3
নৈতিকভাবে	3
নেশনস	3
নের	3
নেয়ামতের	3
নেমেছিলাম	3
নেপথ্য	3
নেতৃবৃন্দের	3
নেতৃত্বশূন্য	3
নেতৃত্বও	3
নেতারই	3
নেতাকেও	3
নেতাকর্মীসহ	3
নেড়েছে	3
নেট	3
নেচার	3
নেকি	3
নৃশংসতার	3
নূরের	3
নুরিয়া	3
নুরহাজান	3
নুরজাহান	3
নুনেজ	3
নুকুল	3
নীলনকশা	3
নীলক্ষেত	3
নীতিসহায়তা	3
নিসা	3
নিষ্কলুষ	3
নিষেধাজ্ঞাসহ	3
নিশ্চিতে	3
নির্মিতব্য	3
নির্মানের	3
নির্মাতার	3
নির্মমভাবে	3
নির্বিচারে	3
নির্বাহীগণ	3
নির্বাসনে	3
নির্বাচনপ্রক্রিয়া	3
নির্বাচনও	3
নির্দেশেই	3
নির্দেশও	3
নিরিখেও	3
নিরাপত্তাবলয়	3
নিরাপত্তাকাঠামো	3
নিরাপত্তাই	3
নিরসনের	3
নিয়োগসহ	3
নিয়েছিলাম	3
নিয়মমতে	3
নিয়মগুলো	3
নিয়ন্ত্রণকক্ষে	3
নিয়ন্ত্রণও	3
নিম্নকক্ষ	3
নিমেষে	3
নিমন্ত্রণপত্র	3
নিপীড়িতদের	3
নিপীড়ন	3
নিপাত	3
নিন্দার	3
নিদর্শনে	3
নিদর্শনগুলো	3
নিত্যপণ্য	3
নিজেরা	3
নিজেকেই	3
নিজার	3
নিজস্বতা	3
নিচতলাতেও	3
নিচতলা	3
নিকটতম	3
নিউরোসার্জনের	3
নিউমোনিয়া	3
নিউজফিডে	3
নিউইয়র্কে	3
নিঃসরণে	3
নিঃসঙ্গতার	3
নিঃসঙ্গতা	3
নিঃশ্বাস	3
নিঃশর্ত	3
নাসিওন	3
নালায়	3
নালাগুলো	3
নালন্দা	3
নারীশক্তির	3
নারীপ্রধানদের	3
নারীদেরও	3
নারায়ণহাট	3
নারকেলের	3
নায়করাজ	3
নাম্বার	3
নাম্বাটিও	3
নামো	3
নামানোসহ	3
নামটাও	3
নামকরা	3
নাবিল	3
নাফিজান	3
নাপা	3
নান্দনিকতার	3
নানি	3
নানাবাড়ি	3
নান	3
নাতনিসহ	3
নাতনিরা	3
নাড়ছেন	3
নাটোরের	3
নাজিরের	3
নাকফুল	3
নাওয়ার	3
নর্দমা	3
নর্থ	3
নরসিংদীতে	3
নরওয়েজীয়	3
নমনীয়তার	3
নভেম্বরের	3
নবীনের	3
নবাব	3
নবরূপে	3
নবযাত্রা	3
নব	3
নন্দী	3
নদীবন্দরগুলোর	3
নদীবন্দরকে	3
নদনদী	3
নথিভুক্ত	3
নথিদৃষ্টে	3
নড়িয়া	3
নট	3
নজরুলের	3
নজরদারিতে	3
নগদে	3
নগণ্য	3
নকীব	3
নকশাদার	3
নওশেরুজ্জামান	3
নওয়াপাড়া	3
ধ্বংসযজ্ঞ	3
ধোঁয়ার	3
ধৈর্যশীল	3
ধৃষ্টতা	3
ধূলিসাৎ	3
ধূলিকণা	3
ধূর্ত	3
ধুলোয়	3
ধীরেই	3
ধারাকে	3
ধারণারই	3
ধারণাগুলো	3
ধারণাই	3
ধারণকৃত	3
ধাপেই	3
ধাপকে	3
ধাক্কার	3
ধর্মনিরপেক্ষ	3
ধর্মঘটের	3
ধরানোর	3
ধরপাকড়ের	3
ধরনা	3
ধরনই	3
ধরতেই	3
ধন্যবাদও	3
ধনকুবের	3
দ্রব্যাদি	3
দ্বীপটিতে	3
দ্বিখণ্ডিত	3
দ্বন্দ্বটা	3
দৌড়ায়	3
দোয়ার	3
দোভাষী	3
দেশান্তরী	3
দেশনেত্রী	3
দেশটাকেও	3
দেশটাও	3
দেশজ	3
দেশগুলোয়ও	3
দেশগুলোয়	3
দেশগুলোও	3
দেয়ালজুড়ে	3
দেয়ালচিত্রের	3
দেয়ালও	3
দেবার	3
দেবতার	3
দেদার	3
দেড়েক	3
দেছছি	3
দেখাশোনাও	3
দেখলেন	3
দেখতেন	3
দেখতেও	3
দেখছিল	3
দেওয়ালে	3
দেইখা	3
দৃষ্টিভঙ্গিতে	3
দৃশ্যমানতার	3
দৃশ্যমানতা	3
দৃশ্যত	3
দূষণও	3
দূতাবাসের	3
দুসাহসিক	3
দুষ্প্রাপ্য	3
দুষ্টুমির	3
দুষ্টুমিতে	3
দুর্ভাগ্যজনকভাবে	3
দুর্বৃত্তের	3
দুর্বলতার	3
দুর্নীতিতে	3
দুর্দশায়	3
দুর্দশাগ্রস্ত	3
দুর্ঘটনাস্থল	3
দুর্ঘটনাকে	3
দুরে	3
দুরারোগ্য	3
দুয়া	3
দুজনেই	3
দুইটি	3
দুঃসময়ে	3
দীর্ঘসূত্রতা	3
দীপেন	3
দীপিকাও	3
দীক্ষিত	3
দিলা	3
দিয়েছেন৷	3
দিবসটি	3
দিনমজুররাও	3
দিনভিত্তিক	3
দিনগুলোয়	3
দিছে	3
দিঘীরপাড়	3
দিকে৫	3
দিকটি	3
দাহ্য	3
দাসত্ব	3
দাশগুপ্ত	3
দারিদ্র্যেরও	3
দারস্থ	3
দারফুরে	3
দায়িত্বহীনতার	3
দায়িত্বহীনতা	3
দায়ি	3
দায়বদ্ধতার	3
দামেই	3
দাবিকে	3
দাবানলে	3
দাবাড়ু	3
দানা	3
দাদিরাই	3
দাদিরা	3
দাদিদের	3
দাগে	3
দাগালোসহ	3
দাঁড়াবে	3
দশেক	3
দশটি	3
দশটা	3
দলেরও	3
দলিত	3
দলটিকে	3
দর্শককে	3
দরিদ্রতম	3
দরপত্রপ্রক্রিয়া	3
দরকষাকষির	3
দম্ভের	3
দম্পতিকে	3
দমনমূলক	3
দমনপীড়নে	3
দমননীতিরই	3
দম	3
দপ্তরকে	3
দত্তপাড়া	3
দণ্ডপ্রাপ্তদের	3
দখলদারির	3
দখলদারদের	3
দক্ষিণবঙ্গ	3
দক্ষতাভিত্তিক	3
দওপাড়া	3
থেরাপি	3
থুতনির	3
থিয়েটার	3
থিঙ্কট্যাংকের	3
থালা	3
থার্মোকলের	3
থাম্বনেইল	3
থামাথামি	3
থামলেও	3
থাবা	3
থানারোড	3
থাকুম	3
থাকাকালীন	3
থাকব	3
থলি	3
ত্রুটি	3
ত্রিপলের	3
ত্রিপক্ষীয়	3
ত্রাণকাজে	3
তৌহিদুজ্জামানের	3
তোলাটা	3
তোয়াছিন	3
তেহরানে	3
তেলে	3
তেলাওয়াত	3
তেজতুরীবাজার	3
তৃষ্ণার	3
তৃষ্ণা	3
তৃতীয়াংশকে	3
তৃণমূলের	3
তুলি	3
তুলাধোনা	3
তুলসী	3
তুললে	3
তুরান	3
তুচ্ছতাচ্ছিল্য	3
তুচ্ছ	3
তীব্রতার	3
তিলের	3
তাহিয়াতুল	3
তাসের	3
তাসনিমের	3
তালিকার	3
তারকাসহ	3
তারকাখ্যাতির	3
তারকাও	3
তারকাই	3
তায়জাল	3
তাবাতাবাইয়ের	3
তাপসি	3
তাদেরকে	3
তাড়া	3
তাজুল	3
তাজিয়া	3
তাজরি	3
তাগাদাকে	3
তাকিয়া	3
তাকাতাম	3
তাওয়াব	3
তলব	3
তরুণ্যের	3
তরফে	3
তরনীদাসসহ	3
তরঙ্গের	3
তরঙ্গগুলো	3
তরঙ্গকে	3
তরঙ্গও	3
তম	3
তফসিলেও	3
তফসিলীদের	3
তদন্তসংশ্লিষ্ট	3
তদন্তরের	3
তদন্তকারীরা	3
তদন্তকারীদের	3
তথ্যেরও	3
তথ্যব্যবস্থার	3
তত্ত্বাবধানের	3
তত্ত্বাবধান	3
তড়িৎ	3
তড়িঘড়ি	3
তটিনীও	3
ঢোকায়	3
ঢুকিয়ে	3
ঢালুন	3
ঢালারচর	3
ঢাকাস্থ	3
ঢাকতেই	3
ড্রোনের	3
ড্রোনটির	3
ড্রেসিংরুমে	3
ড্রিবলিংয়ে	3
ড্রামা	3
ডোমের	3
ডোনেশানের	3
ডোজ	3
ডেমরার	3
ডেনমার্কের	3
ডেটাবেস	3
ডেঞ্জারাস	3
ডেক	3
ডুলং	3
ডুবল	3
ডিসিসিআই	3
ডিলিজেন্স	3
ডিয়েগোকে	3
ডিভাইসের	3
ডিভাইডারের	3
ডিবিসহ	3
ডিফেন্ডারের	3
ডিফল্টভাবে	3
ডিফল্ট	3
ডিপিপি	3
ডিটারজেন্ট	3
ডিটক্স	3
ডিজাইনের	3
ডিজাইনারের	3
ডিগ্রির	3
ডিএসবি	3
ডিএমসি	3
ডিউ	3
ডিআর	3
ডালপালায়	3
ডালপালাগুলো	3
ডারউইনে	3
ডায়েরি	3
ডায়িং	3
ডায়মন্ডের	3
ডাচ	3
ডাগআউটের	3
ডাকের	3
ডাকে	3
ডাকটিকিট	3
ডাকছেন	3
ডাকঘর	3
ডাইনকিনী	3
ডলফিন	3
ডব্লিউএসইউপি	3
ডক্টরাল	3
ডকুমেন্ট	3
ঠোকার	3
ঠিকাদার	3
ট্র্যাপের	3
ট্রেসপাস	3
ট্রেডমার্ক	3
ট্রিপ	3
ট্রিটমেন্ট	3
ট্রাভিসের	3
ট্রাভিসকে	3
ট্রাবলস	3
ট্রানজিশনাল	3
ট্রাকটি	3
ট্রাইব্যুনালে	3
ট্রলি	3
ট্রলারডুবিতে	3
ট্রমা	3
ট্যুর	3
ট্যাবটিই	3
ট্যাব	3
ট্যাকলের	3
টোপ	3
টেনেহিঁচড়ে	3
টেট্রোডোটক্সিন	3
টেকনিক	3
টেইলরকে	3
টুডের	3
টুখেলের	3
টুইটারে	3
টুইট	3
টুংটাং	3
টিস্যুটা	3
টিস্যুই	3
টিসিসিসি	3
টিসিসিএফ	3
টিলা	3
টিটু	3
টিকিয়ে	3
টিকিটগুলোর	3
টিকায়া	3
টিকাকেন্দ্রে	3
টিকাকেন্দ্র	3
টিকাকে	3
টাস্কফোর্সের	3
টার্মিনালে	3
টার্ন	3
টাঙ্গনের	3
টাকাসহ	3
টাকারও	3
টাকাই	3
টাইলসে	3
টাইলস	3
টাইমসকে	3
টাইট	3
টাইগারকে	3
টাংগাইল	3
টা	3
টরে	3
টরন্টো	3
ঝুলিয়ে	3
ঝুলাব	3
ঝুলছিল	3
ঝুঁকিও	3
ঝিরিঝিরি	3
ঝালমুড়ি	3
ঝানু	3
ঝাড়বাতি	3
ঝরছে	3
জ্যাকম্যান	3
জ্বালানোর	3
জ্বালানিসংকট	3
জ্ঞানার্জনের	3
জ্ঞানভান্ডার	3
জ্ঞানকে	3
জোসী	3
জোসনা	3
জোরালোভাবেই	3
জোনাল	3
জোড়াপাম্প	3
জোটে	3
জোটসঙ্গীরা	3
জোটবদ্ধ	3
জোগাড়	3
জেলাসহ	3
জেলারই	3
জেলাব্যাপী	3
জেলাতেও	3
জেলাকে	3
জেলডোভিচের	3
জেলডোভিচ	3
জেরুজালেম	3
জেরিন	3
জেদি	3
জেতেন	3
জেতানোর	3
জেকেএন	3
জুলকার	3
জুমে	3
জুমারা	3
জুমা	3
জুনিয়র্স	3
জুড়ি	3
জুজু	3
জীর্ণ	3
জীবাণুবাহিত	3
জীবনধারাকে	3
জীবনদর্শনে	3
জীবনই	3
জীবজন্তু	3
জিহাদের	3
জিহাদি	3
জিলহজ	3
জিরাব	3
জিয়াউদ্দীন	3
জিমি	3
জিমনেশিয়াম	3
জিবে	3
জিবিগনিউ	3
জিনিসের	3
জিতেছিলেন	3
জিতিয়ে	3
জিকিরের	3
জিও	3
জিউলিয়ানি	3
জাহান্দার	3
জাহানের	3
জাহাজটিতে	3
জারে	3
জায়নবাদের	3
জায়গাটা	3
জামায়াতসহ	3
জাবির	3
জানাটা	3
জানাচ্ছিল	3
জানাক	3
জানপ্রাণ	3
জাদুকর	3
জাতিসঙ্ঘের	3
জাতিতেই	3
জাগ্রত	3
জাগিয়েও	3
জাগতিক	3
জাকার্তার	3
জাইদিকে	3
জাঁকজমক	3
জলোচ্ছ্বাস	3
জলীয়বাষ্পসমৃদ্ধ	3
জলবোমা	3
জলপথকে	3
জলঢাকা	3
জর্জিয়ায়	3
জর্জ	3
জয়ীর	3
জয়ীতা	3
জয়যুক্ত	3
জয়জয়কার	3
জম্মুতে	3
জমিনের	3
জমিনে	3
জমিটি	3
জমিটা	3
জমিগুলো	3
জমায়	3
জমান	3
জমলেও	3
জভেরেভকে	3
জবাবদিহিতা	3
জনেই	3
জনস্বাস্থ্যব্যবস্থা	3
জনস্বার্থবিরোধী	3
জনসেবাব্যবস্থা	3
জনসমাগমকে	3
জনসভা	3
জনসংখ্যাকে	3
জনস	3
জনশক্তিতে	3
জনমত	3
জনবসতি	3
জনবলঘাটতি	3
জনপ্রতিনিধিদেরই	3
জনপ্রতিনিধিদের	3
জনপদজুড়ে	3
জননন্দিত	3
জনতাকে	3
জড়ানোর	3
জগরণী	3
জগত	3
ছোলাবুট	3
ছোঁয়াও	3
ছোঁবে	3
ছেলেমেয়েরা	3
ছেলেদের	3
ছুটবেন	3
ছুঁয়েছিল	3
ছুঁয়ে	3
ছায়াবিতান	3
ছাত্রসংসদ	3
ছাত্রদের	3
ছাত্রদলসহ	3
ছাত্রজনতা	3
ছাড়ে	3
ছাড়াচ্ছেন	3
ছাড়ল	3
ছাড়পত্রের	3
ছাঁটা	3
ছাঁচে	3
ছত্রচ্ছায়ায়	3
ছড়িয়েও	3
ছড়ার	3
ছটফট	3
চ্যাম্পিয়নও	3
চোষা	3
চোরাইপথে	3
চোয়াল	3
চৈত্র	3
চেসবোর্ড	3
চেষ্টাই	3
চেলকোভস্কির	3
চেয়ারপারসন	3
চেম্বারসহ	3
চেফেরিন	3
চেঞ্জ	3
চেকে	3
চেকিং	3
চূড়ান্তভাবে	3
চুয়াডাঙ্গায়	3
চুম্বকীয়	3
চুন	3
চুক্তিভঙ্গের	3
চুক্তিটি	3
চুক্তিগুলো	3
চীফ	3
চিরস্থায়ীভাবে	3
চিরতরে	3
চিয়েনলুং	3
চিন্তাবিদেরাই	3
চিন্তন	3
চিনতাম	3
চিত্রা	3
চিত্রশালা	3
চিত্রনাট্যও	3
চিত্রটা	3
চিতাকে	3
চিকিৎসাযোগ্য	3
চিকিৎসাব্যবস্থার	3
চিকিৎসাজনিত	3
চিকিৎসাকে	3
চাহিদাও	3
চাষের	3
চাষাবাদ	3
চালাতেন	3
চার্নভিরাকুল	3
চারে	3
চারবার	3
চাবিকাঠি	3
চান্দরাসহ	3
চাদের	3
চাদরে	3
চাঞ্চল্যকর	3
চাকায়	3
চাকসু	3
চাকরী	3
চাইনিজ	3
চাইতেন	3
চাঁদাবাজিতে	3
চলেছিল	3
চলাফেরা	3
চললাম	3
চলছেন	3
চর্বি	3
চর্চায়	3
চরিত্রটা	3
চরিত্রগুলোকে	3
চরিত্রগত	3
চরমে	3
চরমপন্থী	3
চরমপন্থার	3
চরকিতে	3
চর	3
চবির	3
চন্দ্রা	3
চন্দ্রকে	3
চন্দনশহরের	3
চন্ডিপুর	3
চতুর্থাংশ	3
চটুল	3
চটকে	3
চক্রজালে	3
ঘোষণাসহ	3
ঘোষণাপত্রে	3
ঘোষণাপত্র	3
ঘোষণাকে	3
ঘোচাতে	3
ঘৃণাত্মক	3
ঘূর্ণনের	3
ঘূর্ণনবৈশিষ্ট্যযুক্ত	3
ঘুমানোর	3
ঘুমাতে	3
ঘুমাইতে	3
ঘাসগুলো	3
ঘামানোর	3
ঘাঁটাঘাঁটি	3
ঘরেও	3
ঘটাবে	3
ঘটকালিও	3
গ্লোবসহ	3
গ্লাসে	3
গ্রেফতারের	3
গ্রেফতারকৃত	3
গ্রেপ্তারকৃতদের	3
গ্রীষ্মে	3
গ্রিসে	3
গ্রিনিচ	3
গ্রিনল্যাব	3
গ্রামাঞ্চলের	3
গ্রহের	3
গ্রহন	3
গ্রন্থটি	3
গ্যাসসম্পদের	3
গ্যালাক্সি	3
গ্যাব্রিয়েল	3
গৌরিগ্রাম	3
গৌরশহরপুর	3
গোলার্ধের	3
গোলা	3
গোলমেলে	3
গোলদাতাও	3
গোলচত্বরে	3
গোয়িং	3
গোয়াইনঘাট	3
গোবিন্দপুর	3
গোপালপুরে	3
গোছানোর	3
গোছানো	3
গোছান	3
গেলেই	3
গেলহর্ন	3
গেজেট	3
গেইট	3
গৃহবন্দী	3
গৃহপালিত	3
গুরুত্বসহকারে	3
গুরুত্বর	3
গুরুজনদের	3
গুয়ায়াসামিনের	3
গুপ্ত	3
গুন	3
গুতেরেস	3
গুতিয়েরেস	3
গুড়সহ	3
গুজরাটের	3
গুছানোর	3
গুগলে	3
গুগলভিত্তিক	3
গুঁতো	3
গিলছে	3
গিয়েছে	3
গিডেন্স	3
গিটারের	3
গালে	3
গালিচার	3
গালিচা	3
গালফ	3
গালতুংয়ের	3
গার্ডসের	3
গার্ডস	3
গান্ধীকে	3
গাদাগাদি	3
গাড়িবহরে	3
গাছেও	3
গাউনে	3
গাঁজাসহ	3
গহ্বরে	3
গল্পটার	3
গলিতেও	3
গলফ	3
গলদঘর্ম	3
গর্ভবর্তী	3
গর্ভবতী	3
গর্তের	3
গরমজনিত	3
গভীরতায়	3
গভর্ন্যান্স	3
গভর্নরের	3
গবেষণাতেও	3
গবেষণাকেন্দ্রিক	3
গবেষকরা	3
গবাদিপশু	3
গণ্ডামারা	3
গণহত্যাকারী	3
গণমানুষের	3
গণবিস্ফোরণ	3
গণবিপ্লবের	3
গণতান্ত্রিকভাবে	3
গণতন্ত্রপন্থী	3
গড়ের	3
গড়িয়ে	3
গড়ি	3
গড়াতেই	3
গড়লেও	3
গড়বড়	3
গড়গড়িয়া	3
গঠনমূলক	3
গট	3
গজানোর	3
গজব	3
খ্রিষ্টাব্দের	3
খ্যাতিমান	3
খোশালপুর	3
খৈয়ম	3
খেসারত	3
খেলেছি	3
খেলতেন	3
খেলতেই	3
খেলতাম	3
খেলছ	3
খেতাব	3
খুপরিতে	3
খুজেস্তানের	3
খুঁটিয়ে	3
খুঁজতেছে	3
খুঁজতাম	3
খিলানযুক্ত	3
খিলক্ষেতে	3
খাসিয়াদের	3
খাসাব	3
খালপথ	3
খারিজসহ	3
খারিজও	3
খামিস	3
খাদ্যসামগ্রীর	3
খাদ্যসহ	3
খাদ্যপণ্য	3
খাদ্যতালিকায়	3
খাটবে	3
খাজার	3
খাজা	3
খাওয়ানো	3
খাইরুন	3
খাঁর	3
খসরুর	3
খসড়াও	3
খলনায়ক	3
খরচটা	3
খবরাখবরও	3
খবরাখবর	3
খবরটা	3
খনির	3
খনিজকে	3
খনি	3
খননকৃত	3
ক্ষুদে	3
ক্ষমার	3
ক্ষমতাসীনদের	3
ক্ষমতায়নে	3
ক্ষমতাবানেরা	3
ক্ষতিতে	3
ক্ষতিকারক	3
ক্লিনিকের	3
ক্লিনটনকে	3
ক্লিকবেইট	3
ক্লাস্টারে	3
ক্লাস্টার	3
ক্লাবটির	3
ক্লাউডভিত্তিক	3
ক্লাউড	3
ক্লদিও	3
ক্রোকারও	3
ক্রেডেনশিয়ালস	3
ক্রুকের	3
ক্রিসমাস	3
ক্রিস	3
ক্রিয়া	3
ক্রিকভিজ	3
ক্রয়ব্যবস্থার	3
ক্রয়চক্রে	3
ক্রমিক	3
ক্রটিপূর্ণ	3
ক্যাশ	3
ক্যারিবিয়ানে	3
ক্যাম্পেইনেও	3
ক্যাম্পাসজুড়ে	3
ক্যামেরুন	3
ক্যাপ্টেন	3
ক্যাপসুল	3
ক্যাথরিন	3
ক্যাটালিস্টে	3
ক্বাথ	3
কৌশলগুলো	3
কৌতূহলী	3
কোস্টগার্ডের	3
কোলার	3
কোলম্যান	3
কোর্সের	3
কোর্তোয়াকে	3
কোর্টকেও	3
কোরিয়া	3
কোরাল	3
কোয়ালিফিকেশনস	3
কোয়ান্টাম	3
কোভিডের	3
কোভিডকে	3
কোপা	3
কোনোমতেই	3
কোনোটাই	3
কোণ	3
কোডিংয়ের	3
কোড	3
কোটিপতিদের	3
কোটায়	3
কৈলশাপুর	3
কৈরী	3
কেলসির	3
কেয়ারিং	3
কেমিক্যাল	3
কেমব্রিজ	3
কেবলমাত্র	3
কেন্দ্রশাসিত	3
কেন্দ্রকে	3
কেনিয়ায়	3
কেনিয়া	3
কেথায়	3
কেডব্লিউএস	3
কেটেছিল	3
কৃষ্ণগহ্বর	3
কৃষিবান্ধবহীন	3
কৃষিজমিগুলো	3
কৃত্রিমতায়	3
কৃত্রিমতা	3
কুৎসায়	3
কুলোন	3
কুল	3
কুনমিংকে	3
কুতুবপুর	3
কুড়িয়েছেন	3
কুড়িয়েছে	3
কুড়ানোর	3
কুক্ষিগত	3
কুইন্সে	3
কীর্তিতে	3
কীওয়ার্ড	3
কিয়াজারান	3
কিয়াউকফিউ	3
কিমিয়াবিদরা	3
কিনেছিল	3
কিনেছি	3
কিনারাযুক্ত	3
কিনারায়	3
কিনারা	3
কিনলেও	3
কিনলাম	3
কিনবে	3
কিনছেন	3
কিনছে	3
কিথও	3
কিছুমাত্র	3
কিছুক্ষণের	3
কিউসি	3
কিউরির	3
কিউরি	3
কিংস	3
কাহলোর	3
কাস্ত্রো	3
কাশ্মীরে	3
কাশ্মীরিদের	3
কাশেম	3
কাশফিয়ার	3
কালীরহাটে	3
কালিতে	3
কালাদান	3
কালজয়ী	3
কালকের	3
কালকে	3
কার্ল	3
কার্যবিবরণীর	3
কার্যক্রমটি	3
কার্বারী	3
কার্পেট	3
কার্ডপ্রাপ্ত	3
কার্ডও	3
কারোর	3
কারেকশন	3
কারুকার্যময়	3
কারিগরদের	3
কারবালার	3
কারণের	3
কায়েমের	3
কায়রোর	3
কাম্পালার	3
কামিল	3
কামিকাজে	3
কামালের	3
কামালির	3
কামারুজ্জামান	3
কামাই	3
কামরুন	3
কামব্যাক	3
কামড়ের	3
কামড়ানোর	3
কাবু	3
কাবিলাও	3
কাপুরুষোচিত	3
কাপল	3
কাপড়ের	3
কাপড়িয়াপট্টি	3
কাথারিয়া	3
কাতালগঞ্জ	3
কাতারি	3
কাতারজুড়ে	3
কাঠ	3
কাটিংয়ের	3
কাটায়	3
কাটাকাটির	3
কাজীপাড়াসহ	3
কাজলরেখা	3
কাছাকাছিও	3
কাচে	3
কাগজপত্রও	3
কাকরাইল	3
কাউন্টারকে	3
কাউন্টার	3
কাইপা	3
কাঁদছিলেন	3
কাঁদছিলাম	3
কাঁটাটি	3
কাঁটাওয়ালা	3
কসাই	3
কসবা	3
কষাকষি	3
কল্যাণদীঘি	3
কল্পনাও	3
কল্কি	3
কলে	3
কলারের	3
কলার	3
কলাম্বিয়া	3
কলাবাগানের	3
কলকাঠি	3
কলকাকলি	3
কর্মীকে	3
কর্মসূচিগুলোর	3
কর্মসূচিগুলো	3
কর্মসংস্থানে	3
কর্মসংস্থানকে	3
কর্মব্যস্ততায়	3
কর্মব্যবস্থা	3
কর্মবিরতির	3
কর্মবিরতিতে	3
কর্মবাস্তবায়নে	3
কর্মপরিষদ	3
কর্মপরিকল্পনা	3
কর্মঘণ্টার	3
কর্পোরেশনে	3
কর্তৃপক্ষে	3
কর্তৃত্বকে	3
কর্তাব্যক্তিরাও	3
কর্ডএইড	3
করেছেনও	3
করেছিলে	3
করুণা	3
করিডোর	3
করমজাসহ	3
করবোঝা	3
করতালিতে	3
করছিলাম	3
করছাড়ের	3
কযেকদিনের	3
কয়েকশ	3
কম্পিউটিং	3
কম্পনে	3
কমেডির	3
কমার্শিয়াল	3
কমলে	3
কমফোর্টেবল	3
কবরেই	3
কবজিতে	3
কপাল	3
কন্যার	3
কন্যাদান	3
কন্টাক্ট	3
কনুইয়ের	3
কনি	3
কনর	3
কনমেবল	3
কনফারেন্সের	3
কনটিনিউটি	3
কনকাশনেও	3
কনকাকাফ	3
কদিন	3
কথাগুলোর	3
কতদূর	3
কতজন	3
কতগুলো	3
কণার	3
কণাটি	3
কঠোরতা	3
কচ্ছপ	3
কঙ্কালে	3
কক্ষগুলো	3
কক্ষ	3
কউিআর	3
ঔদ্ধত্য	3
ওহাব	3
ওসিকে	3
ওসভালদো	3
ওষুধে	3
ওশেনিয়া	3
ওয়্যারলেস	3
ওয়েস্ট	3
ওয়েবফিল্ম	3
ওয়েপনাইজড	3
ওয়েইন	3
ওয়াহাব	3
ওয়াহহাব	3
ওয়াশিংটনে	3
ওয়ালী	3
ওয়ালা	3
ওয়ার্ল্ডফিশ	3
ওয়ারটন	3
ওয়ানের	3
ওয়াইভস	3
ওয়াইডব্লিউসিএ	3
ওমরের	3
ওমদা	3
ওদল	3
ঐদিন	3
ঐকান্তিক	3
এ৬	3
এ৩২০	3
এসেছ	3
এসবও	3
এসবই	3
এসডিজি	3
এসএমসি	3
এসআরএইচআর	3
এলিভেটেড	3
এলিজাবেথের	3
এলাকাসহ	3
এলবিট	3
এরোপ্লেনের	3
এরোপ্লেন	3
এরিক	3
এরশাদ	3
এরফলে	3
এরপরেই	3
এরও	3
এয়ারলাইন	3
এয়ারবাসের	3
এয়ারবাস	3
এয়ারফোর্স	3
এমিউজমেন্ট	3
এমি	3
এমপিকে	3
এমনিতেই	3
এমনও	3
এমকে	3
এমএজি	3
এভিডেন্স	3
এবারো	3
এবারও	3
এফবিসিআইয়ের	3
এফবিআইয়ের	3
এফবিআই	3
এফটিএস	3
এফএএ	3
এপার	3
এনায়েতের	3
এনায়েতুর	3
এনসাইক্লোপিডিয়া	3
এনডিটিভির	3
এনজিওগুলোর	3
এনএসএস	3
এদুটি	3
এদল	3
এথেন্সকে	3
এতেই	3
এতথ্য	3
এতক্ষণে	3
এডুকেশনের	3
এডির	3
এডিপিভুক্ত	3
এটাতে	3
এজেন্ডায়	3
এজেন্ডাগুলোর	3
এজেন্টদের	3
এঘটনাটি	3
এখনে	3
এখনকার	3
এক্সিট	3
এক্সিকিউটির	3
এক্ষেত্রে	3
একেকজনকে	3
একেক	3
একাধিকার	3
একাকিত্ব	3
একাউন্টে	3
একশব্দে	3
একপার্শ্বে	3
একপক্ষীয়	3
একনায়কতান্ত্রিক	3
একনায়কতন্ত্র	3
একদেহ	3
একতরফাভাবে	3
একচেটিয়া	3
একঘেয়েমি	3
এএসআই	3
এইরেসে	3
এইবার	3
এইড	3
এইচআরডব্লিউর	3
এইউএফের	3
এআইভিত্তিক	3
এংকোরেজ	3
উৎসাহের	3
উৎসাহে	3
উৎসাহী	3
উৎক্ষেপক	3
উৎকর্ষতা	3
উসমানীর	3
উল্লেখযোগ্যসংখ্যক	3
উল্লা	3
উলফের	3
উমেদারি	3
উভয়পক্ষের	3
উভয়কেই	3
উপাত্তের	3
উপাত্তও	3
উপস্থিতিতেই	3
উপস্থিতিও	3
উপস্থাপিকা	3
উপসাগরকে	3
উপরের	3
উপরিভাগে	3
উপভোগও	3
উপন্যাস	3
উপনিবেশবাদের	3
উপনিবেশ	3
উপদ্বীপীয়	3
উপদেষ্টারা	3
উপদলের	3
উপদলীয়	3
উপদল	3
উপজেল	3
উপগোষ্ঠী	3
উপকূলসহ	3
উপকরণের	3
উপকণ্ঠে	3
উন্মত্ত	3
উন্নয়নই	3
উন্নতমানের	3
উদ্যোগগুলোর	3
উদ্যাপনও	3
উদ্যানে	3
উদ্যান	3
উদ্ভিদ	3
উদ্ধারকেন্দ্র	3
উদ্ধারকৃতদের	3
উদ্ধারকর্মীরা	3
উদ্দেশ্যহীনভাবে	3
উদাহারণ	3
উদয়	3
উত্থানের	3
উত্থানকে	3
উত্তারাপশ্চিম	3
উত্তরাধিকারের	3
উত্তরবঙ্গ	3
উত্তরপাড়	3
উঠতেই	3
উঠত	3
উজানে	3
উচনা	3
উকিল	3
উইম্বলডনে	3
উইদাউট	3
উইকেন্ডে	3
উইকেট	3
উইকলি	3
উই	3
ঈষৎ	3
ঈশ্বরের	3
ইসাবেলা	3
ইসলামীও	3
ইসলামাবাদে	3
ইসলামসহ	3
ইসলামপুরে	3
ইসরায়েলিরা	3
ইসরাইলকে	3
ইশারায়	3
ইলোইলো	3
ইলেকট্রিক	3
ইলিয়াস	3
ইলশা	3
ইরেজড	3
ইরানিদেরই	3
ইরাকজুড়ে	3
ইরাকও	3
ইরনাকে	3
ইয়াসমীন	3
ইয়াছিন	3
ইমিউনোথেরাপি	3
ইমানকে	3
ইভানা	3
ইভা	3
ইবাদতের	3
ইন্সুইরেন্স	3
ইন্দ্রামায়ু	3
ইন্দোনেশিয়াতেও	3
ইন্দিরা	3
ইন্ডিকেটর	3
ইন্ডাস্ট্রিতে	3
ইন্ডাস্ট্রি	3
ইন্টারেক্টিভ	3
ইন্টারভেনার	3
ইন্টারপোলের	3
ইন্টারনাসিওনালে	3
ইন্টারটেইনমেন্ট	3
ইন্টারচেঞ্জ	3
ইনিশিয়াল	3
ইনিংস	3
ইনস্টাগ্রামকে	3
ইনশা	3
ইনল্যান্ড	3
ইনভ্যাসিভ	3
ইনভেস্টমেন্ট	3
ইনকাদের	3
ইনকাতে	3
ইদানীং	3
ইতিহাসকে	3
ইজিবাইকের	3
ইজিবাইকটির	3
ইজিবাইকচালককে	3
ইজিবাইকচালক	3
ইছা	3
ইকোফিশ	3
ইকোনমিক	3
ইকোনমি	3
ইএসআরএম	3
ইএএসএ	3
ইউহান	3
ইউরোপভিত্তিক	3
ইউরেশীয়	3
ইউনেসকো	3
ইউনিসেফসহ	3
ইউনিলিভারে	3
ইউনিলিভার	3
ইউনিয়নসহ	3
ইউনিয়নভুক্ত	3
ইউনিভার্সের	3
ইউনিফায়েড	3
ইউনান	3
ইউটিউবের	3
ইউটিউবেই	3
ইউটিউবকে	3
ইউজার	3
ইউএনএইচসিআর	3
ইইউর	3
ইইউভুক্ত	3
ইংরেজির	3
আহল	3
আহভাজ	3
আহবায়ক	3
আস্ফালন	3
আস্থাকেও	3
আস্তাগফিরুল্লাহ	3
আসিয়ানভুক্ত	3
আসায়েব	3
আসাদুল	3
আসাদগেটে	3
আসরও	3
আসমান	3
আসছেতো	3
আসক্তিতে	3
আশ্রয়স্থলে	3
আশ্রয়কেন্দ্রগুলোতে	3
আশ্বাসে	3
আশেপাশে	3
আশুলিয়া	3
আশারক	3
আশরাফীর	3
আশফাকুল	3
আশঙ্কার	3
আল্লামা	3
আলোও	3
আলেমের	3
আলেকসান্দার	3
আলেকসান্ডার	3
আলুসহ	3
আলিফ	3
আলিপুর	3
আলিও	3
আলাল	3
আলামত	3
আলাপচারিতায়	3
আলাইনা	3
আলহাজ	3
আলমেরিয়ার	3
আলমও	3
আলবিসেলেস্তেদের	3
আলফাজ	3
আলটিমেটাম	3
আলজেরিয়ান	3
আর্সেন	3
আর্মেনিয়ায়	3
আর্মির	3
আর্দ্রতায়	3
আর্টিলারি	3
আর্জেন্টিনাও	3
আরোহী	3
আরামবাড়িয়া	3
আরাকান	3
আরবানের	3
আরবদের	3
আয়করও	3
আম্মুকে	3
আমেরিকাসহ	3
আমূল	3
আমিনপুর	3
আমবাগানে	3
আমতলা	3
আমকে	3
আভিজাত্য়	3
আভিজাত্য	3
আবেগে	3
আবেগময়	3
আবেগনির্ভর	3
আবুজারের	3
আবুজারকে	3
আবিস্কার	3
আবাসনে	3
আবাদে	3
আবাদ	3
আবাকারকে	3
আবহকে	3
আবর্জনাযুক্ত	3
আবর্জনায়	3
আববাস	3
আবদেলরহিম	3
আবদুত	3
আবদার	3
আবতাহি	3
আবছা	3
আফ্রিকাবিষয়ক	3
আফ্রিকাতে	3
আফসানা	3
আপেল	3
আপিলগুলো	3
আপনিই	3
আপদে	3
আপত্তিগুলোর	3
আন্দ্রেস	3
আন্দোলনেরই	3
আন্দোলনেই	3
আন্দোলনকে	3
আন্তঃবিভাগীয়	3
আনোয়ারার	3
আনেননি	3
আনুষঙ্গিক	3
আনসারী	3
আনলো	3
আনলক	3
আনফ্রেন্ড	3
আনফলো	3
আনডুয়িং	3
আধুনিকায়নে	3
আধিপত্যকে	3
আদিবাসীর	3
আদিবাসীবিষয়ক	3
আদায়কে	3
আদাবর	3
আদতে	3
আত্মীয়দের	3
আত্মীয়তা	3
আত্মরক্ষার	3
আত্মবিশ্বাসে	3
আত্মবিশ্বাসী	3
আত্মজিজ্ঞাসা	3
আত্ম	3
আতিকুর	3
আতিক	3
আড়াআড়ি	3
আড়ম্বরের	3
আড়তেই	3
আটলান্টিক	3
আটলান্টাভিত্তিক	3
আটজন	3
আটককৃতরা	3
আজিজুল	3
আজমের	3
আজমালুল	3
আজগর	3
আছিয়ার	3
আচ্ছা	3
আচারের	3
আচমকা	3
আঙুলটা	3
আঘাতজনিত	3
আগ্রাসনে	3
আগ্রহও	3
আগ্নেয়াস্ত্র	3
আগামীতেও	3
আগাছা	3
আগা	3
আগস্টকে	3
আগতদের	3
আখেরাতের	3
আখেরাত	3
আক্রান্তদের	3
আক্রমণাত্মক	3
আক্রমণকে	3
আক্তারসহ	3
আক্কেল	3
আকাশসীমা	3
আকাশসম	3
আকাশচুম্বী	3
আকাঙ্ক্ষায়	3
আকনের	3
আওসাতের	3
আওয়ামীপন্থী	3
আওদিআ	3
আওতাপাড়া	3
আওতাতেও	3
আউটকাম	3
আইসোলেশন	3
আইসিডি	3
আইয়ুবী	3
আইবিআরপিডি	3
আইনপ্রণেতা	3
আইনজ্ঞরা	3
আইনজ্ঞ	3
আইনকে	3
আইকনের	3
আইএসএনএকে	3
আইইডিসিআর	3
আইইউসিএন	3
আইআরজিসিও	3
আইআরএনএর	3
আইআরএনএ	3
আংশিকভাবে	3
আংটিও	3
আঁশও	3
আঁচল	3
অ্যালার্ম	3
অ্যালকোহলিক	3
অ্যালকালাইন	3
অ্যারিসের	3
অ্যাপ্রেনটিস	3
অ্যাপোনিয়ার	3
অ্যাপারেল	3
অ্যান্টিভ্যাকসিন	3
অ্যানালিটিক্স	3
অ্যানালিটিকস	3
অ্যানালাইসিস	3
অ্যাডোলেসেন্স	3
অ্যাডিশনাল	3
অ্যাটলেটিকো	3
অ্যাটলি	3
অ্যাঙ্গোলা	3
অ্যাগ্রিকালচার	3
অ্যাকুরিয়ামের	3
অ্যাকানথুরিডি	3
অ্যাকানথুরাস	3
অ্যাকাডেমি	3
অ্যাংকরেজ	3
অহেতুক	3
অসৎকর্ম	3
অস্থিরতায়	3
অস্থির	3
অস্থাবর	3
অস্তিত্বই	3
অস্ট্রেলিয়াতে	3
অস্ট্রিয়ায়	3
অসুখের	3
অসহযোগিতাকেও	3
অসহনশীল	3
অসম্পূর্ণই	3
অসময়ে	3
অসংক্রামক	3
অলঙ্কারের	3
অলঙ্কার	3
অর্ধচন্দ্রাকার	3
অর্ধকোটি	3
অর্থসংকট	3
অর্থমন্ত্রীকে	3
অর্থনীতিবিদরা	3
অর্থনীতিকে	3
অর্ডিনেশন	3
অর্ডিনেটর	3
অর্ডটা	3
অরেঞ্জ	3
অরুণিমা	3
অরিয়ান	3
অরণ্যে	3
অরজয়ী	3
অরক্ষিত	3
অযোগ্যতা	3
অযাচিত	3
অমান্যের	3
অমানবিক	3
অমর্ত্য	3
অভ্যাসের	3
অভ্যাসটি	3
অভ্যাসটা	3
অভ্যর্থনায়	3
অভিসন্ধিই	3
অভিষেকে	3
অভিযোগটি	3
অভিযোগগুলো	3
অভিভাবকেরাও	3
অভিভাবকরাও	3
অভিভাবকও	3
অভিবাদনে	3
অভিনেত্রীকে	3
অভিনেতাদেরও	3
অভিনয়েই	3
অভিনয়ই	3
অভিনন্দনের	3
অভিজ্ঞদের	3
অভিজ্ঞতালব্ধ	3
অব্যবস্থাপনাপূর্ণ	3
অব্যবস্থা	3
অবিশ্বাসের	3
অবহেলাজনিত	3
অবহেলাকেই	3
অবস্থানপত্রও	3
অবস্থানকেই	3
অবস্থানকে	3
অবস্থাতেই	3
অবস্থাও	3
অবসাদের	3
অবসরের	3
অবলোপন	3
অবলিগেশন	3
অবমূল্যায়ন	3
অবক্ষয়েরও	3
অবকাশের	3
অবকাঠামোয়	3
অফেন্ডার	3
অপ্রীতিকর	3
অপ্রিয়	3
অপ্রাপ্যতা	3
অপ্রতিদ্বন্দ্বী	3
অপ্রকাশিত	3
অপুষ্টিও	3
অপারেশনের	3
অপশক্তি	3
অপতথ্যকে	3
অপটিকস	3
অন্যন্য	3
অন্যটা	3
অন্যজনের	3
অন্বেষণ	3
অন্ধত্বেরও	3
অন্দরসজ্জা	3
অন্ত্যেষ্টিক্রিয়াসহ	3
অন্ত্যেষ্টিক্রিয়া	3
অনেকগুণ	3
অনূর্ধ্ব	3
অনুসৃত	3
অনুসারীই	3
অনুষ্ঠানেও	3
অনুষ্ঠানকে	3
অনুষ্ঠানই	3
অনুষ্টিত	3
অনুরোধে	3
অনুরূপ	3
অনুরাগের	3
অনুরাগীরা	3
অনুযায়ীই	3
অনুদানের	3
অনুতিন	3
অনুচ্ছেদও	3
অনুগ্রহ	3
অনুগত	3
অনীহার	3
অনির্বাণ	3
অনারারি	3
অনাবৃষ্টির	3
অনর্থক	3
অধীনস্থ	3
অধিকাংশেরই	3
অধিকাংশের	3
অদূরে	3
অতীব	3
অতিবৃষ্টিতে	3
অতিবাহিত	3
অতিপ্রাকৃত	3
অতিথিদের	3
অতিক্রমের	3
অতল	3
অডিটের	3
অটোগ্রাফের	3
অটোগ্রাফটা	3
অটোগ্রাফও	3
অটোগ্রাফই	3
অঞ্চলভেদে	3
অঞ্চলটিতে	3
অঞ্চলগুলোতে	3
অজ্ঞান	3
অজ্ঞ	3
অজুনের	3
অচিকিৎসাযোগ্য	3
অঙ্গীকারবদ্ধ	3
অঙ্গরাজ্যে	3
অঙ্গরাজ্যগুলো	3
অঘটন	3
অগ্রাধিকারে	3
অগ্রগতিসহ	3
অগ্নিকাণ্ডকে	3
অক্ষরে	3
অকেজো	3
অকৃতজ্ঞ	3
অকার্যকর	3
অকপটে	3
অকপট	3
অকটেন	3
অংশবিশেষ	3
অংশজুড়ে	3
৯৯৮	2
৯৮৬	2
৯০২	2
৮৯টি	2
৮৮৭৮	2
৮৮৪	2
৮৬৭	2
৮৫৩	2
৮৫১	2
৮৪৪	2
৮৪০৫	2
৮৩১২৩	2
৮৩	2
৮১৭	2
৮টার	2
৭৬৫টি	2
৭৫৮	2
৭২৫টি	2
৭১৮	2
৭০৬	2
৬৯২	2
৬৮৭	2
৬৪৫০	2
৬৪০	2
৬৩৮	2
৬২৯টি	2
৬২৯	2
৬১৮	2
৬টায়	2
৫৯৬	2
৫৬৮	2
৫৬৭	2
৫৩২	2
৫১৬	2
৫১১০	2
৫১১	2
৪৭৭	2
৪৪২	2
৪৩৮	2
৪৩৪	2
৪২৯	2
৪২৫৫	2
৪২৫	2
৪২তম	2
৪১৭	2
৪১০৫৪৫১২	2
৪১০৫৪৫১১	2
৪১০৫৪৫০৫	2
৪র্থ	2
৩৯০	2
৩৮৯৩	2
৩৬৮৪	2
৩৬৮	2
৩৫৪	2
৩৫টি	2
৩৪৮	2
৩৩১৫৪	2
৩৩১	2
৩১৪	2
২৯৮২	2
২৯০২	2
২৮৩	2
২৭৬টি	2
২৬৯	2
২৬৫	2
২৫৯	2
২৫৫টি	2
২৫৪	2
২৫২টিরই	2
২৫১ডিএনসিসির	2
২৪১	2
২৩৭	2
২৩তম	2
২২৬০	2
২২৩	2
২২১৩	2
২২০টি	2
২০টিই	2
১৯৮৪	2
১৯৭৯	2
১৯৫৯	2
১৯৩৪	2
১৯১	2
১৯০	2
১৮৯	2
১৮৮৬	2
১৮৬২	2
১৮৬টি	2
১৭২	2
১৬০১	2
১৫৯	2
১৫২৭	2
১৫২৩	2
১৫১৩২	2
১৫০৭	2
১৫০০	2
১৫০টি	2
১৪৫টি	2
১৪০০	2
১৩৬টি	2
১৩৫তম	2
১৩১৩০	2
১২৭	2
১২৪	2
১২১	2
১১৬	2
১০৮	2
১০৩	2
১০০০	2
০১০০৫	2
্যেকের	2
্যাবের	2
্যাপিড	2
্যাপসোডি	2
্যাঙ্কিং	2
্যাকটিস	2
্যর্থ	2
্ঞান	2
ের	2
ুষ্ঠিত	2
ীদের	2
াই	2
হ্যান্ডসেট	2
হ্যান্ডলিং	2
হ্যান্ডওয়াশ	2
হ্যাট	2
হ্যাকারদের	2
হ্যাকড	2
হ্যাক	2
হোস্টেল	2
হোসেনও	2
হোতাদের	2
হেসেছে	2
হেরেছি	2
হেরফেরে	2
হেনতিয়ান	2
হুদা	2
হীরের	2
হিসাবসহ	2
হিলের	2
হিলির	2
হিরো	2
হিমশিম	2
হিন্দুরাও	2
হিউম্যানয়েড	2
হাস্যরসাত্মকভাবে	2
হাসিমুখেই	2
হাসিভরা	2
হাসিটা	2
হাসপাতালসহ	2
হাসপাতালটি	2
হাসপাতালকে	2
হাশিমপুর	2
হালদার	2
হালকাভাবে	2
হারালেন	2
হারালেও	2
হারান	2
হারাচ্ছিলাম	2
হারবাল	2
হায়দারের	2
হামলাকারী	2
হাবিপ্রবি	2
হাবগুলো	2
হাফেজিয়া	2
হানুক্কা	2
হানিমুন	2
হাতেও	2
হাতীবান্ধায়	2
হাতিরঝিলের	2
হাতটি	2
হাতই	2
হাড়েও	2
হাড়িয়াকোনা	2
হাঠাৎ	2
হাটহাজারীতে	2
হাকিম	2
হাক	2
হাওলাদারের	2
হাওলা	2
হাওরে	2
হাওয়ার	2
হাইপারক্যাপনিয়ায়	2
হাইড্রেট	2
হাঁটছেন	2
হলিউডসহ	2
হরেক	2
হরিলুট	2
হরমুজকে	2
হযরত	2
হজে	2
হজযাত্রীদের	2
হজমশক্তি	2
স্লোগানকে	2
স্লাম	2
স্লট	2
স্যারকে	2
স্যানিটেশনসহ	2
স্যাচুরেটেড	2
স্মৃতিস্তম্ভ	2
স্মৃতিশক্তির	2
স্ভিরিদেনকোর	2
স্ভিরিদেনকো	2
স্বেচ্ছাসেবীদের	2
স্বেচ্ছাসেবকদের	2
স্বাস্থ্যবান	2
স্বাস্থ্যঝুঁকির	2
স্বাস্থ্যখাতের	2
স্বাস্থ্যকেন্দ্রের	2
স্বাস্থ্যকেও	2
স্বাস্থ্যকথা	2
স্বাভাবিকতাকে	2
স্বাধীনতায়	2
স্বাদকে	2
স্বাচ্ছন্দ্যে	2
স্বস্তিদায়ক	2
স্বর্ণালঙ্কারের	2
স্বরাষ্ট্রমন্ত্রীও	2
স্বয়ংক্রিয়	2
স্বমহিমায়	2
স্বপ্নভঙ্গ	2
স্বপ্নদোষ	2
স্প্র্যাটও	2
স্পাইডারক্যামের	2
স্পন্সরশিপ	2
স্ন্যাক্স	2
স্থূলতা	2
স্থলবাহিনীর	2
স্থবিরতা	2
স্তরও	2
স্ট্রিটওয়্যার	2
স্ট্রাটেজিতেই	2
স্ট্রাটেজি	2
স্ট্রাইকারকে	2
স্টেশনসহ	2
স্টেশনমাস্টারের	2
স্টেডিয়ামকে	2
স্টেকহোল্ডারদের	2
স্টিল	2
স্ক্রু	2
স্কোরিং	2
স্কিল	2
সৌদিপ্রবাসী	2
সোহেলে	2
সোসাইটির	2
সোমেশ্বরী	2
সোনারগাঁওয়ের	2
সোনাভানই	2
সোনাবান	2
সেলিব্রিটিস	2
সেলাঙ্গরও	2
সেলসোর	2
সেলফ	2
সেবাস্তিয়ান	2
সেবাযত্ন	2
সেফাতুল্লাহর	2
সেন্সর	2
সেনাপ্রধান	2
সেদিকই	2
সেটলার	2
সেগুলোয়	2
সেগুলোই	2
সেগুলা	2
সেক্টরে	2
সৃষ্টে	2
সৃজনশীলতার	2
সূত্রটির	2
সূতিকাগার	2
সূচিতে	2
সূচনালগ্ন	2
সুস্বাস্থ্যের	2
সুশিক্ষিত	2
সুরেশ	2
সুরের	2
সুরে	2
সুযোগরেশম	2
সুয়াবিল	2
সুবিবেচনাপ্রসূত	2
সুফিয়ান	2
সুপারের	2
সুদীপ্ত	2
সুজিত	2
সুচিহ্নিত	2
সুচিকিৎসা	2
সুগন্ধে	2
সুগন্ধা	2
সুকুক	2
সুইট	2
সুইজাল্যান্ডের	2
সীমান্তের	2
সীতাকুণ্ডে	2
সিসিটিসি	2
সিলিন্ডার	2
সিরিয়াকে	2
সিরাজুল	2
সিমেন্টের	2
সিমুলেশন	2
সিমাগো	2
সিভিকে	2
সিনেফ্রেম	2
সিনহার	2
সিদ্ধান্তই	2
সিদ্দিকা	2
সিঙ্গার	2
সিঙ্গাপুরের	2
সিগারেট	2
সিক্স	2
সিএস	2
সিএপিএম	2
সিএনএন	2
সিইটিএল	2
সিইওদের	2
সিইওকে	2
সিংহাসনের	2
সিংহম	2
সিংয়ের	2
সালেমে	2
সালেই	2
সার্বিকভাবে	2
সার্বক্ষ	2
সার্কিট	2
সারিকা	2
সারফেস	2
সারওয়ারকে	2
সামিয়া	2
সামলান	2
সামলাতেও	2
সাবস্ক্রিপশনে	2
সাবমেনু	2
সাপ্লাই	2
সাপোর্টও	2
সাপসহ	2
সানুর	2
সানী	2
সানিয়া	2
সাধনায়	2
সাত্তার	2
সাটিন	2
সাজু	2
সাক্ষাতে	2
সাক্ষা	2
সাকিবুল	2
সাউথইস্ট	2
সাইফের	2
সাইট্রিক	2
সাইকেলের	2
সাংহাইয়ের	2
সাংবাদিকেরা	2
সাংবাদিকরা	2
সহিংস	2
সহানুভূতিশীল	2
সহযোগিতাও	2
সহয়তায়	2
সহজলভ্যতার	2
সহজলভ্যতা	2
সহচরে	2
সহকর্মীও	2
সলিউশন	2
সর্ম্পকে	2
সর্বাত্মকভাবে	2
সর্দি	2
সরোবর	2
সরাইলের	2
সরবরাহসহ	2
সরকা	2
সম্মিলিতভাবে	2
সম্মতির	2
সম্পূরক	2
সম্পাদকের	2
সম্পর্কেও	2
সম্পদেও	2
সম্পত্তির	2
সম্পত্তিও	2
সম্প	2
সমুদ্রসৈকত	2
সমুদ্রযাত্রা	2
সমস্যাও	2
সমর্থনের	2
সমর্থকরাই	2
সমর্থককে	2
সমর্থ	2
সমতাঘাট	2
সম	2
সভ্য	2
সভাপ	2
সবকিছুতে	2
সফরসঙ্গীদের	2
সন্ধ্যাকূড়া	2
সন্ধানী	2
সন্তানকেও	2
সন্তানও	2
সদস্যও	2
সদকা	2
সত্তাটিকে	2
সড়কও	2
সঞ্চালক	2
সঞ্চয়ও	2
সজ্জিত	2
সজিব	2
সচেতনতার	2
সঙ্গীত	2
সক্ষমতাও	2
সক্রিয়ভাবে	2
সংস্থাগুলোকে	2
সংস্করণটি	2
সংগঠনগুলোর	2
সং	2
ষাঁড়	2
ষষ্ঠের	2
শ্রেয়	2
শ্রীবরদী	2
শ্রাবণের	2
শ্রাগটিতে	2
শ্রাগ	2
শ্রমজীবীদের	2
শ্যানেলসহ	2
শ্বশুরবাড়ির	2
শৌচাগারের	2
শোনেই	2
শোতে	2
শেষমেষ	2
শেড	2
শেঠির	2
শেখান	2
শুষ্কতা	2
শুরুটাই	2
শুক্রাবাদ	2
শীষ	2
শীতকালেও	2
শিষ্য	2
শিশুস্বাস্থ্য	2
শিশুটি	2
শিল্পীরা	2
শিল্পীদেরও	2
শিল্পীকে	2
শিল্পমাধ্যমের	2
শিল্পমাধ্যম	2
শিরীন	2
শিরানের	2
শিয়ামেনে	2
শিথিলযোগ্য	2
শিখেছেন	2
শিক্ষিকারা	2
শিক্ষার্থীই	2
শিক্ষায়ও	2
শিক্ষাবিষয়ক	2
শিক্ষাপ্রতিষ্ঠানগুলোর	2
শিক্ষাগ্রহণ	2
শিক্ষাকেন্দ্র	2
শিক্ষকরা	2
শিকলে	2
শিউলী	2
শাহাদাহ	2
শাহজালালে	2
শালিখায়	2
শায়ান	2
শায়খে	2
শাবুও	2
শান্তিপূর্ণভাবেই	2
শানুর	2
শাজেদা	2
শাওমি	2
শহীদের	2
শহরকেন্দ্রিক	2
শহরই	2
শর্তই	2
শরিকল	2
শয়তান	2
শনির	2
শতকরা	2
শটগান	2
শঙ্খসহ	2
লোহাগাড়ার	2
লোহাগাড়ায়	2
লোকঐতিহ্যের	2
লেবুপানি	2
লেবুপাতায়	2
লেখানো	2
লুবনা	2
লুডো	2
লুটিয়ে	2
লুটপাট	2
লুকেই	2
লিস্টিং	2
লিফ	2
লিপুৎ	2
লিপস্টিককে	2
লিকেজ	2
লিওনরকে	2
লিওনরও	2
লিংগারিং	2
লিংকের	2
লিংকিং	2
লালিতাবাড়ি	2
লার্জ	2
লাচান্না	2
লাগছিল	2
লাউতারোর	2
লাইসেন্সের	2
লাইসেন্সিং	2
লাইলাতুল	2
লাইফেও	2
লড়াইটা	2
লঙ্ঘনকারীও	2
লঘুচাপ	2
লক্ষ্যই	2
লকডাউন	2
লক	2
লইফ	2
লই	2
র্যাবের	2
র্যাপিড	2
র্যানসমওয়্যার	2
র্যাঙ্কিং	2
রোহিত	2
রোমের	2
রোমাঞ্চকর	2
রোভার	2
রোবোফেস্ট	2
রোদচশমা	2
রোডশো	2
রোজেস	2
রোজা	2
রোগীরাও	2
রোগীবান্ধব	2
রোগব্যাধি	2
রোগকে	2
রোকাফোন্দা	2
রেহানাসহ	2
রেফারেল	2
রেনাল	2
রেজিলিয়েন্স	2
রেজাউদ্দিন	2
রেগুলেশন	2
রেগুলেটরি	2
রেইসকোর্স	2
রেইনকোট	2
রূপচর্চার	2
রুলস	2
রুব্রিক্স	2
রুবিওলা	2
রুপা	2
রুটিনের	2
রুই	2
রিহার্সাল	2
রিহানার	2
রিসেপ	2
রিসার্চের	2
রিফ	2
রিন্টু	2
রিনি	2
রিতে	2
রিটে	2
রিটার্নের	2
রিকোভারি	2
রিকগনিশনভিত্তিক	2
রি	2
রাস্তাজুড়ে	2
রাস্তাও	2
রাসায়নিকের	2
রাষ্ট্রনিয়ন্ত্রিত	2
রামপুরা	2
রান্নাবিষয়ক	2
রান্নাঘরে	2
রানীরবাজার	2
রাজ্যেই	2
রাজস্বে	2
রাজমুল	2
রাজমুকুট	2
রাজপুত্র	2
রাজপাল	2
রাজপরিবারে	2
রাজনীতিকের	2
রাজধানীকেন্দ্রিক	2
রাজধানীই	2
রাজতন্ত্রে	2
রাজউকসহ	2
রাঙ্গুনিয়ায়	2
রাখাসহ	2
রাওয়ের	2
রাউজানে	2
রাঈদ	2
রহস্যের	2
রশ্মি	2
রশ্ন	2
রমজানে	2
রবীন্দ্রসরোবরের	2
রফতানিকারকদের	2
রপ্তানিমুখী	2
রপ্তানিকারকদের	2
রতিবেদন	2
রণবীর	2
রণতরী	2
রণতরির	2
রঙও	2
রক্তসঞ্চালনও	2
রক্তশূন্য	2
রকমে	2
রকমই	2
যোহর	2
যোগ্যতাসম্পন্ন	2
যোগাযোগমাধ্যমগুলো	2
যেমনই	2
যেতেন	2
যুবসমাজসহ	2
যুবসমাজ	2
যুবসংঘকে	2
যুবকরা	2
যুবকদের	2
যুদ্ধবিমানেও	2
যুগল	2
যুক্তরাষ্	2
যুক্তরাজ্যগামী	2
যানের	2
যানগুলো	2
যাদবের	2
যাত্রাটাও	2
যাইয়ুম	2
য়ে	2
যথাসম্ভব	2
যত্নের	2
যত্নসহকারে	2
মৎস্যে	2
ম্যালিগন্যান্ট	2
ম্যারাডোনা	2
ম্যান্ডারিন	2
ম্যানেজারদের	2
ম্যানুফ্যাকচারার্স	2
ম্যাচজয়ের	2
ম্যাক্সিতে	2
ম্যাককালামকে	2
মৌসুমজুড়ে	2
মৌড়াইল	2
মোহিত	2
মোহসেন	2
মোশাররফের	2
মোর্চা	2
মোবাইলভিত্তিক	2
মোবাইলটা	2
মোড়া	2
মোটেল	2
মোকাররম	2
মোকছেদুল	2
মোকছেদ	2
মেসেঞ্জারের	2
মেশিনারিজ	2
মেশালে	2
মেলবোর্ন	2
মেরিনা	2
মের	2
মেয়েটির	2
মেয়েটিকে	2
মেয়েটিও	2
মেয়েওতো	2
মেনুতে	2
মেডিক্যালে	2
মেট্রোরেলের	2
মেটাবলিজম	2
মেঘেদের	2
মেইন	2
মৃতদেহের	2
মৃগী	2
মুস্তা	2
মুসল্লিরা	2
মুরাদের	2
মুয়াজ্জিনদের	2
মুন্সীকান্দি	2
মুন্সিবাড়ির	2
মুদ্রাস্ফীতি	2
মুদ্রায়	2
মুজিবুর	2
মুজিববর্ষ	2
মুগ	2
মুখ্যমন্ত্রীর	2
মুখস্ত	2
মুকুল	2
মিস্ত্রির	2
মিস্ত্রিকে	2
মিসেস	2
মিষ্টি	2
মিশরে	2
মিল্টন	2
মিললেই	2
মিলতে	2
মিরাকাঠালে	2
মিনাজ	2
মিনহাজুর	2
মিনহাজ	2
মিথুন	2
মিথিলা	2
মিটারের	2
মিটফোর্ডের	2
মিজানুল	2
মিজানকে	2
মিউজিয়াম	2
মাহাতো	2
মাহবুবকে	2
মাস্টার্সও	2
মাসেও	2
মাসউদ	2
মাশরাফি	2
মালিহা	2
মালিশের	2
মালিকানার	2
মালার	2
মার্তিনেজের	2
মার্কেন্টাইল	2
মার্কার	2
মারুফুল	2
মারিয়াম	2
মায়ো	2
মাফিক	2
মানোন্নয়নে	2
মানুর	2
মানাবে	2
মানবসেবা	2
মানবসভ্যতা	2
মানবসদৃশ	2
মানববন্ধনে	2
মানববন্ধনও	2
মানবপ্রাচীর	2
মানবদেহের	2
মানবতার	2
মানছে	2
মাদ্রাসার	2
মাদকদ্রব্যের	2
মাথাব্যথাকে	2
মাতে	2
মাতারো	2
মাতানো	2
মাড়িয়েই	2
মাটিকাটা	2
মাঝেমধ্যেই	2
মাঝমাঠ	2
মাজারের	2
মাইলফলকও	2
মাইকিং	2
মহিষ	2
মহারাষ্ট্রের	2
মহারশি	2
মহামারিতে	2
মহামান্য	2
মহামান	2
মহাবিপদ	2
মহানবীকে	2
মশারা	2
মশাউজান	2
মরেও	2
মরিয়মের	2
মরণোত্তর	2
ময়েশ্চারাইজিং	2
ময়েশ্চারাইজার	2
ময়মনসিংহের	2
ময়মনসিংহসহ	2
মমিনা	2
মমতাজুল	2
মব	2
মফস্বল	2
মন্দিরে	2
মন্ত্রের	2
মন্ত্রিপরিষদের	2
মনোরোগ	2
মনীষী	2
মনিরের	2
মনস্তত্ত্ব	2
মনতাজ	2
মধ্যপ্রাচ্যকেন্দ্রিক	2
মধ্যপ্রদেশের	2
মধুটিলা	2
মদরিচের	2
মতিঝিলগামী	2
মডেলগুলোর	2
মজাদার	2
মজাই	2
মজলুম	2
মগ্ন	2
মগজে	2
মওলানা	2
ভ্রমনের	2
ভ্যান্স	2
ভ্যাটিকান	2
ভোটকেন্দ্র	2
ভোটকক্ষ	2
ভোজ্যতেলের	2
ভোজনরসিকদের	2
ভোগার	2
ভোগাই	2
ভোক্তার	2
ভেলায়	2
ভেবেছেন	2
ভেবেছিলেন	2
ভেনটিলেটর	2
ভেটিভারভিত্তিক	2
ভেজার	2
ভেঙেচূড়ে	2
ভূমিদস্যুরা	2
ভূপৃষ্ঠে	2
ভূত	2
ভূইয়া	2
ভূঁইয়ার	2
ভুগছি	2
ভুক্তভোগীকে	2
ভীড়	2
ভিসিট	2
ভিসি	2
ভিয়োসা	2
ভিয়েতনামে	2
ভিভো	2
ভিবাসন	2
ভিপিএনের	2
ভিন্নরূপ	2
ভিন্নতায়	2
ভিনিসিউসের	2
ভিডিওতেও	2
ভিট্টোরিও	2
ভিটায়	2
ভিআইপি	2
ভাসানীর	2
ভাষারও	2
ভাষাগত	2
ভালোর	2
ভালোবাসতে	2
ভার্চুয়ালি	2
ভারসাম্যহীনতা	2
ভারতী	2
ভাবমূর্তি	2
ভাতিজার	2
ভাটের	2
ভাঙাতে	2
ভাগ্নি	2
ভাইভায়	2
ভাইবোনসহ	2
ভাইদেরও	2
ভলোরার	2
ভরসার	2
ভরসাকারীদের	2
ভবঘুরে	2
ভদ্রভাবে	2
ব্ল্যাকলিস্ট	2
ব্লাউজের	2
ব্র্যান্ডিংয়ের	2
ব্রেড	2
ব্রিল	2
ব্রিফিংয়ে	2
ব্রিফ	2
ব্রিটিশরা	2
ব্রিটিশদের	2
ব্রথ	2
ব্যালট	2
ব্যাপটিস্ট	2
ব্যাপকহারে	2
ব্যাকের	2
ব্যাকুল	2
ব্যাকালরিয়েট	2
ব্যাকআপ	2
ব্যাংকিংয়ের	2
ব্যাংকজনস্বাস্থ্য	2
ব্যবহারকারীদের	2
ব্যবস্থাটিই	2
ব্যবসাপ্রতিষ্ঠানের	2
ব্যক্তিত্বের	2
ব্যক্তিই	2
বোলাচ্ছিলেন	2
বোর্ডগুলোর	2
বোরসে	2
বোয়ালখালীর	2
বোনটি	2
বেলিংহ্যাম	2
বেলস	2
বেধড়ক	2
বেড়েও	2
বেটিংয়ে	2
বেচাবিক্রি	2
বেগুনবাড়ী	2
বেওয়ারিশ	2
বেইস	2
বৃষ্টিমুখর	2
বৃষ্টিভেজার	2
বুস্টিং	2
বুলিংয়ের	2
বুরকিনা	2
বুয়েটে	2
বুড়োপাড়ার	2
বুড়োপাড়াতেই	2
বুড়ির	2
বুঝতেই	2
বুকমেকার	2
বিহীন	2
বিস্মৃতির	2
বিস্ময়বালক	2
বিস্তারগত	2
বিষের	2
বিষয়টির	2
বিষমুক্ত	2
বিষণ্নতাবোধ	2
বিশ্রামাগারে	2
বিশ্বাসই	2
বিশ্ববিদ্যালয়কে	2
বিশ্বকা	2
বিলের	2
বিলে	2
বিলাইছড়িপাড়া	2
বিলা	2
বিরূপ	2
বিরক্তি	2
বিয়েতে	2
বিমানসহ	2
বিমানবাহিনীতেও	2
বিমাখাতের	2
বিমাকে	2
বিভ্রান্তিতে	2
বিভা	2
বিবেক	2
বিবিএসের	2
বিবাদ	2
বিপিএইচসিডিএ	2
বিনির্মাণ	2
বিনামূল্যের	2
বিনাইন	2
বিধ্বস্ত	2
বিদিশা	2
বিড়ম্বনায়	2
বিটিআরসিকে	2
বিজ্ঞাপনে	2
বিজ্ঞ	2
বিজয়কে	2
বিজ	2
বিছিন্ন	2
বিছানো	2
বিছানায়	2
বিক্রিই	2
বিকেন্দ্রীকরণ	2
বিএসবিআরএ	2
বিএস	2
বিএমটিসি	2
বিএমএ	2
বিউটিফুল	2
বিইউএফটি	2
বিআইডব্লিউটিএ	2
বাহী	2
বাহিনীতে	2
বাহারচরা	2
বাহরাইনেও	2
বাস্ক	2
বাসেও	2
বাসাবাড়িতেও	2
বাসযোগ্যতাও	2
বাসগুলো	2
বাসই	2
বাশির	2
বার্ন	2
বারোমারী	2
বারিশা	2
বারসেলো	2
বায়লা	2
বায়রা	2
বাবর	2
বান্ধব	2
বানিয়াস	2
বানাচ্ছে	2
বান	2
বাধাকে	2
বাধ	2
বাদামের	2
বাদাম	2
বাদশা	2
বাতিলসহ	2
বাতিলই	2
বাড্ডা	2
বাড়েনি	2
বাড়িঘরে	2
বাটোয়ারা	2
বাজারমূল্যে	2
বাজা	2
বাজবল	2
বাচ্চারাও	2
বাচ্চাকেই	2
বাচাই	2
বাঙ্গালা	2
বাঙালিয়ানায়	2
বাঘাইছড়িতে	2
বাগিচাগাও	2
বাগানবাজার	2
বাগবিতণ্ডা	2
বাখরাবাদের	2
বাক্যে	2
বাকিটুকু	2
বাউন্স	2
বাইরাথি	2
বাইর	2
বাইডেন	2
বাংলাদেশিকে	2
বাঁয়ে	2
বাঁধগুলোর	2
বাঁচান	2
বহুস্রোত	2
বহুভাষিক	2
বহুজনকে	2
বহরের	2
বহরটি	2
বস্ত্রখাতের	2
বস্তাবন্দি	2
বসাতে	2
বসন্তে	2
বলের	2
বলিয়ে	2
বলদ	2
বলত	2
বলটি	2
বর্ষাতে	2
বর্ষাকালের	2
বর্ষপূর্তি	2
বর্ণীল	2
বর্জ্যে	2
বর্গকিলোমিটার	2
বরাদ্দকৃত	2
বরষা	2
বয়লারে	2
বয়ঃসন্ধিকাল	2
বন্যাবাহিত	2
বন্ধ্যাত্ব	2
বন্ধুকে	2
বনরাণী	2
বদলালে	2
বদলানো	2
বদরুন্নেসা	2
বড়সড়	2
বটিতে	2
বঞ্চিতদের	2
বজ্রপাতে	2
বছরব্যাপী	2
বছরও	2
বচ্চন	2
বঙ্গীয়	2
বক্তাদের	2
ফ্ল্যাগশিপ	2
ফ্লাটে	2
ফ্লাইওভারের	2
ফ্রেডি	2
ফ্রিজিং	2
ফ্রিজ	2
ফ্রান্সকে	2
ফ্যাসিবাদী	2
ফ্যাশনিস্তাদের	2
ফ্যান্টাসি	2
ফ্যাক্টর	2
ফ্যাকাল্টি	2
ফোল্ড	2
ফোনও	2
ফেস্ট	2
ফেসিয়াল	2
ফেসলেস	2
ফেসবুকসহ	2
ফেলুন	2
ফেরিওয়ালা	2
ফেমিনা	2
ফেব্রুয়ারিতেও	2
ফুসফুস	2
ফুরসত	2
ফুয়েলের	2
ফুয়াদের	2
ফুফুর	2
ফুটবলারকে	2
ফুটফুটে	2
ফুটপাতও	2
ফিল্ম	2
ফিরেছিলেন	2
ফিজ	2
ফিকহি	2
ফিকশনধর্মী	2
ফাসো	2
ফারাক্কার	2
ফায়জা	2
ফান্ডে	2
ফান্ডকে	2
ফাউন্ড	2
ফাইন্ড	2
ফাইনালেই	2
ফরোয়ার্ড	2
ফরিদাবাদ	2
ফরাসিরা	2
ফয়েজুন্নেসা	2
ফন্ট	2
ফটোশুট	2
ফটোগ্যালারি	2
ফটিকছড়ির	2
ফজলুর	2
ফজর	2
প্ল্যানার্সের	2
প্ল্যান	2
প্ল্যাটফর্	2
প্লেন	2
প্রোভাইডার	2
প্রোটোকল	2
প্রোগ্রেসিভ	2
প্রোগ্রামটি	2
প্রেশার	2
প্রেরণের	2
প্রেজেন্টার	2
প্রেক্ষাপটেই	2
প্রিয়াংকা	2
প্রিন্সের	2
প্রায়োরিটি	2
প্রাধান্যও	2
প্রাণিসম্পদমন্ত্রী	2
প্রাক্তন	2
প্রস্তুতিতে	2
প্রস্তুতিও	2
প্রস্তুতকারী	2
প্রস্তাবের	2
প্রসিকিউর	2
প্রসারে	2
প্রসাধনী	2
প্রশ্নপত্র	2
প্রশ্নটা	2
প্রশ্নকারী	2
প্রশিক্ষণে	2
প্রশাসনে	2
প্রযুক্তিভিত্তিক	2
প্রযুক্তিনির্ভর	2
প্রয়োজনেও	2
প্রয়োজনীয়তার	2
প্রমান	2
প্রবাসীসহ	2
প্রবাদের	2
প্রবণতাও	2
প্রদাহবিরোধী	2
প্রদানের	2
প্রথমার্ধেই	2
প্রথমদিকে	2
প্রত্যেকের	2
প্রত্যাবর্তনের	2
প্রতীকীভাবে	2
প্রতিবন্ধিতাকে	2
প্রতিবন্ধকতাকে	2
প্রতিনিধিরাও	2
প্রতিধ্বনিত	2
প্রজাপতির	2
প্রজন্মই	2
প্রচারণায়	2
প্রক্রিয়াগতভাবে	2
প্রক্রিয়াকরণ	2
প্রকৃতিপ্রেমীকে	2
প্রকাশকে	2
প্যারেন্টিং	2
পৌরাণিক	2
পৌঁছেই	2
পৌঁছানোই	2
পোহাচ্ছেন	2
পোস্ত	2
পোস্টাল	2
পোশাকশ্রমিক	2
পোশাকটি	2
পোডিয়ামে	2
পোড়ে	2
পোড়া	2
পোজ্জো	2
পেশাটাকে	2
পেশাকে	2
পেরুতেই	2
পেপারে	2
পেতো	2
পেডিকেট	2
পেট্রোলিং	2
পেট্রল	2
পেগাসো	2
পেঁচা	2
পে	2
পৃষ্ঠপোষকতায়	2
পৃথকভাবে	2
পূর্ববঙ্গের	2
পূর্ববঙ্গে	2
পূর্বপরিকল্পিত	2
পূর্তি	2
পূরণেই	2
পুষ্পা	2
পুষ্টিবিদের	2
পুশব্যাক	2
পুরোন	2
পুরুষরা	2
পুনর্বাসনেও	2
পুনর্গঠিত	2
পুনঃতফসিল	2
পুত্রাজায়ায়	2
পুত্রাজায়া	2
পুত্রবধূকে	2
পুতুল	2
পুকুরিয়া	2
পুঁতি	2
পুঁজিবাজারের	2
পুঁজিটা	2
পুঁইছড়ি	2
পীর	2
পিলার	2
পিরামিড	2
পিতৃসূত্রে	2
পালি	2
পালানো	2
পার্থক্যটি	2
পার্টটাইম	2
পারেদেস	2
পারভিন	2
পারফিউম	2
পাবো	2
পাপে	2
পান্নু	2
পান্না	2
পানে	2
পানিহাটা	2
পাত্তাই	2
পাত	2
পাণ্ডিত্য	2
পাড়ুকোনের	2
পাঠ্যক্রমের	2
পাঠদানেও	2
পাজ	2
পাগলের	2
পাগলপ্রায়	2
পাগড়ি	2
পাখালির	2
পাখার	2
পাওয়ারট্রলি	2
পাওয়াটা	2
পাইকার	2
পাঁচমিশালি	2
পাঁচবিবি	2
পাঁচদিন	2
পাঁচজনের	2
পল্টনের	2
পলের	2
পলিথিনের	2
পলিথিনসহ	2
পলিটিক্যাল	2
পলাশকে	2
পলাতকদের	2
পর্যালোচন	2
পর্যটকের	2
পরেছে	2
পরেছিল	2
পরীমনির	2
পরীমণি	2
পরীক্ষায়ও	2
পরীক্ষাগারটি	2
পরিষ্কারসহ	2
পরিশোধসহ	2
পরিশোধনাগার	2
পরিযায়ী	2
পরিমাণে	2
পরিবেশবিষয়ক	2
পরিবারসহ	2
পরিবারকেই	2
পরিপাটি	2
পরিদর্শকরা	2
পরিচিতজনের	2
পরিচালনারও	2
পরিচালনাকারীদের	2
পরিচয়েরও	2
পরলে	2
পরবো	2
পরবেন	2
পরকালীন	2
পদুয়াসহ	2
পদযাত্রার	2
পদযাত্রা	2
পদমর্যাদার	2
পথচলার	2
পথচলাকে	2
পণ্যও	2
পণ্যই	2
পড়ুননৌবাহিনীর	2
পড়ুনআনসার	2
পড়াশোনাকে	2
পড়ানোর	2
পড়ান	2
পড়লেন	2
পটাশিয়ামের	2
পঞ্চমত	2
পজিটিভ	2
পঙ্কজ	2
নৌবহরের	2
নৌবহর	2
নৌপথকে	2
নৌচালনা	2
নৌকাগুলো	2
নৈশভোজের	2
নৈতিকতা	2
নেহরু	2
নেয়ায়	2
নেবো	2
নেপথ্যে	2
নেত্রকোণা	2
নেতৃত্বেই	2
নেতানিয়াহুসহ	2
নেটের	2
নেটিং	2
নেইমারের	2
নৃত্যশিল্পী	2
নুশরাত	2
নীতিমালায়	2
নীতিনির্ধারণ	2
নিশ্চল	2
নির্যাতনেরও	2
নির্মূলে	2
নির্ভরতায়	2
নির্বাহ	2
নির্বাচনি	2
নিরুদ্দেশ	2
নিরীক্ষার	2
নিরঞ্জন	2
নিয়ন্ত্রণসহ	2
নিয়তের	2
নিয়তিতেই	2
নিম্নমধ্যম	2
নিমিষেই	2
নিভৃতে	2
নিভৃত	2
নিনো	2
নিতেই	2
নিত	2
নিজাম	2
নিখোঁজের	2
নিখুঁততম	2
নিখাত	2
নিকোলা	2
নিওনেটাল	2
নিউরোলজি	2
নিউমার্কেট	2
নিউটন	2
নাহিদার	2
নাস্তা	2
নাশিদ	2
নাশতা	2
নাশকতার	2
নাশ	2
নালিতাবাড়ীর	2
নালিতাবাড়ীতে	2
নার্স	2
নার্তা	2
নারীস্বাস্থ্য	2
নায়কের	2
নামলেই	2
নাফিজা	2
নানাধরনের	2
নাট্যোৎসব	2
নাটও	2
নাছির	2
নাচোলে	2
নাচন	2
নাগালে	2
নাগরিককে	2
নাইজেরিয়ান	2
নাইজেরিয়া	2
নয়তো	2
নয়জন	2
নমনীয়তাও	2
নবায়নের	2
নবাগত	2
নদীবন্দরে	2
নদীগুলোকে	2
নড়েচড়ে	2
নজরুলচর্চায়	2
নজরুলচর্চা	2
নজরদা	2
নচিন্তা	2
নখেরও	2
নখও	2
নখই	2
নকআউটে	2
নও	2
ধ্যানমন্ত্রে	2
ধ্বংসস্তুপ	2
ধোয়ার	2
ধোঁয়াটে	2
ধূসর	2
ধারদেনাও	2
ধারদেনা	2
ধানের	2
ধরলেন	2
ধরতাম	2
ধরণ	2
ধনেপাতাকুচি	2
ধনেপাতা	2
ধনে	2
দ্রুততার	2
দ্বীনের	2
দ্বিধাবোধ	2
দ্বিগুনও	2
দ্বিগুণেরও	2
দৌড়বিদ	2
দৌড়ঝাঁপ	2
দোকানি	2
দোকানটির	2
দোকানটি	2
দেশম	2
দেশব্যাপি	2
দেশপ্রেম	2
দেয়ালচিত্রে	2
দেয়ালচিত্রগুলোর	2
দেয়ালগুলোই	2
দেয়ার	2
দেবীর	2
দেনিস	2
দেনা	2
দেখেছে	2
দেখেও	2
দেখিয়েছি	2
দৃষ্টিসম্পন্ন	2
দৃষ্টিপ্রতিবন্ধীদের	2
দূরবর্তী	2
দূরত্বে	2
দুষলেন	2
দুর্দশার	2
দুর্গার	2
দুর্গতি	2
দুরবস্থার	2
দুমড়েমুচড়ে	2
দুবারই	2
দুপুরেও	2
দুধের	2
দুধসাদা	2
দুদকের	2
দুদকে	2
দুদক	2
দুটিকে	2
দুঃসহ	2
দীর্ঘমেয়াদী	2
দীর্ঘদিনে	2
দিশাহারা	2
দিল্লির	2
দিলদারকে	2
দিয়ো	2
দিয়েছিলো	2
দিয়েছ	2
দিয়েও	2
দিনকে	2
দিওয়ান	2
দালালদের	2
দালানকোঠা	2
দায়িত্বহীনতায়	2
দায়রা	2
দামানো	2
দাবদাহে	2
দাপ্তরিক	2
দাদী	2
দাদিকে	2
দাখিলে	2
দাঁতমারার	2
দলিলে	2
দলগুলোকে	2
দর্শনার্থী	2
দরখাস্ত	2
দম্পতিই	2
দণ্ডের	2
দই	2
থেমেছে	2
থেকেছেন	2
থেঁতলে	2
থামা	2
থানে	2
থাকেল	2
থাকাকে	2
থাকবেই	2
থাকতো	2
থাকতেই	2
থাকছিলেন	2
থাইব	2
থাইক্কুম	2
তৎসংশ্লিষ্ট	2
ত্র	2
ত্বকও	2
তৌহিদুলের	2
তৌফিকুল	2
তোলাই	2
তৈয়্যব	2
তেড়ে	2
তেজতুরী	2
তৃণমূলে	2
তুলো	2
তুলির	2
তুলশী	2
তুলনায়ও	2
তিনদিনও	2
তিকর	2
তাহলেও	2
তাসনুভা	2
তালিকাভুক্তিতে	2
তালাবদ্ধ	2
তালাক	2
তালপুকুরপাড়	2
তারিকুল	2
তারিকুর	2
তায়েপ	2
তামিলান	2
তামার	2
তাপিয়া	2
তাকিয়ার	2
তাকাফুল	2
তাইজাল	2
তলবের	2
তর্ক	2
তরুণম	2
তরলের	2
তফাত	2
তন্ত্র	2
তদূর্ধ্ব	2
তদন্তকারী	2
তথ্যাদির	2
তথ্যপ্রযুক্তির	2
তথ্যপ্রযুক্তিবিষয়ক	2
ণিক	2
ঢেউয়ের	2
ঢেউফা	2
ঢুকার	2
ঢুকলে	2
ঢাকাবাসীর	2
ড্রাগ	2
ড্রাইভ	2
ড্রপ	2
ডোমেইন	2
ডোবায়	2
ডেস্ট্রয়ার	2
ডেল্টা	2
ডেলিভারির	2
ডেবিট	2
ডেটের	2
ডেট	2
ডেঙ্গুতে	2
ডিম্বাণু	2
ডিভোর্স	2
ডিভিশনের	2
ডিভাইসে	2
ডিভাইসসহ	2
ডিফেন্সিভ	2
ডিফেন্ডিং	2
ডিপিআই	2
ডিনার	2
ডিজেলচালিত	2
ডিওর	2
ডিওএইচএস	2
ডিএমকের	2
ডিআরইউ	2
ডারউইনের	2
ডায়েটে	2
ডায়ানা	2
ডাম্বেল	2
ডাক্তারি	2
ডাক্তারবাড়ি	2
ডাকলেও	2
ডাকতে	2
ডাইরেক্ট	2
ড়িতদের	2
ডকুমেন্টারি	2
ঠেকান	2
ঠিকানাসহ	2
ঠিকানার	2
ঠাকরের	2
ট্রেনিং	2
ট্রেইল	2
ট্রানজেকশনগুলো	2
ট্রলের	2
ট্রলারডুবি	2
ট্রলার	2
ট্যুরিজম	2
ট্যাক্টিকস	2
ট্যাংকার	2
টেস্টিং	2
টেসলা	2
টেলিফটো	2
টেলিকম	2
টেলরের	2
টেক্সচার	2
টিপে	2
টিচিং	2
টিএন্ডটি	2
টিআরটি	2
টালি	2
টাল	2
টানাপোড়েনে	2
টাকা১৯০	2
টলমল	2
টরের	2
টয়লেটে	2
টপের	2
টক	2
ঝোড়ায়	2
ঝুড়ির	2
ঝিরঝিরি	2
ঝিনুক	2
ঝিনাইগাতি	2
ঝাউদি	2
ঝাউতলা	2
ঝলক	2
ঝর্ণা	2
ঝড়ো	2
ঝটপট	2
জ্বালামুখে	2
জ্ঞানভিত্তিক	2
জোহা	2
জোবায়ের	2
জোনে	2
জোড়শিমুল	2
জোজোবা	2
জেসমিন	2
জেলেনস্কিও	2
জেদ	2
জেতা	2
জেডি	2
জেএইচ	2
জুয়াসহ	2
জুয়ান	2
জুয়াড়িরা	2
জুয়াড়িদের	2
জুমাতুল	2
জীবাণুর	2
জীবনসংগ্রাম	2
জীবনভর	2
জীবনটা	2
জিলাস্কুল	2
জিভে	2
জিবির	2
জিবি	2
জিপিএ	2
জিন্স	2
জিন্নাত	2
জিনিসপত্রও	2
জিনাতও	2
জিতেছিলাম	2
জিতেও	2
জিতল	2
জিটিভি	2
জিএফএস	2
জাহাজভর্তি	2
জাসাস	2
জালালুল	2
জায়নবাদ	2
জায়গাতে	2
জাম্পে	2
জামিনের	2
জামায়াতকে	2
জামানতে	2
জামাতার	2
জামা	2
জানুয়ারির	2
জানাতাম	2
জানলেও	2
জাদু	2
জাতীয়তাবাদের	2
জাগোনিউজকে	2
জাওয়া	2
জাইস	2
জা	2
জহুরুলের	2
জহিরুল	2
জলপাই	2
জলজটের	2
জর্জিয়ার	2
জরায়ুমুখে	2
জয়িতা	2
জয়সূচক	2
জয়লাভ	2
জয়যাত্রা	2
জয়গাথার	2
জম্বি	2
জমিয়েছিলেন	2
জভেরনেসের	2
জবাইয়ে	2
জবাইও	2
জন্মগতভাবে	2
জনসমাগমস্থলে	2
জনসচেতনতা	2
জনমুখী	2
জনভোগান্তি	2
জনবলকে	2
জনবলও	2
জনপদে	2
জননেতা	2
জননিরাপত্তার	2
জননতন্ত্রের	2
জকিগঞ্জ	2
জওহিরুল্লাহ	2
জওহরলাল	2
ছোলা	2
ছোরা	2
ছোবলে	2
ছোটোখাটো	2
ছোটরা	2
ছৈয়দ	2
ছেলেসন্তান	2
ছেলেমেয়েদের	2
ছেড়েছিলেন	2
ছেড়েও	2
ছে	2
ছুরির	2
ছুট	2
ছিনতাইকারী	2
ছিদ্দিক	2
ছাপাতে	2
ছাপবে	2
ছাত্রাবাসে	2
ছাত্রসমাজের	2
ছাত্ররাজনীতিমুক্ত	2
ছাত্রনেতাদের	2
ছাতিপট্টি	2
ছাড়াবে	2
ছয়টিতে	2
ছবিসহ	2
ছড়ায়নি	2
ছড়াছড়ি	2
ছড়াচ্ছে	2
চ্যাটে	2
চ্যাটজিপিটির	2
চৌদ্দগোষ্ঠী	2
চৌকি	2
চৈত্রসংক্রান্তি	2
চেষ্টাকে	2
চেরাপুঞ্জিতে	2
চেপে	2
চেন্নাইয়ের	2
চেনার	2
চেচুরিয়া	2
চেইনের	2
চুলে	2
চুলার	2
চুলা	2
চুলকানিসহ	2
চুয়াডাঙ্গার	2
চিহ্নের	2
চিরে	2
চিরাচরিত	2
চিরশত্রু	2
চিরপরিচিত	2
চিন্তিত	2
চিন্তার	2
চিতিয়ে	2
চিকিৎসকও	2
চাহিদাসম্পন্ন	2
চাহিদায়	2
চাহিদাভিত্তিক	2
চাষি	2
চালিয়েছেন	2
চালার	2
চালাই	2
চালকই	2
চারশ	2
চাপসহ	2
চাচাকে	2
চাগ	2
চাক্ষুষ	2
চাকরিপ্রাপ্তদের	2
চাকরিপ্রত্যাশীরা	2
চাকর	2
চাঁদের	2
চাঁদাবাজির	2
চশমা	2
চলাচলেও	2
চলতাম	2
চলচ্চিত্রপ্রেমীদের	2
চর্চাকে	2
চরমোনাই	2
চয়েস	2
চয়নের	2
চন্দনাইশেও	2
চত্বরের	2
চড়কপূজা	2
চক্ষু	2
ঘ্রাণে	2
ঘোলা	2
ঘুমাতেন	2
ঘাটসংলগ্ন	2
ঘনিষ্ঠজনদের	2
ঘটেই	2
গ্লাসের	2
গ্রোগ্রেসিভ	2
গ্রেমিয়োর	2
গ্রেফতারও	2
গ্রিডের	2
গ্রাহামকে	2
গ্রাহকসেবার	2
গ্রাসে	2
গ্রামগঞ্জে	2
গ্রাফিতির	2
গ্রাফিতিগুলোকে	2
গ্রাজুয়েট	2
গ্রহনযোগ্য	2
গ্যালিশিয়ান	2
গোলমেশিন	2
গোয়ালপট্টি	2
গোমূত্র	2
গোমস্তাপুরের	2
গোপালগঞ্জে	2
গোপ	2
গোড়ালি	2
গোড়া	2
গের	2
গেটসংলগ্ন	2
গেজেটের	2
গেজেটভুক্ত	2
গৃহহীন	2
গৃহস্থালি	2
গুলিবর্ষণ	2
গুরুত্বহীন	2
গুণের	2
গুণিজন	2
গুঁজবো	2
গুঁইজ্জুম	2
গিয়েও	2
গাস্তন	2
গার্ডেন	2
গাভির	2
গান্ধী	2
গাদ্দারি	2
গাজীরখামার	2
গাছটির	2
গাছটি	2
গাকৃবির	2
গাংনী	2
গাঁথা	2
গল্পকেই	2
গল্পকথা	2
গলাব্যথা	2
গলাকেটে	2
গর্ভাবস্থার	2
গর্ভধারণ	2
গরিবদের	2
গরমও	2
গবেষণাকে	2
গনজালেস	2
গতবার	2
গণিতে	2
গণস্বাস্থ্য	2
গণমাধ্যমকর্মী	2
গণনায়	2
গণগ্রন্থাগার	2
গণঅধিকার	2
গড়িয়েছে	2
গড়ালে	2
গড়ানো	2
গড়মিল	2
খোলসে	2
খোয়াচ্ছেন	2
খোন্দকার	2
খেলাটা	2
খেলব	2
খেলতো	2
খেয়াং	2
খেপেছিলেন	2
খেটে	2
খুললেন	2
খুলছে	2
খিরবেত	2
খাস	2
খালগুলোকে	2
খামখেয়ালিপনার	2
খামখেয়ালিপনা	2
খানিকটা	2
খাদ্যশস্য	2
খাদ্যমূল্যে	2
খাতুনগঞ্জের	2
খাচ্ছিটা	2
খা	2
ক্ষমতাপ্রাপ্ত	2
ক্ষতিই	2
ক্ষ	2
ক্লিপকে	2
ক্লান্তিকর	2
ক্লান্তিও	2
ক্লাংয়ের	2
ক্রু	2
ক্রীড়ামোদী	2
ক্রিশ্চিয়ানো	2
ক্রিমিনোলজি	2
ক্রিম	2
ক্রাইসিস	2
ক্রলিং	2
ক্যাস্টর	2
ক্যাসিনোর	2
ক্যাসিনোতে	2
ক্যালরির	2
ক্যাম্পাসেই	2
ক্যাবলে	2
ক্যাপ	2
ক্যানে	2
ক্যানভাস	2
ক্যাডেটদের	2
ক্টর	2
কৌতূহলবশে	2
কৌতুহলী	2
কোষাধ্যক্ষ	2
কোলের	2
কোরিনা	2
কোরানো	2
কোরবানিই	2
কোরনাইয়ের	2
কোয়েম্বাটুরে	2
কোয়াম্বেদু	2
কোম্পানী	2
কোম্পানিও	2
কোমলে	2
কোব	2
কোনোমতে	2
কোনোকিছু	2
কোথাওবা	2
কোণে	2
কোং	2
কেরালার	2
কেরামত	2
কেপিডিএন	2
কেপায়াং	2
কেনই	2
কেএএ	2
কৃষ্ণপুর	2
কৃষিখাতে	2
কৃষিকাজ	2
কৃষককে	2
কৃতিত্বের	2
কৃতিত্বে	2
কৃতকার্য	2
কুৎসিত	2
কুসংস্কারের	2
কুশনারের	2
কুশনার	2
কুলা	2
কুয়াকাটাকে	2
কুড়িয়েছিল	2
কুকুরেয়া	2
কিশোরগঞ্জের	2
কিশোরগঞ্জে	2
কিলামব্লাকামের	2
কিমি	2
কিবোর্ড	2
কিছুর	2
কিউবা	2
কাস্কি	2
কাশ্মীরি	2
কাশি	2
কালে	2
কালীগঞ্জে	2
কালিয়াকৈরের	2
কালিগঞ্জ	2
কালার	2
কালশীসহ	2
কালশি	2
কালভার্টের	2
কার্যালয়সহ	2
কার্যবিধি	2
কার্যক্রমণ	2
কার্বোহাইড্রেটসমৃদ্ধ	2
কার্বন	2
কারাতে	2
কারবারিসহ	2
কারবারিরা	2
কারণগুলো	2
কায়েদার	2
কায়দা	2
কামরুজ্জমান	2
কামড়ালে	2
কাবালা	2
কাবাবের	2
কান্নাজড়িত	2
কান্নাকাটি	2
কানাডাসহ	2
কাতারকে	2
কাড়লেন	2
কাড়ছে	2
কাঠালিয়া	2
কাঠামোকে	2
কাঠবিড়ালির	2
কাটাবেন	2
কাটাছিলেন	2
কাটবে	2
কাটছেন	2
কাচের	2
কাগজপত্রে	2
কাগজপত্রসহ	2
কাকলীর	2
কাওছার	2
কাঁপলো	2
কাঁপছিল	2
কাঁঠালকেন্দ্রিক	2
কাঁঠালকে	2
কা	2
কষ্টকর	2
কল্যাণপুর	2
কল্পনায়	2
কলের	2
কলেজপড়ুয়া	2
কলহ	2
কলতান	2
কর্সেট	2
কর্মীসহ	2
কর্মসূচিগুলোকে	2
কর্মদিবস	2
কর্মঠ	2
কর্মজীবনের	2
কর্মচারীরা	2
কর্পোরেশনেও	2
কর্কট	2
করালেন	2
করান	2
করবর্ষ	2
করপোরেটপ্রধানদের	2
কয়েকটা	2
কয়লার	2
কম্পিউটারের	2
কম্পিউটারে	2
কমিশনকে	2
কমাল	2
কমানোয়	2
কবেই	2
কবিরের	2
কবিরাজের	2
কবরস্থানের	2
কবরস্থান	2
কন্যাসন্তানও	2
কন্ডাক্টরের	2
কনসার্টের	2
কদিনের	2
কথাটাকেই	2
কতবড়	2
কতক্ষণ	2
কট্টরপন্থী	2
কট্টর	2
কটূক্তিকারীদের	2
কচুয়ার	2
কক্ষটি	2
কওমী	2
কওমি	2
কঅর	2
কংগ্রসম্যান	2
ওসিসহ	2
ওলিসে	2
ওরিয়েন্টেশনে	2
ওয়াহিদুল	2
ওয়াহিদাসহ	2
ওয়াহিদাদের	2
ওয়াহিদাকে	2
ওয়ারী	2
ওয়ারজাবাল	2
ওয়াজিব	2
ওভারস্টে	2
ওভারস্ট	2
ওভাবে	2
ওবিই	2
ওফেন্স	2
ওপেনহাইমার	2
ওদিকের	2
ওঠানামায়	2
ওএফআর	2
ঐশীর	2
এস্কামাজ	2
এসটিএফ	2
এসকোবার	2
এসকেডি	2
এসএসএম	2
এসএমই	2
এলিয়ট	2
এলাকাতেও	2
এলাকাই	2
এলকানো	2
এলআইএ	2
এরদোয়ান	2
এরজুরুম	2
এমানুয়েল	2
এমসি	2
এমব্রয়ডারি	2
এমবাপ্পেও	2
এমনকী	2
এমদাদ	2
এমএসএম	2
এমএসএফ	2
এমএমকে	2
এমএন	2
এভিনিউয়ের	2
এবি	2
এবারে	2
এফসিসিজে	2
এফএসডিএ	2
এফইটি	2
এনার্জেটিক	2
এনডিএফ	2
এনএইচএ	2
এদিক	2
এত্ত	2
এতটুকুও	2
এডলা	2
এড	2
এজেন্সিসহ	2
এজেন্টকে	2
এজাজুল	2
এগোবেন	2
এগেইন	2
এগুলোকে	2
এগ	2
এখানের	2
এক্সপোর্টার্স	2
একান্তই	2
একান্ত	2
একশ্রেণির	2
একবেলাও	2
একঝলকে	2
এএসএ	2
এএফ	2
এইচআর	2
এআইয়ের	2
এআইবি	2
ঋণগ্রস্ত	2
ঋণকে	2
উৎসবও	2
উৎপাদনশীলতার	2
উলুছড়ি	2
উর্দু	2
উফহার	2
উপাসনালয়ের	2
উপার্জন	2
উপলক্ষেই	2
উপজেলাকে	2
উপকমিশনার	2
উন	2
উদ্যোগী	2
উদ্যোক্তারা	2
উদ্ভিজ্জ	2
উদ্বোধনে	2
উদ্ধারসহ	2
উদ্ধব	2
উদ্ঘাটিত	2
উত্তেজিত	2
উত্তেজনাকর	2
উত্তরায়	2
উত্তরাধিকারকে	2
উত্তরপ্রদেশে	2
উত্তরপত্রে	2
উড্ডয়নও	2
উড়েছেন	2
উড়ানোর	2
উড়ছে	2
উঠছেন	2
উজ্জ্বলতা	2
উজানী	2
উচ্ছ্বাসিত	2
উচ্চশিক্ষাব্যবস্থা	2
উচ্চমাধ্যমিকের	2
উচ্চমধ্যম	2
উচ্চতর	2
উগ্রবাদী	2
উইঙ্গার	2
ঈমানি	2
ইহকালীন	2
ইস্যুর	2
ইশা	2
ইলিগ্যাল	2
ইয়াবা	2
ইমারজেন্সি	2
ইমামুর	2
ইফাজ	2
ইন্স্যুরেন্সেও	2
ইন্সপেকশন	2
ইন্টিলিজেন্স	2
ইন্টিগ্রেটেড	2
ইন্টার্নশিপের	2
ইন্টারঅ্যাকশনের	2
ইনভেস্টিগেশন	2
ইনভেস্টমেন্টস	2
ইনফ্রাস্ট্রাকচার	2
ইনটেনসিভ	2
ইনজুরি	2
ইনকামিং	2
ইথিওপিয়ার	2
ইতিপূর্বে	2
ইঞ্জিনিয়ারিংয়ের	2
ইজারাদার	2
ইজতেমা	2
ইচ্ছুকদের	2
ইকোপার্ক	2
ইকো	2
ইউলিয়া	2
ইউরোপগামী	2
ইউবিটেক	2
ইউডব্লিউসি	2
ইউএই	2
ইউআইইউ	2
ইংল্যান্ডকেই	2
ইংরেজিসহ	2
আসিফুল	2
আসরগুলোর	2
আসরই	2
আসমা	2
আসতো	2
আসত	2
আশুলিয়ায়	2
আশক্তি	2
আল্লাহই	2
আল্	2
আলেজিয়ারকে	2
আলিস্তারের	2
আলামতও	2
আলাওলপুর	2
আলবেনীয়	2
আলবেনিয়ার	2
আলবেনিয়ায়	2
আলতো	2
আর্বোরিকালচার	2
আর্দ্রতার	2
আর্টেমিসণ	2
আর্টেমিস	2
আর্টিফিসিয়াল	2
আর্টকেই	2
আর্জেন্টিনারই	2
আরেকটা	2
আরামদায়কভাবে	2
আরবান	2
আরএস	2
আরএএস	2
আয়েও	2
আয়শা	2
আয়তন	2
আম্পায়ার	2
আমানতে	2
আমলযোগ্য	2
আমন	2
আবেদননৌবাহিনীর	2
আবেদনডিএনসিসির	2
আবৃত্তিশিল্পী	2
আবিষ্কারে	2
আবাহনে	2
আবহেই	2
আবহাওয়াবিদরা	2
আবরণ	2
আবর	2
আবছার	2
আফরীন	2
আফতাবনগরের	2
আফজাল	2
আপাতদৃষ্টে	2
আপলোড	2
আপনজনকে	2
আপডেটের	2
আন্দাজ	2
আন্তশিক্ষা	2
আন্তঃসংস্থা	2
আন্তঃপ্রবাহ	2
আন্ডার	2
আনোয়ারুল	2
আনোয়ারায়	2
আনোয়ারপুরের	2
আনোয়ারপুর	2
আনিত	2
আনলেন	2
আত্মহত্যার	2
আত্মবিনাশের	2
আড্ডায়	2
আড়ম্বরপূর্ণ	2
আড়চোখে	2
আটকানোর	2
আজাদের	2
আজকাল	2
আছর	2
আচার্য	2
আচরণকে	2
আচমকাই	2
আঙ্কারার	2
আঙ্কারা	2
আগ্রাবাদ	2
আখ্যায়িত	2
আখিল	2
আখাউড়া	2
আখন্দ	2
আখতারুজ্জামানের	2
আকু	2
আকাশি	2
আকারভেদে	2
আকাঙ্ক্ষাও	2
আকসায়	2
আকলিমার	2
আকলিমা	2
আকর্ষণকারী	2
আকতার	2
আউটের	2
আউটগোয়িং	2
আইসিসির	2
আইবিএর	2
আইপ্যাডে	2
আইনশৃঙ্খলার	2
আইডেন্টিফাই	2
আইডিয়াল	2
আইডিআরএকে	2
আইডব্লিউএম	2
আইএসইউতে	2
আইইবিতে	2
আইইএর	2
আইইএ	2
আইইআরের	2
আঁরা	2
আঁটসাঁট	2
আঁচড়ের	2
আঁচড়ে	2
আঁকাবাঁকা	2
অ্যাসেসমেন্ট	2
অ্যাসিস্টও	2
অ্যারোনটিক্যাল	2
অ্যাম্বাসেডর	2
অ্যাফেয়ার্স	2
অ্যাফিলিয়েট	2
অ্যাপসের	2
অ্যাপসে	2
অ্যাপটির	2
অ্যান্টিঅক্সিডেন্ট	2
অ্যানালিটিক্সসহ	2
অ্যাডাপ্টেশন	2
অ্যাডভান্স	2
অ্যাটলির	2
অ্যাক্রিলিক	2
অ্যাকাউন্টেও	2
অ্যাওয়ার্ডের	2
অ্যাওয়ারনেস	2
অস্বস্তিই	2
অস্ট্রেলিয়ান	2
অসহায়ভাবে	2
অসম্মান	2
অসমর্থ	2
অসম	2
অসন্তুষ্ট	2
অসচেতন	2
অশ্লীল	2
অশ্রুসিক্ত	2
অলোক	2
অলটারনেটিভ	2
অর্ধলাখ	2
অর্থায়নপ্রাপ্ত	2
অর্থবিল	2
অর্থনীতিবিদদের	2
অর্থদণ্ডের	2
অর্থদণ্ড	2
অর্জুন	2
অরগাঞ্জা	2
অযোগ্যও	2
অয়েলিংকে	2
অয়	2
অমানুষ	2
অমঙ্গল	2
অভ্যাসই	2
অভ্যন্তরে	2
অভিযোজন	2
অভিযোগকারীর	2
অভিভাষণে	2
অভিভাবকই	2
অভিবাসীদের	2
অভিবাদনের	2
অভিধান	2
অভিজ্ঞতাসম্পন্ন	2
অভিজ্ঞতাকে	2
অব্যবহৃত	2
অবস্থারই	2
অবস্থায়ও	2
অবস্থাতেও	2
অবস্থাই	2
অবসন্ন	2
অবলীলায়	2
অবলম্বনের	2
অফিসগুলোতে	2
অফিসগামীদের	2
অপ্রাপ্তবয়সীদের	2
অপ্রতিরোধ্য	2
অপুষ্টিতে	2
অপারেটরদের	2
অপহরণ	2
অপরাধীর	2
অপরাধবিজ্ঞান	2
অপরাধকে	2
অন্যরূপ	2
অন্যরকম	2
অন্ধদের	2
অন্ধত্বকে	2
অন্তর্ভুক্তি	2
অন্তরের	2
অন্তরালে	2
অনেকগুলোই	2
অনুসরণের	2
অনুবিভাগের	2
অনুপ্রেরণাদায়ক	2
অনুপযুক্ত	2
অনুতপ্ত	2
অনিষ্পন্ন	2
অনিরাপদ	2
অনিয়মসহ	2
অনিয়মগুলো	2
অনিকের	2
অনি	2
অনবরত	2
অননুমোদিত	2
অধ্যায়ও	2
অধীনও	2
অধিষ্ঠিত	2
অধিবেশনের	2
অধিকারে	2
অধরা	2
অদূর	2
অথেনটিকেশন	2
অথরিটি	2
অত্যুক্তি	2
অতিবেগুনি	2
অতিথিরা	2
অতিকষ্টে	2
অতঃপর	2
অজ্ঞাতপরিচয়ের	2
অজান্তে	2
অচলের	2
অঙ্গের	2
অঙ্গন	2
অঙ্কে	2
অঙ্কিত	2
অগ্নিসংযোগ	2
অগ্নিকাণ্ডের	2
অগাধ	2
অক্সিডেন্ট	2
অক্সাইডের	2
অক্ষতভাবে	2
অক্টোবরেই	2
অকুণ্ঠ	2
অকারণ	2
অই	2
অংশীজনকে	2
অংশগ্রহণের	2
অংশগ্রহণও	2
৯৭৭	1
৯৭৪	1
৯৭৩৪	1
৯৭টি	1
৯৬০	1
৯৫১	1
৯১৮টি	1
৯১৬	1
৯০টিতে	1
৮৯৫০	1
৮৮৩	1
৮৮তম	1
৮৭	1
৭৫৫	1
৭৪৫	1
৭৪০টিতে	1
৭২৭টি	1
৭২৫টিরেশম	1
৭২৫টিকর্মসংস্থান	1
৭২তম	1
৭০১	1
৭তলা	1
৬৯শিক্ষাগত	1
৬৯টি	1
৬৬৯টি	1
৬৬টি	1
৬৪০টি	1
৬১৭	1
৬১০	1
৬০৯	1
৬০৭টি	1
৬০৩৭৮	1
৬০৩টি	1
৬০৩	1
৬তলা	1
৫৮০টি	1
৫৮০	1
৫৮টি	1
৫৬৯টি	1
৫৬৫	1
৫৫৭	1
৫৫০২৯৮৪৩	1
৫৫০২৯৮৪২	1
৫৫০২৯৮৪১	1
৫৫০২৯৮২৯	1
৫৩৩	1
৫২১	1
৫১৭	1
৫০১তম	1
৪৮২টি	1
৪৭০	1
৪৬০টি	1
৪৪০০	1
৪১২	1
৪০০৬েন	1
৪টায়	1
৩৯৫	1
৩৮০	1
৩৭৮বেতন	1
৩৭৫	1
৩৫০০	1
৩৪৮২	1
৩৩২	1
৩২৫	1
৩২৪	1
৩১৮টি	1
৩টা	1
২৮৭টিবিমান	1
২৮৭টি	1
২৫৯টি	1
২৫৭	1
২৫তম	1
২৪৫	1
২৪২	1
২৪টি	1
২৩৮	1
২৩৫	1
২২৪	1
২০২	1
২০তম	1
২ায়তা	1
১৯৫৬	1
১৯১৮	1
১৯১৪	1
১৯১১	1
১৮৫৯	1
১৮৪	1
১৮১টি	1
১৬৩	1
১৫৩সিটিটিসির	1
১৫৩	1
১৫তম	1
১৪২তম	1
১৪টির	1
১৪টি	1
১৩৭টি	1
১৩৭	1
১৩৪	1
১৩২৭	1
১৩০টির	1
১২৯	1
১২১তম	1
১১৪	1
১০৮টি	1
১০৫	1
১০ম	1
০২০৭৯	1
্ষের	1
্ষা	1
্শী	1
্শ	1
্লাহ	1
্র্রিঞ্জা	1
্রী	1
্রিকা	1
্রয়োজনীয়	1
্রদর্শন	1
্র	1
্যুতথান	1
্যায়	1
্যান্য	1
্যাংকের	1
্যা	1
্যমিক	1
্যবসা	1
্বুল	1
্বাহী	1
্বাঞ্চলের	1
্বর	1
্ব	1
্ধুসভা	1
্দবাজার	1
্থী	1
্তানি	1
্তমানে	1
্ত	1
্ঠান	1
্ট্র	1
্টি	1
্চ	1
্গে	1
্কুলেশন	1
োনো	1
োনিউজ২৪	1
োনাম	1
োদ্ধাদের	1
োদ্ধা	1
োজ	1
ৈতিক	1
েসির	1
েসব	1
েমস	1
েদন	1
েতাকর্মীদের	1
েট	1
েছেন	1
েছিল	1
েখা	1
েখতে	1
েইল	1
েই	1
ৃষ্টিতে	1
ৃষি	1
ুসরণের	1
ুল	1
ুর্ঘটনা	1
ুবাদ	1
ুবদল	1
ুতি	1
ুখি	1
ুক্তি	1
ুক্তরাষ্ট্রের	1
ুই	1
ীর	1
ীয়	1
ীকে	1
িষয়	1
িশ্লেষণ	1
িলল	1
ির	1
িয়ে	1
িয়া	1
িভাগের	1
িবেদন	1
িবেদক	1
িব	1
িন্দি	1
িন্তা	1
িধ	1
িদ্যালয়ে	1
িত	1
িকেশন	1
িকিৎসা	1
িকির	1
িকা	1
িও	1
িউড	1
িআ	1
াহ	1
াস	1
ায়তা	1
াম	1
ানবাহিনী	1
ানতে	1
ান	1
াধ্যম	1
াধীন	1
াদ্রাজ	1
াতিক	1
াত	1
াড	1
াজনীতি	1
াকৃতির	1
াকাটা	1
াকা	1
াইরাসকে	1
াংলাদেশের	1
াংলাদেশ	1
াংলা	1
াঁটি	1
়া	1
হ্যান্ডলে	1
হ্যাকার	1
হ্নিত	1
হোস্টেলের	1
হোস্টেলে	1
হোসনে	1
হোস	1
হোশি	1
হোয়াটসঅ্যাপের	1
হোমপেজে	1
হোমওয়ার্ক	1
হেল্পলাইনে	1
হেল্পলাইন	1
হেয়ারউড	1
হেয়াকো	1
হেয়	1
হেভি	1
হেফাজতকে	1
হেডার	1
হেগেমের	1
হেঁশেলে	1
হেঁটেছেন	1
হৃদস্পন্দনের	1
হৃদয়দের	1
হুমকিগুলো	1
হুমকিকে	1
হুড	1
হীনতা	1
হিসাবসংক্রান্ত	1
হিসাবগুলো	1
হিলাল	1
হিমাদ্রী	1
হিফজুল	1
হিন্দুত্ববাদের	1
হিনীর	1
হিদায়াতের	1
হাসিমুখ	1
হাসপাতালেও	1
হাসপাতালটিকে	1
হাসতেন	1
হাল্কা	1
হালুয়াঘাটে	1
হালিশহরসহ	1
হার্ডওয়্যারের	1
হারুয়ালছড়ি	1
হারুনকে	1
হারিয়েছি	1
হারাচি	1
হারলেও	1
হারজগ	1
হায়েনা	1
হায়না	1
হামিমের	1
হামার	1
হামলাকে	1
হামলাকারীর	1
হামলাকারীদের	1
হাবুডুবু	1
হাফিজুল্লাহ	1
হাফিজুল	1
হানি	1
হানা	1
হানলে	1
হানবে	1
হাদিসের	1
হাতুড়িপেটায়	1
হাতুড়িপেটা	1
হাতিরঝিল	1
হাতাহাতি	1
হাজ্জাজের	1
হাজারে	1
হাকাবি	1
হাওরাঞ্চলে	1
হাউসকেও	1
হাইপারক্যালেমিয়া	1
হাইড্রোথার্মাল	1
হাইডেক	1
হাঁড়ি	1
হাঁটুর	1
হা	1
হরিদাসকে	1
হরিণকে	1
হরফে	1
হয়েছেও	1
হবু	1
হত্যারও	1
হতাহতদের	1
হতভম্ব	1
হত	1
হটস্পটে	1
হট	1
হজের	1
হচ্ছেপানি	1
হকারের	1
হইতে	1
হইচই	1
স্লিং	1
স্যালুটের	1
স্যামসাংয়ের	1
স্যামসাং	1
স্যান্ডালাস	1
স্মোকার	1
স্মৃতিভ্রম	1
স্মার্টফোনে	1
স্মারকে	1
স্ব্য	1
স্বেচ্ছায়ও	1
স্বেচ্ছামূলক	1
স্বেচ্ছসেবীরা	1
স্বীকৃতিকে	1
স্বীকারোক্তিমূলক	1
স্বাস্থ্েক্সিকোতে	1
স্বার্থক	1
স্বাধীনতাবিরোধী	1
স্বাধীনতাকে	1
স্বাধিকার	1
স্বাদেশিকতার	1
স্বাজাত্যবোধ	1
স্বাক্ষ	1
স্বল্পমেয়াদে	1
স্বর্ণা	1
স্বর্ণসহ	1
স্বপ্নর	1
স্বপ্নপূরণ	1
স্বপ্নদোষের	1
স্বপ্নটাও	1
স্বপ্নও	1
স্বতঃস্ফূর্ততা	1
স্প্লিন্টারের	1
স্প্র্যাটের	1
স্পোর্টসের	1
স্পেনভিত্তিক	1
স্পষ্টতার	1
স্পষ্টত	1
স্নায়ুবিক	1
স্থ্য	1
স্থায়ীপ্রার্থীর	1
স্থায়িত্ব	1
স্থাপনেই	1
স্থাপনকারীদের	1
স্থানেই	1
স্থানান্তরের	1
স্থল	1
স্থবিরতায়	1
স্ট্রোকের	1
স্ট্রেস	1
স্ট্রিট	1
স্ট্রাগল	1
স্ট্যার্ন্ডাড	1
স্ট্যাম্প	1
স্ট্যামফোর্ড	1
স্ট্যান্ডার্ডস	1
স্ট্যান্ডবাজির	1
স্টোরেজের	1
স্টোকসের	1
স্টোকস	1
স্টেশনটি	1
স্টের	1
স্টালিন	1
স্টারের	1
স্টাইলিংয়ের	1
স্ক্র্যাচ	1
স্ক্যানারসহ	1
স্কোয়াড্রনের	1
স্কোয়াড্রন	1
স্কারবোরো	1
স্কলাস্টিকা	1
স্কপের	1
স্কপ	1
স্	1
সৌরশক্তির	1
সৌরবিদ্যুতের	1
সৌর	1
সৌন্দর্যচর্চার	1
সোহাগা	1
সোলজার	1
সোর্সিং	1
সোনায়	1
সোনাকানিয়া	1
সৈয়দাবাদ	1
সেহেতু	1
সেশেলস	1
সেলেসাওরা	1
সেলেগালের	1
সেলুকাস	1
সেলিমকে	1
সেলিব্রেশনের	1
সেলফিতে	1
সেরেছেন	1
সেরে	1
সেমিস্টারের	1
সেবাপ্রত্যাশী	1
সেফ	1
সেন্টারেও	1
সেন্টারগুলোর	1
সেনেগালিজ	1
সেনাসদস্য	1
সেনাসদস্	1
সেনারা	1
সেনাবাহিনীসহ	1
সেনাবাহিনকুলেটর	1
সেনাবাহিন	1
সেনাব	1
সেনসেশনের	1
সেদ্ধ	1
সেটেলারররা	1
সেটারই	1
সেজন্যে	1
সেচপাম্প	1
সেগু	1
সেক্টবাংলাদেশী	1
সেক্	1
সেকশন	1
সেইসব	1
সেইফটি	1
সেইটিই	1
সৃষ্	1
সূত্রাপুরের	1
সূচিপত্র	1
সূচিত	1
সুশোভিত	1
সুশীতল	1
সুলুক	1
সুলিভান	1
সুরেশের	1
সুরকার	1
সুযোগ২৪২	1
সুযোগ্য	1
সুযোগব্যাংকার্স	1
সুযোগজনস্বাস্থ্য	1
সুমি	1
সুমতি	1
সুব্রত	1
সুবিশাল	1
সুবিধাবাদের	1
সুবিধাই	1
সুফলা	1
সুজলা	1
সুগন্ধি	1
সুখকর	1
সুইডেনে	1
সীমিতি	1
সীমান্তরক্ষী	1
সিসিটি	1
সিসা	1
সিলেটকে	1
সিলিন্ডারের	1
সিলিকা	1
সিলিকন	1
সিরিজও	1
সিরাজগঞ্জের	1
সিমন	1
সিপিএ	1
সিনহুয়ার	1
সিনহুয়া	1
সিদ্ধা	1
সিদ্ধ	1
সিডনি	1
সিটিতেই	1
সিটিটিসির	1
সিঙ্গাপুরে	1
সিঙ্ক	1
সিকিউরিটাইজেশনসহ	1
সিকিউর	1
সিকিউ	1
সিএমও	1
সিএমএ	1
সিইপিএ	1
সিই	1
সিআইবি	1
সিংহেরকাঠী	1
সাহায্যের	1
সাহায্যে	1
সাশ্রয়ের	1
সালিশে	1
সালসা	1
সার্টিফেকেট	1
সার্টিফিকেটে	1
সার্জনের	1
সার্চে	1
সারির	1
সারিয়াকান্দি	1
সারাবিশ্বেই	1
সারও	1
সায়েন্সল্যাব	1
সামিনা	1
সামান্থা	1
সামর্থ্যবান	1
সামছুদ্দিন	1
সাভারের	1
সাভারে	1
সাবেকনসভাপতি	1
সাবাহ	1
সাবস্টিটিউট	1
সাবস্ক্রিপনের	1
সাবলেট	1
সাফ	1
সানলাইফ	1
সাধ্যমতো	1
সাধ্য	1
সাধুবাদ	1
সাধা	1
সাধনার	1
সাদৃশ্যপূর্ণ	1
সাদিকা	1
সাদাত	1
সাতটিই	1
সাতজনই	1
সাতক্ষীরার	1
সাতক্ষীরায়	1
সাজ্জা	1
সাজান	1
সাগরপারের	1
সাক্ষীকে	1
সাক্ষাৎকা	1
সাক্ষাৎক	1
সাকসেশন	1
সাক	1
সাইডলাইন	1
সাংস	1
সাংবাদিকসহ	1
সাংবাদিকতায়	1
সাংবাদিককে	1
সহিত	1
সহসম্পাদক	1
সহপাঠীরা	1
সহন	1
সহজীকরণের	1
সহজীকরণে	1
সহজবোধ্য	1
সলেমানের	1
সলঙ্গায়	1
সর্বসম্মতিক্রমে	1
সর্বসম্মতভাবে	1
সর্বশ্রেষ্ঠ	1
সর্বশেে	1
সর্বশেষঁদের	1
সর্তকতা	1
সরলসহ	1
সরবরাহেও	1
সরনী	1
সরতে	1
সরণীর	1
সরঞ্জামসহ	1
সরকারিখাতের	1
সরকারব্	1
সরকারপদ্ধতি	1
সর	1
সম্মৃদ্ধ	1
সম্ভাবনাগুলো	1
সম্ভাবনাই	1
সম্বন্ধে	1
সম্প্রীতির	1
সম্প্রদায়গুলোতে	1
সম্প্রচারস্বত্ব	1
সম্প্র	1
সম্পাদ	1
সম্পর্ক্তরাষ্ট্র	1
সম্পর্কও	1
সম্পর্কই	1
সম্পর	1
সম্ংবাদ	1
সম্	1
সমেমন	1
সমৃদ্ধিশালী	1
সমৃদ্ধি	1
সমীক্ষার	1
সমীক্ষায়	1
সমীক্ষা	1
সমাবেশের	1
সমাপ্তকারী	1
সমাধিস্থলটি	1
সমাগমের	1
সময়েও	1
সময়ানুবর্তিতা	1
সময়সূচির	1
সময়নির্ভর	1
সময়কাল	1
সমমনাদের	1
সমবায়মন্ত্রী	1
সমপর্যায়ের	1
সমপরিমাণ	1
সমনোলেন্স	1
সমতাসূচক	1
সমতলে	1
সমকালের	1
সভাপতিমণ্ডলীর	1
সবধরণের	1
সবকিছর	1
সফররত	1
সফরত	1
সফ	1
সপ্তাহেরও	1
সন্দেহাতীতভাবে	1
সন্ত্রাসে	1
সন্তানেরা	1
সন্তানেরও	1
সন্	1
সনিক	1
সদা	1
সদরদফতর	1
সদরঘাট	1
সত্যভাষী	1
সত্যবাদী	1
সত্তরের	1
সতর্কভাবে	1
সড়কগুলো	1
সঞ্চারিত	1
সচেতনতামূলক	1
সচিবের	1
সচিবালয়ের	1
সক্ষমতারও	1
সক্ষমতাই	1
সক্রিয়তাকে	1
সক্রিয়করণের	1
সংস্কৃত	1
সংসারধর্মের	1
সংস	1
সংশোধনমূলক	1
সংরক্ষণাগার	1
সংযোগের	1
সংযোগকারী	1
সংবাদটি	1
সংবাদকর্মীরা	1
সংবা	1
সংব	1
সংঘবদ	1
সংগ্রহেও	1
সংগীতশিল্পীর	1
সংগীতশিল্পীকে	1
সংগীতজীবন	1
সংগঠনটিকে	1
সংখ্যাটি	1
সংখ্যাগুলো	1
সংকটেও	1
ষ্ট্র	1
ষাৎকার	1
ষা	1
ষষ্ঠবারের	1
ষড়্ঋতুর	1
ষড়যন্ত্রের	1
ষঙ্গ	1
শ্লীলতাহানি	1
শ্রীনগরের	1
শ্রীনগর	1
শ্রমঘণ্টার	1
শ্রমঘণ্টা	1
শ্রদ্ধার	1
শ্রদ্ধাভরে	1
শ্রদ্ধানিবেদন	1
শ্যাম্পুতে	1
শ্যাম্পু	1
শ্যামলা	1
শ্যামপুরের	1
শ্মিহালের	1
শ্মিহালই	1
শ্বাসরোধে	1
শ্বাসরোধ	1
শোর	1
শোকবার্তা	1
শোকজ্ঞাপন	1
শোকগ্রস্ত	1
শেষবার	1
শেষকৃত্যে	1
শেলটেক	1
শেয়ারের	1
শেয়ারিং	1
শুশ্রূষায়ও	1
শুরুই	1
শুমারিতে	1
শুভাশুভের	1
শুভাশুভ	1
শুনবে	1
শুনছি	1
শু	1
শীতে	1
শিশুশ্রমের	1
শিশুবক্তা	1
শিশুখেলনা	1
শিশুই	1
শিশ	1
শিল্পাঞ্চলে	1
শিল্পসত্তা	1
শিল্পপ্রতিষ্ঠানের	1
শিল্পচর্চা	1
শিল্পগোষ্ঠীর	1
শিল্পগোষ্ঠী	1
শিল্পকে	1
শিল্পকারখানায়	1
শিল্পকর্মে	1
শিলুয়া	1
শিলাবৃষ্টি	1
শিলপাটায়	1
শিরোমণি	1
শিরোনাযোক্তা	1
শিরো	1
শিরশ্ছেদ	1
শিয়াল	1
শিয়ারার	1
শিফটে	1
শিপুডেনের	1
শিপমেন্টের	1
শিপমেন্ট	1
শিপব্রোকার	1
শিপ	1
শিথিলতার	1
শিটে	1
শিক্ষাক্ষেত্রেই	1
শিক্ষকমণ্ডলী	1
শিকারীর	1
শিকাগো	1
শিক	1
শিংয়ে	1
শি	1
শাহীনের	1
শাহাদাতবার্ষিকীতে	1
শাহাদাতবার্ষিকী	1
শাহরীন	1
শাহরিয়া	1
শাস্তিস্বরূপ	1
শায়িত	1
শাবলের	1
শাফী	1
শান্তির	1
শান্তিনিকেতনে	1
শান্তিনগর	1
শানুকে	1
শানিত	1
শাড়িটির	1
শাড়িকাণ্ড	1
শাখাতেই	1
শাইন	1
শাংহাইয়ের	1
শহুরে	1
শহীদুল্লাহকে	1
শহিদ	1
শহরগুলো	1
শস্যে	1
শরৎকুমার	1
শর্শা	1
শর্তের	1
শর্তটি	1
শরীয়তপুরে	1
শরণা	1
শফিকের	1
শপটির	1
শনের	1
শনি	1
শত্রুভাবাপন্ন	1
শত্রুপক্	1
শত্রুদের	1
শতাব্দীতেও	1
ল্যাপটপ	1
ল্যান্ড	1
ল্যাঙ্গুয়েজে	1
লোহালিয়া	1
লোহাগাড়াসহ	1
লোলুপ	1
লোল	1
লোপেজ	1
লোনা	1
লোগোর	1
লোকেশনও	1
লোকালয়	1
লোকঐতিহ্য	1
লেয়ারড	1
লেয়ান্দ্রো	1
লেবুতে	1
লেফট	1
লেখাকে	1
লেখনীতেও	1
লেখনীকে	1
লেখনী	1
লেখ	1
লিস্তিনি	1
লিসান্দ্রো	1
লিপিবদ্ধ	1
লিনেকার	1
লিটারে	1
লিটার	1
লিট	1
লিখেন	1
লিখিয়েছে	1
লিখি	1
লিওর	1
লিউ	1
লিংকগুলোয়	1
লিংকগুলো	1
লাহিড়ী	1
লালিত	1
লালমোহনে	1
লালমনিরহাটের	1
লায়ন্স	1
লাম্পি	1
লামিয়া	1
লামিনেকে	1
লামিন	1
লামায়	1
লাম	1
লাবলুর	1
লাপোলা	1
লাতিনের	1
লাচান্নাকে	1
লাঙল	1
লাঘব	1
লাগিয়েই	1
লাগামহীন	1
লাগতো	1
লাউয়াছড়ায়	1
লাইল্যাঁঘোনা	1
লাইটপোস্টের	1
লাই	1
লবিং	1
লন্ডনে	1
লন্ডনসহ	1
লড়াইটি	1
লড়বে	1
লজ্জাবতী	1
লজ্জাজনক	1
লছে	1
লঙ্কানদের	1
লগো	1
লক্ষ্যেই	1
লক্ষ্যস্থলগুলোতে	1
লক্ষ্যভেদের	1
লক্ষ্যভিত্তিক	1
লক্ষ্যবস্তুগুলো	1
লকডাউনের	1
লকডাউনে	1
র্যাত্বের	1
র্যাঙ্কিংয়ে	1
র্তোয়া	1
র্তা	1
র্কিত	1
র্ক	1
রোহানের	1
রোমান	1
রোবোটিক	1
রোবোকাপ	1
রোপা	1
রোডশোর	1
রোডশোতে	1
রোডম্যাপে	1
রোজারিওর	1
রোজায়	1
রোজগার	1
রোগগুলোর	1
রোকু	1
রেশমি	1
রেললাইনের	1
রেললাইনে	1
রেলগেট	1
রের	1
রেমিট্যান্স	1
রেভেন	1
রেঞ্জটি	1
রেগুলেটিং	1
রেকর্ডিংয়ে	1
রূপান্তরমূলক	1
রূপা	1
রূপকে	1
রূঢ়	1
রুমেল	1
রুমু	1
রুমায়	1
রুবাইয়াত	1
রুপিরও	1
রুপারও	1
রুথ	1
রুটগুলোতে	1
রুগ্ণ	1
রুক্ষভাব	1
রুক্ষ	1
রুকুকারীদের	1
রুকু	1
রীদের	1
রী	1
রিসার্চ	1
রিসাইক্লার্স	1
রিশাল	1
রিলেশন্স	1
রিলেশনস	1
রিয়াল	1
রিয়াদে	1
রিভারস্টোন	1
রিবারের	1
রিবন	1
রিপ্লেতে	1
রিপোস্ট	1
রিপোজিটরি	1
রিডার	1
রিটও	1
রিজিজু	1
রিজিকে	1
রিজিওনাল	1
রিজার্ভের	1
রিকশাচালকের	1
রিকভারি	1
রাহয়	1
রাসায়নিকনির্ভর	1
রাষ্ট্িশ্বকাপ	1
রাষ্ট্রীয়ভাবে	1
রাষ্ট্রভাষার	1
রাষ্ট্রবিরোধী	1
রাষ্ট্রনেতা	1
রাষ্ট্রনায়কের	1
রাশেদকে	1
রাশিফল	1
রার	1
রায়পুর	1
রায়ছাটা	1
রায়গঞ্জের	1
রায়গঞ্জে	1
রায়ও	1
রামুতে	1
রাফিসহ	1
রাফায়	1
রানার্সআপ	1
রাতযাপনের	1
রাতব্যাপী	1
রাজ্জাকের	1
রাজের	1
রাজাবাজার	1
রাজানতে	1
রাজস্থলীসহ	1
রাজশাহীতে	1
রাজবাড়ীতে	1
রাজপথের	1
রাজধানীর্কিত	1
রাজধানীজুড়ে	1
রাজকুমার	1
রাগিব	1
রাখলে	1
রাখল	1
রহস্যজনকভাবে	1
রহমতে	1
রহ	1
রসুলের	1
রয়োজনীয়	1
রয়টার্সে	1
রবীন্দ্রনাথ	1
রবিবারের	1
রবার	1
রফিয়াদি	1
রফতানিযোগ্য	1
রফতানিকে	1
রপ্তানী	1
রপ্তানির	1
রপলেও	1
রনিকে	1
রদবদলে	1
রথযাত্রায়	1
রজার্স	1
রচ্ছদ	1
রক্ষী	1
রক্ষণ	1
রকে	1
রক	1
রংকে	1
যৌনপীড়ন	1
যৌতুকের	1
যোগ্যতাপুরুষের	1
যোগ্যতাও	1
যের	1
যেকোনোটিই	1
যুবসংঘ	1
যুবলীগের	1
যুবরাজ	1
যুদ্ধাপরা	1
যুদ্ধটা	1
যুদ্ধক্ষেত্রগুলোতে	1
যুগলের	1
যুক্তিসংগত	1
যুক	1
যাশন	1
যাম্পাস	1
যাবের	1
যাবার	1
যাত্রীসহ	1
যাওয়াবমি	1
যাও	1
য়োজন	1
য়োগ	1
য়ামত	1
য়া	1
যমুনার	1
যমুন	1
যবস্থা	1
যন্ত্রপাতিসহ	1
যথার্থতা	1
যতিযোদ্ধা	1
যজ্ঞে	1
ম্রো	1
ম্যানুয়াল	1
ম্যাডামকে	1
ম্যাজিস্ট্রেটের	1
ম্যাচটিতে	1
ম্যা	1
ম্	1
মৌলভীবাজারের	1
মৌর্য	1
মৌয়ের	1
মৌজায়	1
মোহাম্	1
মোহভঙ্গ	1
মোহ	1
মোস্তফাসহ	1
মোসাল্লায়	1
মোশাররফ	1
মোবাই	1
মোনাজত	1
মোদিকে	1
মোটরসাইকসহ	1
মোজতবার	1
মোগো	1
মোকাররমের	1
মেহেন্দীগঞ্জে	1
মেসেঞ্জারও	1
মেসিতে	1
মেসিকেই	1
মেস	1
মেশিনগান	1
মেশাবেন	1
মেশানোর	1
মেরাম	1
মেধাবীরা	1
মেধাবীর	1
মেথুইচিং	1
মেতেছিলেন	1
মেডিকেলের	1
মেড	1
মেট্	1
মেটে	1
মেটাল	1
মেজো	1
মেছো	1
মেগাস্থিনিসের	1
মেকআপও	1
মেইনটেন্যান্স	1
মৃত্যুদিনে	1
মৃত্যুদণ্ডের	1
মৃত্য	1
মৃণাল	1
মূল্যবৃদ্ধি	1
মূল্যতালিকা	1
মূলে	1
মূলধনবাজারে	1
মুহূর্তটি	1
মুহূর্তও	1
মুস্তাফা	1
মুসাফাহা	1
মুসান্দাম	1
মুশফিকের	1
মুশফিকুর	1
মুশফিক	1
মুশতারীকে	1
মুশতারী	1
মুলপাতা	1
মুরিদ	1
মুরগিতে	1
মুমিন	1
মুফতিগণকে	1
মুদ্িয়ারার	1
মুদি	1
মুঠোফোনসহ	1
মুজিববর্ষে	1
মুছুন	1
মুচড়ে	1
মুগদা	1
মুখোমু	1
মুখো	1
মুখেও	1
মুখাপেক্ষিতার	1
মুখগুলো	1
মুক্তাদির	1
মুক্তাগাছায়	1
মুক্তমঞ্চ	1
মুক্	1
মুকুট	1
মুকিম	1
মুক	1
মুং	1
মিষ্টার	1
মিশিগান	1
মিল্কিওয়ের	1
মিলান	1
মিললেও	1
মিলনসীমায়	1
মিয়ামিতে	1
মিয়ামি	1
মিনারে	1
মিথ্যাচার	1
মিথোস	1
মিত্রতাকে	1
মিটারগেজ	1
মিটফোর্ড	1
মিছিলের	1
মিকাহ	1
মাহাবুব	1
মাহাত্ম্য	1
মাহশহর	1
মাহবুবের	1
মাস্টারকার্ডের	1
মাসুদুল	1
মাসকাট	1
মাশুল	1
মাশহাদ	1
মাল্ট	1
মালে	1
মালিয়াটি	1
মালিবাগে	1
মালিবাগসহ	1
মার্টিনেজ	1
মারীবনযাপন	1
মারমা	1
মামল	1
মানুষকেই	1
মানিকগঞ্জের	1
মানহীন	1
মানবিকতা	1
মানবসমাজের	1
মানবলাইন	1
মানববন্ধনসহ	1
মানবধর্ম	1
মানবতাবাদী	1
মানবজীবনে	1
মাধ্যমের	1
মাদানীকে	1
মাদকসেবীদের	1
মাদকসেবীকে	1
মাদককারবারিকে	1
মাদ	1
মাত্রিক	1
মাতোয়ারা	1
মাতৃভাষার	1
মাঠগুলো	1
মাটিকে	1
মাঝামাঝিতে	1
মাঝমাঠে	1
মাজেদ	1
মাজ	1
মাছে	1
মাগনাই	1
মাইলস্টোন	1
মাইনুল	1
মাইন	1
মাইক্রোবাসে	1
মাইক্রোপ্লাস্টিক	1
মাইক	1
মহিষের	1
মহিউদ্দি	1
মহাসম্মেলনে	1
মহাসড়কেও	1
মহারথীর	1
মহাযজ্ঞ	1
মহাপ্রয়াণ	1
মহাপরিদর্শকের	1
মহাপরিদপ্তরের	1
মহাপরিকল্পনাকে	1
মহানগরীসহ	1
মহররম	1
মহড়াগুলো	1
মহখালীর	1
মসলা	1
মসজিদকে	1
মশাল	1
মশাবাহিত	1
মল্লিকেরশেষ	1
মলে	1
মর্যাদারও	1
মর্ডান	1
মর্টারের	1
মরিশাস	1
মরিয়ম	1
মরিনহো	1
মরহুমের	1
মরমীয়	1
মরণফাঁদ	1
মরগান	1
মরক্কোতে	1
ময়নাতদন্তে	1
ময়	1
মন্নভিজ্ঞতা	1
মন্ত্রি	1
মন্	1
মনোযোগটা	1
মনেই	1
মনুষ্যত্বও	1
মনুষ্যত্ব	1
মনীষীরা	1
মনীষীর	1
মনামির	1
মননশীল	1
মনন	1
মধ্যস্বত্বভোগীদের	1
মধ্যরামচন্দ্রপুর	1
মধ্যমণি	1
মধ্যপ্রাচ্যসহ	1
মধ্	1
মধুপুরের	1
মদপানের	1
মণি	1
মটুকপুর	1
মজুমদারকে	1
মওকুফসহ	1
মই	1
ভ্রু	1
ভ্যালির	1
ভ্যান্সেরই	1
ভ্যান্সকে	1
ভ্যানচালকের	1
ভ্যানচাপায়	1
ভোল্টেজের	1
ভোলেন	1
ভোটারের	1
ভোটারদের	1
ভোজ্যতেলসহ	1
ভোগ্যপণ্য	1
ভোগেন	1
ভোগে	1
ভেরিফা	1
ভেদকা	1
ভেড়ামারা	1
ভেজালযুক্ত	1
ভূমিহীনদের	1
ভূমিকারও	1
ভূজপুরে	1
ভূজপুরকে	1
ভূখণ্ডটি	1
ভূইয়ার	1
ভুলবেন	1
ভুলবে	1
ভুলব	1
ভুলও	1
ভুগল	1
ভুক্তভোগীহিলির	1
ভুঁইয়ার	1
ভিসানীতির	1
ভিসানীতি	1
ভিন্নভাবেও	1
ভিনমেক	1
ভিত্তিহীন	1
ভিত্তিও	1
ভিতরটা	1
ভিত	1
ভিড	1
ভিএআরের	1
ভিউতেই	1
ভিউতে	1
ভাস্কর্য	1
ভাসছেন	1
ভাসছিল	1
ভাষাসমস্যা	1
ভাষাকে	1
ভাষ	1
ভাল্টারের	1
ভারতবর্ষের	1
ভাবী	1
ভাবধারার	1
ভাবগাম্বীর্যের	1
ভাপিয়ে	1
ভাপ	1
ভাটিয়ালীর	1
ভাটারা	1
ভাজুন	1
ভাঙারি	1
ভাঙবেন	1
ভাগ্যক্রমে	1
ভাগাড়ে	1
ভাগনির	1
ভাওয়াইয়া	1
ভাইকিং	1
ভাঁজ	1
ভা	1
ভর্তার	1
ভরিয়ে	1
ভরাডুবি	1
ভরপেট	1
ভয়েসের	1
ভবিষ্যদ্বাণীই	1
ভবনও	1
ভক্তি	1
ব্ল্যাকআউটের	1
ব্লাউজে	1
ব্লাউজ	1
ব্র্যান্ডনিউ	1
ব্র্যান্ডগুলোই	1
ব্র্যাঞ্চ	1
ব্রোকারেজ	1
ব্রেন্ডন	1
ব্রেকার্স	1
ব্রিজঘাটা	1
ব্র	1
ব্যাসের	1
ব্যাসপুর	1
ব্যালান্স	1
ব্যাপ	1
ব্যাটিংয়ে	1
ব্যাটার	1
ব্যাটলিয়নের	1
ব্যাজ	1
ব্যাঘাতের	1
ব্যাঘাত	1
ব্যাগের	1
ব্যাক্তিগত	1
ব্যাকলেস	1
ব্যাকআপে	1
ব্যাংকো	1
ব্যাংকনৌবাহিনীর	1
ব্যাংকটিতে	1
ব্যাংকগুলোর	1
ব্যাংকগুলো	1
ব্যাংককারিগরি	1
ব্যাংকঋণকে	1
ব্যস্ততম	1
ব্যসলামিক	1
ব্যয়বহ	1
ব্যবহারেই	1
ব্যবহারযোগ্য	1
ব্যবহ	1
ব্যবস্থাপকসহ	1
ব্যবসাকেন্দ্রগুলো	1
ব্যক্তিভেদে	1
ব্নোয়ার	1
বৌ	1
বোহো	1
বোল্টনকে	1
বোরো	1
বোরিং	1
বোর	1
বোমাবর্ষণে	1
বোনই	1
বোধে	1
বৈশাখী	1
বৈঠা	1
বৈঠকখানা	1
বৈচিত্র্যায়নে	1
বৈকল্য	1
বেহেশত	1
বেহাত	1
বেশী	1
বেশিরভাগই	1
বের্তা	1
বেবিচকে	1
বেন	1
বেদন	1
বেড়েছেও	1
বেটের	1
বেটে	1
বেঞ্চমার্ক	1
বেচাকেনার	1
বেঙ্গালুরুর	1
বেগমসহ	1
বেইজড	1
বৃহস্পত	1
বৃষ্টিতেও	1
বৃদ্ধিও	1
বৃদ্ধিই	1
বৃত	1
বৃক্ষরোপণকে	1
বুসকোনি	1
বুলেট	1
বুন্দেসতাগের	1
বুনছেন	1
বুধবারে	1
বুদ্ধিজীবীকুলের	1
বুদ্ধি	1
বুড়িগঙ্গায়	1
বীজের	1
বিস্ময়করভাবে	1
বিষযুক্ত	1
বিষয়ভিত্তিক	1
বিষয়গুলি	1
বিষফোঁড়া	1
বিষপান	1
বিষখালী	1
বিশ্লেষণাত্মক	1
বিশ্রামের	1
বিশ্ববাণিজ	1
বিশ্বজয়ের	1
বিশ্বজয়ীরা	1
বিশ্বচ্যাম্পিয়নদের	1
বিশ্	1
বিশেষায়	1
বিশেষণ	1
বিশৃঙ্খল	1
বিল্লাল	1
বিলসহ	1
বির্তক	1
বিরূদ্ধে	1
বিরুদ্ধেও	1
বিরতিহীনভাবে	1
বির	1
বিমানেই	1
বিমানবন্দর্যকর	1
বিমানবন্দরগুলোর	1
বিমানঘাঁটি	1
বিভুরঞ্জন	1
বিভাজনে	1
বিবেকবান	1
বিবাহিত	1
বিব	1
বিপৎসী	1
বিপাক	1
বিপথগামী	1
বিপত্তিকে	1
বিপজ্জনকভাবে	1
বিনিয়োগবান্ধব	1
বিধিতে	1
বিদ্যুৎবিচ্ছিন্ন	1
বিদ্যালয়েরও	1
বিদ্যালয়ভিত্তিক	1
বিদ্যালয়গুলোতে	1
বিদ্যাপতি	1
বিদ্বেষের	1
বিদেশী	1
বিদেশযাত্রার	1
বিদেশযাত্রায়	1
বিদেশমুখী	1
বিদা	1
বিথীকা	1
বিতরণীর	1
বিডিএস	1
বিডা	1
বিটিএম	1
বিজ্ঞাপনসহ	1
বিজ্ঞানাদ	1
বিজ্ঞানরম্	1
বিজ্ঞানচিন্সর্বশেষ	1
বিজ্ঞানচিন্	1
বিজ্ঞানচিন	1
বিজ্ঞানচি	1
বিজ্ঞানচ	1
বিজ্ঞা	1
বিজ্	1
বিজিবিকে	1
বিজিএমইএকে	1
বিজিআরসি	1
বিচারাধীন	1
বিচারপ্রার্থী	1
বিঘার	1
বিক্ষোভের	1
বিক্ষোভকারীরা	1
বিকেন্দ্রীকরণের	1
বিকিয়ে	1
বিকাশেও	1
বিকাশজনিত	1
বিকাশকে	1
বিএসসিসি	1
বিএসএফ	1
বিএমডি	1
বিএন	1
বিইউএফটিতে	1
বিআইপি	1
বিআইএ	1
বিআই	1
বাহিনীকোর্সের	1
বাহিনীই	1
বাহারি	1
বাহারছরা	1
বাহারকে	1
বাহার	1
বাহাদুর	1
বাহনের	1
বাস্তুচ্যুতি	1
বাস্তবেই	1
বাসাবাড়িসহ	1
বাসাবাড়ির	1
বাসটিতে	1
বালেগ	1
বালুর	1
বালুঘাটকে	1
বালিশে	1
বাল	1
বার্মা	1
বার্ধক্যজনিত	1
বার্তার	1
বায়ুদূষণ	1
বায়ান্নতে	1
বাবামা	1
বাবাদের	1
বাবাকেও	1
বাব	1
বান্দ্রার	1
বান্দার	1
বান্ডিল	1
বানিরাপত্তা	1
বানিয়েছিলেন	1
বানিয়েছিল	1
বানর	1
বাধ্যতামূলকভাবে	1
বাদের	1
বাদানুবাদ	1
বাতিঘর	1
বাতাসজনিত	1
বাতাসও	1
বাণিজ্যকেন্দ্র	1
বাণটি	1
বাড়িছাড়া	1
বাড়িওয়ালার	1
বাড়িও	1
বাড়াবাড়ি	1
বাড়তেই	1
বাটেক্সপোকেও	1
বাটাজ	1
বাট	1
বাজেটটি	1
বাজালিয়া	1
বাজারসংশ্লিষ্টরা	1
বাজারজাতকরণের	1
বাজারজাতকরণ	1
বাজারও	1
বাজবে	1
বাচ্চুর	1
বাঙ্গারাম	1
বাঙালিরাও	1
বাঙালিয়ানার	1
বাঙালিদের	1
বাঙালিকে	1
বাগেরহাটে	1
বাগাতিপাড়া	1
বাগদানের	1
বাকারা	1
বাকস্বাধীনতাকে	1
বাকশক্তি	1
বাওয়া	1
বাউফলে	1
বাইঅতনামা	1
বাংলামোটরের	1
বাঁশবাগানে	1
বাঁশখালীসহ	1
বাঁকের	1
বাঁকিয়ে	1
বহুমুখীকরণে	1
বহুপক্ষীয়	1
বহদ্দারহাট	1
বস্ত্রহীনকে	1
বস্তুগত	1
বসের	1
বসেছিলেন	1
বসীরহাটে	1
বসতিগুলো	1
বসতভিটাসহ	1
বশেষ	1
বলো	1
বলতেও	1
বর্গফুট	1
বরেণ্য	1
বরিশালবাসীর	1
বরাদ্দে	1
বরফের	1
বরফঠান্ডা	1
বরজ	1
বরকে	1
বরকতময়	1
বর	1
বয়াল	1
বয়ানে	1
বয়স্করা	1
বন্ধনে	1
বন্দুকধারীর	1
বন্দুকধারী	1
বন্দিবিনিময়	1
বনীতি	1
বনানীসহ	1
বনানি	1
বনরুটি	1
বদ্ধপরিকর	1
বডির	1
বড়িশালের	1
বড়লোক	1
বড়ইতলী	1
বটম	1
বজ্রাঘাতের	1
বজ্রমুষ্টি	1
বঙ্গাব্দে	1
বঙ্গবন্ধুকন্যা	1
বক্সে	1
বক্তৃতায়	1
বকধার্মিক	1
বউনি	1
বংশীয়	1
বংশালের	1
বংশ	1
ফ্র্যাঞ্চাইজি	1
ফ্রেশনার	1
ফ্রেমে	1
ফ্রিল্যান্সার	1
ফ্রিল্যান	1
ফ্রিপিক	1
ফ্রিটজ	1
ফ্রান্সেও	1
ফ্রান্সিসকোয়	1
ফ্রাইপ্যানে	1
ফ্রন্টলাইনের	1
ফ্যামিলির	1
ফ্যাব্রিক	1
ফ্যাট	1
ফ্যাক্টচেকিং	1
ফ্	1
ফোল্ডেবল	1
ফোনগুলোর	1
ফোটাতে	1
ফোকাসটা	1
ফেসুবক	1
ফেললেও	1
ফেলবেন	1
ফেলবে	1
ফেরের	1
ফেরিটি	1
ফেরিঘাটে	1
ফেভারিট	1
ফেবারিটের	1
ফেবল	1
ফেনীতে	1
ফেঁসে	1
ফুলবাড়ীতে	1
ফুলগাজীতে	1
ফুয়েন্তের	1
ফুটেজ	1
ফুটিয়েছিলেন	1
ফুটবলবিষয়ক	1
ফুটবলপ্রেমীর	1
ফুটবলই	1
ফুটতেই	1
ফুকুয়া	1
ফিসহ	1
ফিলিপ্পো	1
ফিলিপাইনসহ	1
ফিরেছেন	1
ফিরেই	1
ফিরতেই	1
ফিরছিল	1
ফিদজি	1
ফিডিংয়ের	1
ফিডিংয়ে	1
ফিচারগত	1
ফিচ	1
ফাহোলিওথিন	1
ফাহাদের	1
ফাস	1
ফাযিল	1
ফায়াজ	1
ফান্ডসহ	1
ফাদার	1
ফাতিহুল	1
ফাউন্	1
ফাঁপা	1
ফাঁদসর্বস্বান্ত	1
ফল্ধ৬	1
ফলাফলভিত্তিক	1
ফলাফলও	1
ফলাতে	1
ফলজ	1
ফরমালিন	1
ফজিলত	1
প্ল্যাটফর্মগুলোকে	1
প্ল্যাটফর্মগুলো	1
প্ল্যাটফর্মই	1
প্লেসে	1
প্লাস্টিকসহ	1
প্লাবনসহ	1
প্লাটফর্মের	1
প্লাজার	1
প্রোজ্জ্বল	1
প্রোগ্রামিংয়ের	1
প্রোগ্রামারদের	1
প্রেসিডেন্সিয়াল	1
প্রেসিডেন্টকে	1
প্রেরণে	1
প্রেরকের	1
প্রেক্ষিত	1
প্রিয়ংবদ	1
প্রিটোরিয়াসহ	1
প্রিইভেসি	1
প্রার্থ	1
প্রাপ্তি	1
প্রাপকের	1
প্রাধান্যে	1
প্রাথম	1
প্রাতিষ্ঠান	1
প্রাণীবিদ্যা	1
প্রাণীগুলোর	1
প্রাণিসম্পদে	1
প্রাণভয়ে	1
প্রাচ্যে	1
প্রাক্কালে	1
প্রাকৃতিকর	1
প্রাকৃতিকভাবে	1
প্রাইসিং	1
প্রাইস	1
প্রাইমারি	1
প্রাইড	1
প্রস্থান	1
প্রস্তুতের	1
প্রস্তুতিগুলো	1
প্রস্তুতকরণ	1
প্রস্তাবে	1
প্রস্তাবটিকে	1
প্রসপেক্টাসে	1
প্রশ্রয়	1
প্রশ্নধারার	1
প্রশাসনিকভাবে	1
প্রশাসনগুলো	1
প্রশা	1
প্রশস্তকরণে	1
প্রশ	1
প্রযোজিত	1
প্রয়োগমূলক	1
প্রয়াণ	1
প্রমিক	1
প্রমাণযোগ্য	1
প্রভু	1
প্রভাষক	1
প্রভাবশালীই	1
প্রবেশপত্রে	1
প্রবাসীকল্যাণ	1
প্রবর্তিত	1
প্রবণ	1
প্রফেশনালস	1
প্রফিট	1
প্রধানমন্ত্রীরে	1
প্রধানমন্ত্	1
প্রধানমন্ত	1
প্রদর্শনে	1
প্রদর্শক	1
প্রথমার্ধের	1
প্রথমবা	1
প্রথমধাপে	1
প্রথমটির	1
প্রত্যেকেরই	1
প্রত্যেকটিকে	1
প্রত্যেকটা	1
প্রত্যাবর্তনে	1
প্রত্যাখিত	1
প্রত্যর্পণ	1
প্রত্যক্ষদ	1
প্রতীক্ষায়	1
প্রতীকে	1
প্রতিষ্ঠালগ্ন	1
প্রতিষ্ঠানগুলোতে	1
প্রতিষ্ঠাটির	1
প্রতিষেধক	1
প্রতিশ্	1
প্রতিশোধের	1
প্রতিযোগী	1
প্রতিমন্ত্রীরা	1
প্রতিভাবান	1
প্রতিবেদনগুলোর	1
প্রতিবেদনগুলো	1
প্রতিবন্ধীকে	1
প্রতিব	1
প্রতিপালনের	1
প্রতিপক	1
প্রতিনিধির	1
প্রতিনিধিদলটিকে	1
প্রতিদ্বন্দ্বিতাকে	1
প্রতিজ	1
প্রতারকটি	1
প্রতাপের	1
প্রতপ্রধান	1
প্রণালীকে	1
প্রণাম	1
প্রণয়নসহ	1
প্রজ্বলিত	1
প্রজ্ঞাপনে	1
প্রজ্ঞাদীপ্ত	1
প্রজন্মশহর	1
প্রজন্মভিত্তিক	1
প্রজননক্ষমতা	1
প্রচারিত	1
প্রচারণাকে	1
প্রচলনে	1
প্রক্টরসহ	1
প্রকৃতিরই	1
প্রকাশ্যেই	1
প্রকারের	1
প্রকারান্তরে	1
প্রকল্পসহ	1
প্যারোলে	1
প্যারামেডিক্যাল	1
প্যানক্রিয়াস	1
পৌঁছেনি	1
পৌঁছাচ্ছে	1
পোস্টারে	1
পোস্টপ্রান্ডিয়াল	1
পোশাকসহ	1
পোশাকশ্রমিকরা	1
পোর্টেবল	1
পোর	1
পোড়ানোর	1
পোড়ানো	1
পেস্টিসাইডস	1
পেসো	1
পেশাদারিত্বকে	1
পেশ	1
পেলেবেক	1
পেলা	1
পেপারসংক্রান্ত	1
পেন্টাগনের	1
পেনা	1
পেনডেন্ট	1
পেতেই	1
পেটেন্টও	1
পেটেন্ট	1
পেটকে	1
পেজ২৬	1
পেচেক	1
পেকিনগিজ	1
পৃথ্বী	1
পূর্বসূরিরা	1
পূর্বনির	1
পূর্তির	1
পূর্ণতা	1
পূ	1
পুষ্টিমান	1
পুষ্ট	1
পুশইন	1
পুলিশসহ	1
পুলিমের	1
পুরোনোটির	1
পুরুষসহ	1
পুরুষবেতন	1
পুরুষদের	1
পুরষ্কার	1
পুনর্মুদ্রণ	1
পুনর্মিলনী	1
পুনর্বহালসহ	1
পুনরুদ্ধারের	1
পুড়ল	1
পুকুরে	1
পুঁইছড়িসহ	1
পীযুষ	1
পিস্তল	1
পিয়াসার	1
পিয়াসা	1
পিপি	1
পিনাকল	1
পিত্তথলি	1
পিতরাজ	1
পিটুনি	1
পিটিআই	1
পিচ্ছিল	1
পিএইচপি	1
পাহাড়খেকোদের	1
পাহাড়কে	1
পাসকোড	1
পাশার	1
পাল্লা	1
পালাবদলের	1
পালনকারী	1
পার্লামেন্ট	1
পার্টনার্স	1
পারেদেসের	1
পারিয়াছে	1
পারাপারের	1
পারলার	1
পারফরম্যান্সও	1
পারফরমেন্স	1
পারধ	1
পাম্পের	1
পাম্পগুলো	1
পাম্পও	1
পাম	1
পাবিপ্রবিতে	1
পাবজি	1
পাপের	1
পানিপথটি	1
পানামা	1
পাথেয়	1
পাথরবোঝাই	1
পাত্রে	1
পাতিক	1
পাতাগুলো	1
পাতলা	1
পাড়াতে	1
পাঠ্যবইয়ে	1
পাঠ্যপুস্তকের	1
পাঠালাম	1
পাঠাচ্ছে	1
পাঠা	1
পাঠন	1
পাঠদাননির্ভর	1
পাঠকে	1
পাঠও	1
পাটোয়ারি	1
পাটায়	1
পাটসহ	1
পাটগ্রামে	1
পাটওয়ারীর	1
পাঞ্জাবি	1
পাছে	1
পাঙ্গা	1
পাকিস্তানবাদী	1
পাকানো	1
পাকাতে	1
পাওনা	1
পাউ	1
পাইলে	1
পাইরেসি	1
পাইকারেরা	1
পাইকপাড়া	1
পস	1
পশুদের	1
পল্টনে	1
পলিমাটির	1
পলিটিক্সটা	1
পলকে	1
পর্যায়েও	1
পর্যটকরাও	1
পর্বতকে	1
পরীমণিকে	1
পরীক্ষাগার	1
পরীক্ষাকেন্দ্র	1
পরিস্থিতিরও	1
পরিশোধিত	1
পরিশেষে	1
পরিমাপযোগ্য	1
পরিমাণভিত্তিক	1
পরিমণ্ডলের	1
পরিবেশবিজ্ঞানী	1
পরিবেশনার	1
পরিবাহিত	1
পরিবারেরমুন্সি	1
পরিবারই	1
পরিবর্তনগুলোর	1
পরিণতির	1
পরিচ্ছন্নতাকর্মীদের	1
পরিচ্ছন্নকর্মীরা	1
পরিচিেপ্তার	1
পরিচালনাকারী	1
পরিচর্যায়	1
পরিক্ষার্থীদের	1
পরিকল্পনাবিদদের	1
পরিকল্পনাবিদ	1
পরিকল্পনাটি	1
পরাশক্তিতে	1
পরামর্শগুলো	1
পরামর	1
পরাবেন	1
পরাবে	1
পরাধ	1
পরাকাষ্ঠায়	1
পরাকাষ্ঠা	1
পরম্পরাগতভাবে	1
পরম্পরা	1
পরমাণু	1
পরবর্তীকালের	1
পরবর্তীকালেও	1
পরনিয়মও	1
পরক্ষণেই	1
পয়সা	1
পয়	1
পন্ডের	1
পদোন্নতিপ্রাপ্ত	1
পদার্থের	1
পদচিহ্ন	1
পদক্ষেপও	1
পথচারীর	1
পত্রি	1
পত্	1
পতিত	1
পতি	1
পণ্যভর্তি	1
পণ্ডিতের	1
পড়ুয়া	1
পড়ুন১০৩	1
পড়ুনশহর	1
পড়ুনরূপগঞ্জে	1
পড়ুনমিরপুর	1
পড়ুনমহিলা	1
পড়ুনবিমায়	1
পড়ুনবিমা	1
পড়ুনবন্ধ	1
পড়ুনগাভির	1
পড়ুনআয়কর	1
পড়ুনআদ	1
পড়ুনঅফিসার	1
পড়ুনঅনলাইনে	1
পড়ুনঅনলাইন	1
পড়াশোনাও	1
পড়াকেই	1
পড়ব	1
পঠন	1
পটিয়াসহ	1
পটিদোপলিটন	1
পঞ্চায়েত	1
পঞ্চস্তম্ভের	1
পঞ্চমবার	1
পঞ্চবার্ষিক	1
পছন্দমতে	1
ন্যাল্যান্ডের	1
ন্যার	1
ন্যায়সঙ্গত	1
ন্যাচারাল	1
ন্দ্রে	1
ন্দী	1
ন্ত্রীর	1
ন্তব্যে	1
ন্টে	1
নৌযানের	1
নৌপদ্রিকায়	1
নৌপথের	1
নৌকাও	1
নৌকাই	1
নোহার	1
নোলানের	1
নোটবুকের	1
নৈশভোজেও	1
নৈরাজ্য	1
নৈপুণ্যের	1
নৈপুণ্যেই	1
নেশন্স	1
নেশনে	1
নেশনসের	1
নেয়ার	1
নেভিল	1
নেফ্রোলজিস্ট	1
নেপালে	1
নেত্রকোণায়	1
নেতৃ	1
নেতারাও	1
নেকলেসের	1
নেকপিসও	1
নে	1
নূরউল	1
নূপুর	1
নুরনবী	1
নুরকে	1
নীলদের	1
নীতিই	1
নিিভাগের	1
নিহাল	1
নিষ্প্রাণ	1
নিষ্ঠার	1
নিষ্কলঙ্ক	1
নিষেধাজ্ঞাকে	1
নিশ্চিতকরণ	1
নিশানাটি	1
নিলোফার	1
নির্লজ্জভাবে	1
নির্বিশেষে	1
নির্ণীত	1
নির্	1
নিরাপত্তারও	1
নিরাপত্তাক্ষেত্রে	1
নিয়োগপ্রাপ্ত	1
নিয়োগদাতার	1
নিয়োগদাতা	1
নিয়োগকারী	1
নিয়ামতের	1
নিয়মই	1
নিম্নাঞ্চ	1
নিভিয়ে	1
নিভছে	1
নিবন্ধনপ্রাপ্ত	1
নিধনযজ্ঞ	1
নিদর্ঋধে	1
নিত্যসঙ্গী	1
নিটিং	1
নিজবাসে	1
নিজধর্মে	1
নিক্ষেপের	1
নিকার	1
নিউমুরিং	1
নিউজউইকের	1
নিংড়ে	1
নাৎসি	1
নাহারকে	1
নাসিরুল	1
নার্সরা	1
নারুতো	1
নারীরই	1
নারীই	1
নামেনি	1
নামাজে	1
নামসর্বস্ব	1
নামছেন	1
নামকরণ	1
নাব্য	1
নাবিলা	1
নাফিজ	1
নান্দালা	1
নানাদিক	1
নাড়ীতে	1
নাড়লেই	1
নাড়ছে	1
নাটকটির	1
নাটকটিতে	1
নাজিরা	1
নাজাফ	1
নাগালের	1
নাগার্জুনাকে	1
নাগার্জুনা	1
নাগাদ	1
নাগরপুর	1
নাকে	1
নাইলন	1
নাইটিঙ্গেল	1
নাইক্ষ্যংছড়ি	1
নলছিটিতে	1
নলচিরা	1
নর্দার্ন	1
নর্দমায়	1
নরওয়েজীয়রা	1
নয়াপল্টনে	1
নম্ব	1
নমুনায়	1
নম	1
নভেম্বরে	1
নবীন	1
নবনিযুক্ত	1
নবখনন	1
নন্দীগ্রামে	1
নদীসংলগ্ন	1
নদীয়া	1
নদীভাঙনে	1
নদীতীর	1
নথিপ	1
নথ	1
নতনু	1
নড়াচড়ার	1
নড়াইলে	1
নজরুলরা	1
নজরদারির	1
নগরে	1
নগরীজুড়ে	1
নগরজুড়ে	1
নকে	1
নঊ	1
ধ্রুপদী	1
ধ্বসের	1
ধ্বনিটা	1
ধ্বংসলীলার	1
ধৌতকরণ	1
ধোলাইপাড়	1
ধোলাইখালসহ	1
ধূপ	1
ধুলার	1
ধুলাবালির	1
ধুতে	1
ধার্মিক	1
ধারের	1
ধারণের	1
ধানমন্ত্রী	1
ধাঁধানো	1
ধলাই	1
ধর্মাবলম্বীদের	1
ধর্মসভা	1
ধর্মবিষয়ক	1
ধর্মবিরোধী	1
ধর্মবিমুখ	1
ধর্মপ্রাণ	1
ধর্মপুরীতে	1
ধর্মপালন	1
ধর্মনিষ্ঠার	1
ধর্মগ্রন্থে	1
ধর্	1
ধরেছি	1
ধরবো	1
ধরনও	1
দ্রুততর	1
দ্রব্যমূল্য	1
দ্বীপরাষ্ট্রে	1
দ্বীপকে	1
দ্বীনি	1
দ্বিতীয়ার্ধের	1
দ্বন্দ্বে	1
দ্ধ	1
দৌহিত্র	1
দৌলতদিয়া	1
দৌড়ের	1
দোর্দণ্ড	1
দোগাছি	1
দোকানিকে	1
দোকানপাটেও	1
দোকানদারের	1
দোকানকর্মী	1
দেশেরও	1
দেশেরই	1
দেশসমূহে	1
দেশভাগের	1
দেশবাসী	1
দেশপ্রেমিককে	1
দেশটা	1
দেলোয়ারের	1
দেরির	1
দেম্বেলে	1
দেবো	1
দেচাকরির	1
দেগে	1
দেখালেন	1
দেখালেও	1
দেখতেই	1
দেখছিলাম	1
দেওনার	1
দূর্ভোগচরম	1
দূরদৃষ্টি	1
দূরত্বের	1
দূরতম	1
দুস্থদের	1
দুর্যোগমন্ত্রী	1
দুর্যোগকে	1
দুর্ঘশিক্ষার্থী	1
দুর্গাপুরে	1
দুর্গাপুর	1
দুর্গমতা	1
দুর্গন্ধযুক্ত	1
দুরূহ	1
দুর	1
দুমড়ে	1
দুধকুমারের	1
দুইয়ে	1
দুইজনের	1
দুঃখজনকভাবে	1
দীর্ঘজীবনের	1
দিশা	1
দিনমজুরকে	1
দিনটিতে	1
দিনক্ষণ	1
দিনও	1
দিকেও	1
দিকগুলোও	1
দিকই	1
দারুণভাবে	1
দায়িত্ববান	1
দাম্পত্যজীবনে	1
দাবিকেই	1
দাবাশির	1
দানেশ	1
দাড়িতে	1
দাওয়াহ	1
দাঁতমারা	1
দাঁড়িয়েছিলেন	1
দাঁড়িয়েও	1
দাঁড়াচ্ছে	1
দলসমর্থিত	1
দলটাকে	1
দলটাও	1
দলটা	1
দলগুলোও	1
দলগত	1
দর্শনার্থীর	1
দর্শনা	1
দর্শনকে	1
দরির	1
দরিদ্রতা	1
দরবারে	1
দরপত্রযুদ্ধ	1
দফতরও	1
দণ্ডপ্রাপ্ত	1
দখলদারত্বের	1
দক্ষিণাঞ্চলবাসীর	1
দক্ষিণাঞ্চলবাসী	1
দক্ষিণাংশের	1
দক্ষিণসহ	1
থেক	1
থিয়াও	1
থিওয়ার	1
থামান	1
থামবে	1
থাবার	1
থানো	1
থানিকে	1
থাকলো	1
থম	1
তৎসংলগ্ন	1
তৎক্ষণাৎ	1
ত্রুটিখাল	1
ত্রী	1
ত্রিপলও	1
ত্রিকা	1
ত্রয়ী	1
ত্বাবধানে	1
ত্ব	1
তোরবিওর্ন	1
তোমরাই	1
তোম	1
তোফাজ্জল	1
তোপ	1
তোড়া	1
তৈরিরও	1
তেলেঙ্গানার	1
তেলেঙ্গানায়	1
তেলুগু	1
তেলচালিত	1
তেমুরি	1
তেজপাতা	1
তেজগাঁওয়ের	1
তেঁতুলিয়ার	1
তৃসূত্রে	1
তুলতেই	1
তুলছি	1
তিস্তাতীরবর্তী	1
তিব্বত	1
তিবেদন	1
তিবাহিনী	1
তিনবারের	1
তাহিয়ার	1
তাহসীন	1
তাহতা	1
তাশফিয়া	1
তালেবানের	1
তালিক্ঠাবার্ষিকী	1
তালিক	1
তালাত	1
তারপরেও	1
তারগুলো	1
তামহা	1
তামজিদকে	1
তাবিজ	1
তাফহীমুল	1
তাফসীর	1
তাপিয়ার	1
তাপমাত্রায়	1
তাপদাহে	1
তানভীরসহ	1
তানজিউল	1
তাতেও	1
তাড়াহুড়ার	1
তাড়াতাড়ি	1
তাজের	1
তাজমহল	1
তাজ	1
তাকেও	1
তাকসিমের	1
তাকসিম	1
তাকরিম	1
তাকওয়া	1
তাওহীদ	1
তহবিলে	1
তহবিলও	1
তলদেশের	1
তর্কও	1
তরের	1
তরুণী	1
তবেই	1
তফাজ্জল	1
তন্তু	1
তন্তর	1
তদন্তভার	1
তদন্তকালে	1
তথ্যসহ	1
তথ্যসচিব	1
তথ্যমন্ত্রীর	1
তথ্যভান্ডার	1
তত্ত্বাবধা	1
তত্ত্বাবধ	1
তত্	1
ততবারই	1
তণ	1
ণিজ্য	1
ঢেমশা	1
ঢেউটিনের	1
ঢিবিগুলো	1
ঢালে	1
ঢালী	1
ঢালিউডের	1
ঢালছি	1
ঢালগুলি	1
ঢামেকের	1
ঢাকায়ও	1
ঢাকাও	1
ঢাকবার	1
ঢাক	1
ঢলতা	1
ড্রেসিংরুম	1
ড্রিলসে	1
ড্রয়ের	1
ড্যাশবোর্ড	1
ডোমেস্টিক	1
ডোমরা	1
ডোনার	1
ডেস্কটপ	1
ডেশনসহ	1
ডেমোক্র্যাটদের	1
ডেপুটিওনেল	1
ডেন্টিস্ট	1
ডেনমার্ক	1
ডেটার	1
ডেটাবেইসে	1
ডেটাও	1
ডুয়েলেই	1
ডুববে	1
ডুব	1
ডিস্ট্রিবিউট	1
ডিস্ট্রাক্ট	1
ডিসিকে	1
ডিসাপিয়ারিং	1
ডিসপ্যাচার	1
ডিসকাউন্টের	1
ডিসকাউন্ট	1
ডিমেনশিয়া	1
ডিভাইসেই	1
ডিভা	1
ডিফেন্সে	1
ডিফেন্ডাররা	1
ডিপ্লোমাধারীদের	1
ডিপ্রেশন	1
ডিপোজিটের	1
ডিপোজিটে	1
ডিপোজিট	1
ডিপেন্ডেবল	1
ডিপেনডেবল	1
ডিপিই	1
ডিনামাইট	1
ডিটেকশন	1
ডিজেলের	1
ডিজিএম	1
ডিজনি	1
ডিজঅর্ডার	1
ডিঙ্গিয়ে	1
ডিক্রিপ্ট	1
ডিএনসিরি	1
ডালি	1
ডালা	1
ডানায়	1
ডাকনাম	1
ডমিনিক	1
ডটকমে	1
ডক্টর	1
ডকুমেন্টের	1
ডক	1
ঠোঁটের	1
ঠেকাল	1
ঠুকে	1
ঠিকাদারকে	1
ঠাকুরের	1
ট্রেবেদন	1
ট্রেনগুলো	1
ট্রেঞ্চগুলোতে	1
ট্রেইরর	1
ট্রুসিয়াল	1
ট্রুডোর	1
ট্রুডো	1
ট্রিপে	1
ট্রাস্টের	1
ট্রাস	1
ট্রান্সপারেন্সির	1
ট্রাক্টরের	1
ট্রাইসাইকেলগুলো	1
ট্রাইবুনালের	1
ট্রাইবাল	1
ট্রলারডুবির	1
ট্রফি	1
ট্রকে	1
ট্যালেনপুলে	1
টেলেফের	1
টেলিফোনের	1
টেলিগ্রামে	1
টেলিগ্রাফ	1
টেমপ্লেট	1
টেপিরবাড়ী	1
টেন্ডারে	1
টেনেছিলেন	1
টেক্সটাইলস	1
টেক্কা	1
টেকনোলজিতে	1
টুর্নামেন্টসহ	1
টুপিজা	1
টুপি	1
টুডেকেএএ	1
টুকুটাক	1
টুকু	1
টুকরো	1
টিলাধস	1
টির	1
টিয়ারশেল	1
টিয়ারগ্যাস	1
টিপ	1
টিনএজ	1
টিটিপাড়া	1
টিজগতের	1
টিকিতে	1
টিকারিগরি	1
টিউশন	1
টিউবওয়েলের	1
টিইইউএস	1
টার্ম	1
টার্ফ	1
টায়ার	1
টাটকা	1
টাঙ্গাইলের	1
টাকা৫৪	1
টাকা১৯১	1
টাকাব্যাংকার্স	1
টাকাডিএনসিসির	1
টাকাকড়ি	1
টাওয়ারে	1
টাইফয়েডের	1
টহলের	1
টরন্টোতে	1
টনে	1
টনাপ্রবাহের	1
টগ্রাম	1
টকশোতে	1
ঞানী	1
ঝালর	1
ঝান্ডা	1
ঝরিয়ে	1
ঝড়টি	1
জ্যাকসন	1
জ্বালানিবাজারে	1
জ্বালা	1
জ্বলজ্যান্ত	1
জ্ঞানচিন্তা	1
জোহানেস	1
জোহর	1
জোয়াল	1
জোয়ারে	1
জোয়ারদার	1
জোনসেন	1
জৈন্তাপুরের	1
জৈনা	1
জেলাভিত্তিক	1
জেলাটিকে	1
জেনেভা	1
জেনেটিক	1
জেনেছেন	1
জেনেক্স	1
জেদ্দা	1
জেক	1
জেএসএস	1
জেএ	1
জেইউ	1
জুয়াঅনলাইন	1
জুবাইরুল	1
জুটিরা	1
জুকৌশল	1
জীবী	1
জীবনাভিজ্ঞতায়	1
জীবনরক্ষাকারী	1
জীবনযুদ্ধে	1
জীবনবিমায়	1
জীবননগরে	1
জীবনকেই	1
জীবদ্দশাতেই	1
জিল	1
জিয়াদুল	1
জিয়াকে	1
জিনপেংয়ের	1
জিতছে	1
জিএসপি	1
জিএসএ	1
জিইয়ে	1
জিআই	1
জাহাজীকরণ	1
জাহাজভরা	1
জাহাজটি	1
জাহাজগুলোর	1
জাস্টিন	1
জালিস্কো	1
জালিয়াতিমূলক	1
জালনোট	1
জার্সিধারী	1
জার্সিতে	1
জার্সিটা	1
জার	1
জায়ান্টটি	1
জায়ান্ট	1
জামিয়ার	1
জামিয়া	1
জামিনে	1
জামাতের	1
জামাতে	1
জাভাদ	1
জাবেদ	1
জাফার	1
জাপা	1
জান্নাতে	1
জান্নাতু	1
জান্নাতকে	1
জানেনি	1
জানুতার	1
জানুতা	1
জানিও	1
জানাননি	1
জানাটাই	1
জানলাম	1
জাত	1
জাজিরাকে	1
জাগতিয়াল	1
জাগঅষ্টম	1
জাকাত	1
জাককানইবি	1
জহুর	1
জশিতা	1
জলাবদ্ধতাই	1
জলাধারের	1
জলাজট	1
জলরাশিতে	1
জলপথের	1
জলজটে	1
জলছল	1
জয়রথ	1
জয়পুরহাটে	1
জয়নাল	1
জয়গান	1
জয়ই	1
জমিই	1
জমালেন	1
জমকালো	1
জব্দের	1
জন্মান	1
জন্মভূমিও	1
জন্মনিয়ন্ত্রণসামগ্রী	1
জন্মনিবন্ধন	1
জন্মগতভাবেই	1
জনিত	1
জনসমাগমের	1
জনসমর্থন	1
জনসচেতনতামূলক	1
জনশক্তির	1
জনবলের	1
জনপথ	1
জনগুরুত্বপূর্ণ	1
জনগনের	1
জনগণই	1
জধানী	1
জড়িয়েছেন	1
জড়ালে	1
ছোটপর্দায়	1
ছোঁড়া	1
ছেপেছিলাম	1
ছুড়েছে	1
ছুটছেন	1
ছিলো	1
ছিলে	1
ছাব্বিশের	1
ছানাদের	1
ছাত্রসমাজ	1
ছাত্ররাজনীতি	1
ছাত্রকে	1
ছাড়েন	1
ছাড়বে	1
ছাগলনাইয়ায়	1
ছাঁটাইয়ে	1
ছবিগুলোও	1
ছব	1
ছদাহা	1
ছড়ালেন	1
ছক্কা	1
চ্যাম্পিয়নের	1
চ্যাটবট	1
চ্জ	1
চোরাকারবারিদের	1
চোরাকারবারিকে	1
চোখধাঁধানো	1
চোখগুলো	1
চেহারার	1
চেহারায়	1
চেলসি	1
চেয়ারে	1
চেয়ারম্যানসহ	1
চেয়ারম্যা	1
চেতনায়	1
চেকআপ	1
চেইনটাই	1
চুলাও	1
চুম্বন	1
চুমু	1
চুমাচুমি	1
চুক্তিবদ্ধ	1
চী	1
চিহ্নিতকরণ	1
চিরপ্রতিদ্বন্দ্বীর	1
চিরদিন	1
চিরত	1
চিরকৃতজ্ঞতা	1
চিরকুট	1
চিমনি	1
চিপে	1
চিপস	1
চিন্তকের	1
চিত্রনাট্য	1
চিত্তে	1
চিত্তদুয়ারে	1
চিকিৎসাসহ	1
চিকিৎসাবিষয়ক	1
চিক	1
চাহিদামতো	1
চালের	1
চালিয়েছিল	1
চার্লস	1
চার্জের	1
চার্জগঠনের	1
চার্জও	1
চারুকলা	1
চারারোপণ	1
চারাগাছের	1
চারদিকের	1
চারণভূমি	1
চারটা	1
চারঘাট	1
চারই	1
চাম্বল	1
চামড়াশিল্প	1
চাপালে	1
চাপায়	1
চাতুর্যপূর্ণ	1
চাঞ্চল্যের	1
চাচার	1
চাক্তাই	1
চাকুরেদের	1
চাইছি	1
চাঁপা	1
চাঁদাবাজিকে	1
চাঁদকে	1
চলচ্চিত্রসংশ্লিষ্টদের	1
চলচ্চিত্রটিতে	1
চলচ্চ	1
চর্যাপদে	1
চরাঞ্চলে	1
চরতী	1
চন্দ্রগুপ্তের	1
চতুর	1
চট্টগ্রামেই	1
চট্টগ্	1
চট্টগামের	1
চট্	1
চক্রবর্তীর	1
চক্রটির	1
চওড়া	1
ঙ্কা	1
ঘ্রাণ	1
ঘোষণাই	1
ঘৃণ্য	1
ঘিরেই	1
ঘিরদ	1
ঘাড়ে	1
ঘাটতিগুলো	1
ঘষে	1
ঘরমুখি	1
ঘন্টায়	1
ঘনত্ব	1
ঘটার	1
ঘটন	1
গ্ল্যামার	1
গ্ল্যাম	1
গ্রেফতারকে	1
গ্রামোন্নয়নমন্ত্রী	1
গ্রামটিই	1
গ্রাফের	1
গ্রাফ	1
গ্রাউন্ড	1
গ্রা	1
গ্রহণসহ	1
গ্রহণযোগ্যতার	1
গ্রন্থাগারের	1
গ্রন্থাগারে	1
গ্রন্থাগার	1
গ্রন্থগুলো	1
গ্র	1
গ্যাসলাইনে	1
গ্যাসক্ষেত্রসহ	1
গ্যালারিজুড়ে	1
গ্যারেট	1
গ্যারান্টেড	1
গোহাইলকান্দি	1
গোসলে	1
গোল্লাছুট	1
গোল্ডকাপ	1
গোলাপবাগে	1
গোলাগুলিতে	1
গোলাগুলি	1
গোলচক্কর	1
গোলকে	1
গোরাচাঁদের	1
গোপীনাথের	1
গোপালগঞ্জের	1
গোপনীয়তাকে	1
গোপনী	1
গোড়ালিতে	1
গোখাদ্যের	1
গোখাদ্য	1
গোখরা	1
গেহির	1
গৃহায়ন	1
গৃহবধূকে	1
গৃহকর্মীর	1
গুলিস্তান	1
গুলির	1
গুলিবর্ষণের	1
গুরুত্বসম্পন্ন	1
গুরতর	1
গুন্ডাদের	1
গুন্ডা	1
গুনাহের	1
গুদামজাতকরণ	1
গুদামজাত	1
গুণীর	1
গুটিয়ে	1
গুজবনির্ভর	1
গুজবকে	1
গুজবও	1
গুংগুরু	1
গীত	1
গিয়েছেন	1
গিনিতে	1
গিদন	1
গাস্তোন	1
গালিবাফ	1
গালিচায়	1
গাজীপুরবাসীর	1
গাছপালা	1
গাছগুলোও	1
গাছকেও	1
গাছকে	1
গাছও	1
গাইবান্ধাসহ	1
গাইডেড	1
গাংনীতে	1
গলিয়ে	1
গলাকাটা	1
গর্ডন	1
গরীবদ	1
গরীব	1
গভীার	1
গভর্নিং	1
গবেষণাভিত্তিক	1
গবেষণাপত্রের	1
গবি	1
গন্ধের	1
গন্ধও	1
গনজালেসের	1
গতবারের	1
গণ্ডি	1
গণসমাবেশের	1
গণমিছিল	1
গণমাধ্যমকেও	1
গণবিরোধী	1
গণপূর্ত	1
গণপরিবহনের	1
গণঅসুস্থতা	1
গড়াচ্ছে	1
গড়া	1
গঠনেরও	1
গঞ্জালেসকে	1
গজদন্তমিরারবাসী	1
গকসুর	1
গকসু	1
খ্রিষ্টাব্দ	1
খ্রিষ্টপূর	1
খ্যায়া	1
খোয়ালো	1
খোমেনি	1
খোঁপায়	1
খোঁজার	1
খোঁজাখুঁজির	1
খোঁজাখুঁজি	1
খেলাঘর	1
খেলস্থা	1
খেললেই	1
খেলনাসহ	1
খেয়েই	1
খেতাবে	1
খেতাবপ্রাপ্তদ	1
খেজুর	1
খুশির	1
খুলতেই	1
খুনিদের	1
খুদে	1
খুজে	1
খুচরো	1
খুঁজছিল	1
খিলক্ষেত	1
খিচ্চা	1
খাবারেই	1
খাবারসহ	1
খাবারপদ্ধতির	1
খান্নার	1
খানেক	1
খাদ্যেও	1
খাদ্যাভ্যাস	1
খাদ্যব্যবস্থার	1
খাদ্যপণ্যসহ	1
খাদ্যদূষণের	1
খাদ্যকে	1
খাদেম	1
খাতেও	1
খাতুনগঞ্জ	1
খাতসংশ্লিষ্টদের	1
খাগরিয়া	1
খাওয়াবেন	1
খাওয়াচ্ছেন	1
খাঁন	1
খাঁটিত্ব	1
খরা	1
খব	1
খতে	1
খণ্ডিতাংশ	1
খড়কুটোর	1
খড়কুটো	1
ক্ষেত	1
ক্ষুধার্ত	1
ক্ষুধামুক্ত	1
ক্ষিপ্ত	1
ক্ষাৎকার	1
ক্ষমতাকে	1
ক্ষতিপূরণসংক্রান্ত	1
ক্ষতিগ্রস্তরা	1
ক্লোজড	1
ক্লেয়ার	1
ক্লিপ	1
ক্লাসিক	1
ক্লাসরুমে	1
ক্লাউডে	1
ক্রোমিয়াম	1
ক্রেতার	1
ক্রুরা	1
ক্রিস্টোফার	1
ক্রিয়েটর	1
ক্রয়সহ	1
ক্যাুরুত্বপূর্ণ	1
ক্যারিয়ারগুলোর	1
ক্যারামসহ	1
ক্যার	1
ক্যামেরন	1
ক্যাপস	1
ক্যাপশনের	1
ক্যান্টনমেন্টের	1
ক্যানসারজনিত	1
ক্যানবেরা	1
ক্যাচপিট	1
ক্যাচ	1
ক্ত	1
কৌশলগতভাবে	1
কৌশলও	1
কৌতুহল	1
কৌতুকাভিনয়ের	1
কোস্টার	1
কোষকলার	1
কোলাবোরেশন	1
কোর্সপদের	1
কোর্সটি	1
কোরিওগ্রাফিটি	1
কোরিওগ্রাফি	1
কোরান	1
কোরবানীগঞ্জ	1
কোরবানির	1
কোয়াটকারো	1
কোয়া	1
কোম্পানিঅসম	1
কোমা	1
কোম	1
কোপে	1
কোনোদিনইচর	1
কোডেক্স	1
কোডিং	1
কোডারদের	1
কোডার	1
কোকো	1
কেসিসির	1
কেলেঙ্কারিকে	1
কেরোসিনসহ	1
কেরোসিন	1
কেরালা	1
কেরানীগঞ্জকে	1
কেরমেতি	1
কেব্লের	1
কেবে	1
কেবিন	1
কেন্দ্রগুলোতে	1
কেনেন	1
কেনজ্জো	1
কেডিএ	1
কেএনএফ	1
কেঁদেছেন	1
কেঁওচিয়া	1
কৃষিব্যবস্থা	1
কৃষিতেও	1
কৃষিকে	1
কৃষিও	1
কৃষিই	1
কৃষকরাও	1
কৃপণ	1
কৃতিক	1
কূপমণ্ডূক	1
কুহালং	1
কুসুম	1
কুষ্টিয়ার	1
কুশ	1
কুলিয়ারচর	1
কুর্থি	1
কুরআনে	1
কুয়ালালামপুরে	1
কুয়ালালামপুর	1
কুপন	1
কুতুবরোধ	1
কুড়াতে	1
কুটির	1
কুকুরটি	1
কুকুরছানা	1
কুক	1
কুইন্তেরো	1
কুইক	1
কীর্তিগাঁথা	1
কিসের	1
কিশোরবয়সী	1
কিশো	1
কিলোমিটারে	1
কিরেন	1
কিরামের	1
কিয়ামতের	1
কিত	1
কিছ	1
কিচ্ছু	1
কিউবিক	1
কিউবানদের	1
কিউবান	1
কিউবাতেই	1
কিউআরটি	1
কাৎজ	1
কাশ্যপ	1
কাশিয়ানীতে	1
কালিয়াকুড়ি	1
কালিয়া	1
কালনির্ণয়	1
কার্যনির্বাহী	1
কার্যদিবসের	1
কার্যক্রমভিত্তিক	1
কার্যক্	1
কার্বাইড	1
কার্পণ্য	1
কার্ডে	1
কার্ডধারীরা	1
কার্টন	1
কার্গোর	1
কারি	1
কারামপূজায়	1
কারসাজির	1
কারণেও	1
কারণই	1
কারখানাকে	1
কারওয়ানবাজার	1
কামেশ্বরের	1
কামিং	1
কাভার্ডভ্যান	1
কাভার্ড	1
কাবায়েরো	1
কাবাঘরকে	1
কানুপার	1
কানুনের	1
কাদীর	1
কাদামাটির	1
কাদাপা	1
কাতারভিত্ত	1
কাতলা	1
কাড়ে	1
কাঠমান্ডুতে	1
কাঠঠোকরার	1
কাঠগড়ায়	1
কাটিয়েও	1
কাঞ্চননগরে	1
কাজিমুদ্দিনের	1
কাজিম	1
কাগজবিহীন	1
কাক্সিক্ষত	1
কাওয়ার	1
কাউনিয়া	1
কাউখালীতে	1
কাঁপিয়ে	1
কসমেটিকস	1
কসবায়	1
কল্যাণকর	1
কলোনির	1
কলেজটির	1
কলেজগুলো	1
কলারোয়ায়	1
কলামিস্ট	1
কললিস্টের	1
কলকারখানা	1
কলকাতার	1
কর১ট	1
কর্মহীন	1
কর্মসংস্থা	1
কর্মস	1
কর্মশালাগুলো	1
কর্মটাই	1
কর্মক্ষেত্রের	1
কর্মক্ষমতা	1
কর্মক্ষম	1
কর্মকাণ্ডও	1
কর্মকর্তাদেরও	1
কর্মক	1
কর্নারে	1
কর্তৃপক্ষই	1
কর্তাব্যক্তিরা	1
কর্তব্যে	1
কর্ণাটকের	1
কর্ণাটক	1
করোনাভাইরা	1
করোনাভাইর	1
করোনাকালে	1
করেসপনডেন্টস	1
করিমের	1
করিমকে	1
করসংক্রান্ত	1
করবেই	1
করপোর	1
করদাতাসহ	1
কয়টি	1
কমিউন	1
কমালেও	1
কমাবেন	1
কমাবে	1
কমানোটা	1
কমা	1
কমলার	1
কমলাপুরের	1
কমলা	1
কমলনগরের	1
কমলগঞ্জে	1
কমব্যাট	1
কমপ্লায়েন্স	1
কমতির	1
কবুল	1
কবল	1
কবরটা	1
কপালে	1
কন্যাসন্তানকে	1
কন্যাদের	1
কন্টেন্ট	1
কন্টিবিউটর	1
কন্টিনিউয়াস	1
কনসালটেন্ট	1
কনট্রাস্ট	1
কনটেইনারের	1
কনজ্যুমার	1
কনকচূড়াসহ	1
কনকচূড়া	1
কদমরসূল	1
কদম	1
কথোপকথনের	1
কথিত	1
কথাসাহিত্যিক	1
কথামতো	1
কতোটা	1
কতদিন	1
কণ্ঠস্বরটি	1
কণ্ঠস্বরকে	1
কট্টরপন্থি	1
কইতাম	1
কআরও	1
কংক্রিটে	1
কংক্রিট	1
ঔদ্ধত্যপূর্ণ	1
ওসহ	1
ওরিয়ান	1
ওরাও	1
ওয়ের	1
ওয়ার্কশপ	1
ওয়ারিশ	1
ওয়াফিয়া	1
ওয়াফি	1
ওয়ান্ডারফুল	1
ওয়ানডেতে	1
ওয়াকর	1
ওয়াইএসআর	1
ওভারসাইট	1
ওপেনহাইমারের	1
ওপেনএআইয়ে	1
ওডেগার্ড	1
ওডিটি	1
ওটামেন্ডি	1
ওকালতির	1
ওকালতি	1
ওইটাই	1
ওইখানে	1
ঐশীকে	1
ঐশি	1
ঐতিহ	1
ঐচ্ছিক	1
ঐক্যবদ্ধ	1
ঐকমত্যে	1
এস্ট্রেলা	1
এসোসিয়েশন	1
এসেও	1
এসেই	1
এসসি	1
এসপিএ	1
এসএমএস	1
এশিয়াজুড়ে	1
এলোমেলো	1
এলোপাতাড়িভাবে	1
এলার্ট	1
এলাকিজগতের	1
এলাকাকে	1
এয়ারলাইন্সগুলোর	1
এয়ারলাইনসের	1
এয়ারলাইনটি	1
এমিলিয়ানো	1
এমারাল্ড	1
এমসিকিউ	1
এমবোলো	1
এমবাপের	1
এমবলোর	1
এমপিও	1
এমটিপ্রোটো	1
এমটিডিএস	1
এবিজি	1
এবারেচি	1
এফসি	1
এফডিসিতে	1
এফএসএফ	1
এফএমসিজি	1
এফএটি	1
এনার্জিতে	1
এনার্জি	1
এনামউল্ল্যা	1
এনসিটিতে	1
এনসিটি	1
এনডিবি	1
এনডিটিভিকেএএ	1
এনআইডির	1
এদেশে	1
এদলা	1
এতিমখানার	1
এড্রিক	1
এডিসি	1
এটিএস	1
এজেন্টে	1
এজে	1
এখতিয়ার	1
এক্সেনটেক	1
এক্সবক্সের	1
এক্সট্রাডিশন	1
এক্সচেঞ্জের	1
একাদশের	1
একাত	1
একাডেমিগুলোতে	1
একরের	1
একবারও	1
একদিনেই	1
একতলা	1
একতরফা	1
একটিই	1
একজনই	1
একইসাথে	1
এওচিয়া	1
এএমসি	1
এএজে	1
ঋদ্ধ	1
ঋণী	1
ঋণদানের	1
ঋণদান	1
ঋণগ্রহীতাদের	1
ঋণগ্রহীতা	1
উৎপাদনহীন	1
উৎপাদনশীল	1
উৎপাদনও	1
উৎখাত	1
উৎক্ষেপণের	1
উৎ	1
উস্কানিমূলক	1
উসুল	1
উল্লাপাড়ায়	1
উল্টাতেই	1
উলূম	1
উর্দুকে	1
উম্মাহর	1
উভয়কে	1
উপেক্ষিত	1
উপাধিতে	1
উপাদানটি	1
উপাদানগুলো	1
উপাদানকল্প	1
উপাচার্যের	1
উপাখ্যান	1
উপসচিব	1
উপলক্ষ্যে	1
উপমহাদেশ	1
উপনিবে	1
উপদাখালী	1
উপজেলায়ও	1
উপকূলীরামের	1
উপকরণসামগ্রীর	1
উপকন্ঠ	1
উন্নয়নেও	1
উন্ট	1
উনাই	1
উদ্যোগও	1
উদ্যোক্তার	1
উদ্যেগে	1
উদ্ধারকাজের	1
উদ্ধারকাজে	1
উদ্ধারকাজ	1
উদ্ধর	1
উদ্দেশ্যপূর্ণ	1
উদ্দিনসহ	1
উদাল	1
উদযাপনেই	1
উদযাপনকে	1
উদঘাটিত	1
উদ	1
উথলী	1
উত্যক্ত	1
উত্তরাঞ্চল	1
উত্তরসূরির	1
উড়োজাহাজগুলো	1
উড়েছে	1
উড়তে	1
উঠায়	1
উজানের	1
উচ্ছ্বাসকে	1
উচ্চাকাঙ্ক্ষা	1
উচ্চশিক্ষাকে	1
উচ্চশি	1
উচ্চতাও	1
উচ্চক্ষমতার	1
উচ্চকণ্ঠ	1
উখিয়ার	1
উক্তি	1
উইক	1
ঈশ্বরগঞ্জ	1
ইহুদিদের	1
ইহুদি	1
ইস্যুভিত্তিক	1
ইস্পাত	1
ইস্তিসনা	1
ইসিডিসি	1
ইসিআরসি	1
ইসলামকেও	1
ইসরায়েলেও	1
ইসরায়েলে	1
ইসরায়েলভিত্তিক	1
ইসরায়েলপন্থি	1
ইসমকাল	1
ইস	1
ইলেক্ট্রনিক	1
ইলেকট্রোলাইট	1
ইলেকট্রনিক্স	1
ইরনার	1
ইর	1
ইয়াহু	1
ইয়াসির	1
ইমেরিটাস	1
ইভেন্টে	1
ইবা	1
ইপিবি	1
ইপিএল	1
ইপসোস	1
ইন্সটাগ্রাম	1
ইন্তি	1
ইন্টারেস্ট	1
ইন্টারভিউতেও	1
ইন্টারভিউ	1
ইন্টারন্যাশনালও	1
ইন্টারকন্টিনেন্টালে	1
ইন্টারকন্টিনেন্টাল	1
ইনামুল	1
ইনস্যুরেন্সের	1
ইনস্টিটিউশনাল	1
ইনস্টিটিউটগুলোর	1
ইনস্টাগ্রামের	1
ইনসিডেন্টস	1
ইনসান্	1
ইনসাইডার	1
ইনবাবগঞ্জ	1
ইনফোসিস	1
ইনডোর	1
ইনচারাদের	1
ইনকিলাবের	1
ইত্তেফাকের	1
ইতোমধ্যেই	1
ইতিহাসেই	1
ইতিবৃত্ত	1
ইটস	1
ইটপাটকেলের	1
ইটপাটকেল	1
ইঞ্চিনারীর	1
ইজিবাইকচালকসহ	1
ইজারার	1
ইচ্ছায়	1
ইচ্ছাকে	1
ইচএসসি	1
ইঙ্গিতপূর্ণ	1
ইকোসিস্টেমের	1
ইকুয়েটোরিয়াল	1
ইউলিয়াকে	1
ইউরোপজুড়ে	1
ইউয়ানের	1
ইউপির	1
ইউপিডিএফের	1
ইউপিডিএফ	1
ইউনিয়নকে	1
ইউনিভার্সাল	1
ইউনিক্যাপ	1
ইউনিকোডে	1
ইউএসপি	1
ইউএনবি	1
ইউএনডিপি	1
ইইই	1
ইংরেজিভাষী	1
আহ্বায়কের	1
আহ্ব	1
আহার	1
আহাজারি	1
আহরণে	1
আহমে	1
আহমাস	1
আহমাদের	1
আস্থায়ও	1
আসুক	1
আসাম	1
আসাদগঞ্জ	1
আসাই	1
আসরসহ	1
আসরটাও	1
আশ্বাসের	1
আশ্চর্যজনকই	1
আশেপাশের	1
আশুলিয়াসহ	1
আশুতোষ	1
আশুগঞ্জে	1
আশানুরূপ	1
আশরাফি	1
আশফাকুর	1
আশফাকুজ্জামান	1
আশপাশ	1
আল্ট্রার	1
আলোচনাও	1
আলেক্সিস	1
আলেকজান্ডার	1
আলীগড়	1
আলিস্তার	1
আলাপে	1
আলাউদ্দীন	1
আলহামদুলিল্লাহ	1
আলমসাধুর	1
আলমগীরের	1
আলবেসিয়েস্তাদের	1
আলবিরুনী	1
আলপনা	1
আলতাফুন্নেসা	1
আলগা	1
আলকুইঙ্গা	1
আর্সেনিক	1
আর্থিকভাবে	1
আর্টিকেল	1
আর্কা	1
আরোহীর	1
আরোগ্য	1
আরাবিয়া	1
আরওনায়িকা	1
আযিযুল	1
আযাদ	1
আয়োজকরা	1
আয়তনের	1
আয়তনই	1
আমৃত্যু	1
আমিলাইষ	1
আমিনকে	1
আমাদোরার	1
আমা	1
আমলের	1
আমলেই	1
আমবাজারে	1
আমদানী	1
আমদানিসংক্রান্ত	1
আমদানিনির্ভরতা	1
আমজাদের	1
আমজনতার	1
আবেদন৬১	1
আবেদন১০৮	1
আবেদনমুদ্রণ	1
আবেদনকে	1
আবেদনকারীর	1
আবেগিক	1
আবুধাবি	1
আবি	1
আবাসে	1
আবাদযোগ্য	1
আবহই	1
আবর্তিত	1
আবরারের	1
আফনানের	1
আপেক্ষিক	1
আপিলগুলোর	1
আপসহীন	1
আপডে	1
আন্দ্রেসের	1
আন্দ	1
আন্তর্জাতিকীকরণ	1
আন্তর্জতি	1
আন্তর্	1
আন্তঃবিদ্যালয়	1
আনু	1
আনিসুজ্জামান	1
আনিকা	1
আনসান	1
আনপ্যাকড	1
আনন	1
আনকোড়া	1
আধাবেলা	1
আদিমকাল	1
আদায়সহ	1
আদা	1
আদব	1
আত্মীয়ের	1
আত্মবিশ্বাসের	1
আত্মপরিচিতি	1
আত্মত্যাগে	1
আত্মত্যাগই	1
আড়াইশ	1
আড়তদাররা	1
আটে	1
আটজনের	1
আজন্ম	1
আজক	1
আজওয়াজ	1
আছেই	1
আচু	1
আচরিত	1
আচকান	1
আঙ্গিকে	1
আগ্রহীদের	1
আগ্নেয়গিরির	1
আগমনের	1
আখ্যা	1
আখাউড়াকে	1
আখড়ার	1
আখড়ায়	1
আক্রাম	1
আক্রমণভাগ	1
আক্কিনেনির	1
আক্কিনেনি	1
আকুয়া	1
আকন্দের	1
আকদামিল	1
আওয়ার	1
আউলিয়াদের	1
আউটলেটের	1
আউটলেটটির	1
আউটলুক	1
আইসিইউসহ	1
আইলাইনারে	1
আইয়ে	1
আইপিওতে	1
আইপিও	1
আইপি	1
আইনিভাবেই	1
আইনিভাবে	1
আইনসম্মতভাবে	1
আইনপ্রণেতারা	1
আইনজীবীরাও	1
আইনগতভাবেও	1
আইডিইএ	1
আইডিআরএআইন	1
আইডব্লিউএমের	1
আইটিসি	1
আইজ্যাক	1
আইকনিক	1
আঁচ	1
আঁকিবুঁকি	1
অ্যাসোসি	1
অ্যাসিস্টটি	1
অ্যালবিনো	1
অ্যালবিনিজম	1
অ্যারোস্পেস	1
অ্যাম্বুলেন্সের	1
অ্যামাজনে	1
অ্যামনেস্টি	1
অ্যাভিনিউয়ের	1
অ্যাপ্লিকান্ট	1
অ্যাপ্রোচ	1
অ্যাপার্টমেন্টস	1
অ্যান্ড্রয়েড	1
অ্যান্ডারসনের	1
অ্যান্ডারসনকে	1
অ্যান্টোয়ান	1
অ্যান্টিবায়োটিকের	1
অ্যানেক্স	1
অ্যানালিসিসের	1
অ্যানথ্রপিকের	1
অ্যাথলেটিক্স	1
অ্যাতলেতিকো	1
অ্যাডভাইজরির	1
অ্যাডভাইজরি	1
অ্যাঞ্জেলেস	1
অ্যাজেন্সি	1
অ্যাকমি	1
অ্যাককসেপটেন্স	1
অ্যাক	1
অ্য	1
অস্বীকারও	1
অস্বস্তির	1
অস্বচ্ছ	1
অস্পষ্ট	1
অস্ত্রোপচারে	1
অস্ত্রসহ	1
অস্ত্রভান্ডারের	1
অস্ত্রভান্ডার	1
অস্তিত্বের	1
অসৌজন্যমূলক	1
অসহায়ত্বের	1
অসচ্ছল	1
অশেষ	1
অলেম্পিক	1
অলিগলির	1
অলসোর্স	1
অলংকারের	1
অর্ধেকেরও	1
অর্ধশতাব্দীতে	1
অর্ধবেলা	1
অর্ধ	1
অর্থেই	1
অর্থবছরেও	1
অর্থব	1
অর্থন০	1
অর্থনীতিতেও	1
অর্থনীতায়	1
অর্ডারও	1
অর্জুনডারা	1
অর্জনগুলোর	1
অর্জনই	1
অযত্নে	1
অযত্ন	1
অমলিন	1
অভ্র	1
অভিযোজনের	1
অভিযুক্তদের	1
অভিমুখী	1
অভিমানভরা	1
অভিবাসনের	1
অভিনেত্রীও	1
অভিজ্ঞদেরও	1
অভি	1
অভয়নগরের	1
অবোলা	1
অবোধ	1
অবিসংবাদিত	1
অবিন্যস্ত	1
অবিচল	1
অবারিত	1
অবহেলিত	1
অবর্জনা	1
অবধারিত	1
অবদানকে	1
অবক্ষয়ের	1
অবকাশকেন্দ্রে	1
অফুরন্ত	1
অফিসকর্মী	1
অফারের	1
অপ্রাপ্তি	1
অপ্রতিদ্বন্ধী	1
অপুষ্টি	1
অপশনে	1
অপরাধীরা	1
অপরাধীকারণ	1
অপরাধমূলক	1
অপরাজিত	1
অপরজন	1
অপব্যাখ্যাও	1
অপতৎপরতা	1
অপতথ্যের	1
অপটিক	1
অপচেষ্টা	1
অপচয়মূলক	1
অন্যা	1
অন্যরাও	1
অন্যগুলোর	1
অন্ধ্রপ্রদেশের	1
অন্ধত্বের	1
অন্ধকারের	1
অন্ধকারেই	1
অন্তহীন	1
অন্তর	1
অনৈচ্ছিক	1
অনেকদিন	1
অনুসরণযোগ্য	1
অনুসন্ধানকালে	1
অনুশাসন	1
অনুযায়ীচোখের	1
অনুযায়	1
অনুমোদনবিহীন	1
অনুমান	1
অনুভূতিটিকে	1
অনুধ্যানী	1
অনুতাপে	1
অনুচিত	1
অনুগ্রহে	1
অনিল	1
অনিয়মিত	1
অনিয়ন্ত্রিতভাবে	1
অনলা	1
অনবদ্য	1
অনন্যসাধারণ	1
অধ্যুষিত	1
অধ্যাপনা	1
অধুনা	1
অধিভুক্ত	1
অধিদফতরে	1
অধিদফতরকে	1
অধিদফতরও	1
অধিগ্রহণে	1
অধিকারীর	1
অধিকাংশকেই	1
অত্যাধুনিক	1
অতিরিঘাতে	1
অতিরঞ্জিত	1
অতিমাত্রায়	1
অতলে	1
অণুবীক্ষণ	1
অটোয়া	1
অটোমোবাই	1
অটোচালকের	1
অটোচালক	1
অঞ্চলেই	1
অচিত	1
অঙ্গরাজ্য	1
অঙ্গনেও	1
অঙ্কুরোদ্গমের	1
অঙ্কুরোদ্গম	1
অগ্রাধিকারমূলক	1
অগ্রপথিকের	1
অগ্ন্যাশয়েও	1
অগ্ন্যাশয়ে	1
অগ্ন্যাশয়	1
অগ্নি	1
অক্সালেটে	1
অক্সালেটজনিত	1
অক্সালেট	1
অক্টোবরের	1
ংবাদ	1
